date,Afghanistan,Albania,Algeria,American Samoa,Andorra,Angola,Anguilla,Antigua and Barbuda,Argentina,Armenia,Aruba,Australia,Austria,Azerbaijan,Bahamas,Bahrain,Bangladesh,Barbados,Belarus,Belgium,Belize,Benin,Bermuda,Bhutan,Bolivia,Bonaire,Bosnia and Herzegovina,Botswana,Brazil,British Virgin Islands,Brunei,Bulgaria,Burkina Faso,Burundi,Cambodia,Cameroon,Canada,Cape Verde,Cayman Islands,Central African Republic,Chad,Chile,China,Colombia,Comoros,Congo,Cook Islands,Costa Rica,Croatia,Cuba,Curacao,Cyprus,Czechia,Czechoslovakia,DR Congo,Denmark,Djibouti,Dominica,Dominican Republic,East Germany,Ecuador,Egypt,El Salvador,England,Equatorial Guinea,Eritrea,Estonia,Eswatini,Ethiopia,Faroe Islands,Fiji,Finland,France,French Guiana,Gabon,Gambia,Georgia,Germany,Ghana,Gibraltar,Greece,Grenada,Guadeloupe,Guam,Guatemala,Guinea,Guinea-Bissau,Guyana,Haiti,Honduras,Hong Kong,Hungary,Iceland,India,Indonesia,Iran,Iraq,Ireland,Israel,Italy,Ivory Coast,Jamaica,Japan,Jordan,Kazakhstan,Kenya,Kosovo,Kuwait,Kyrgyzstan,Laos,Latvia,Lebanon,Lesotho,Liberia,Libya,Liechtenstein,Lithuania,Luxembourg,Macau,Madagascar,Malawi,Malaysia,Maldives,Mali,Malta,Martinique,Mauritania,Mauritius,Mexico,Moldova,Mongolia,Montenegro,Montserrat,Morocco,Mozambique,Myanmar,Namibia,Nepal,Netherlands,New Caledonia,New Zealand,Nicaragua,Niger,Nigeria,North Korea,North Macedonia,Northern Ireland,Northern Mariana Islands,Norway,Oman,Pakistan,Palestine,Panama,Papua New Guinea,Paraguay,Peru,Philippines,Poland,Portugal,Puerto Rico,Qatar,Romania,Russia,Rwanda,Saarland,Samoa,San Marino,Sao Tome and Principe,Saudi Arabia,Scotland,Senegal,Serbia,Seychelles,Sierra Leone,Singapore,Sint Maarten,Slovakia,Slovenia,Solomon Islands,Somalia,South Africa,South Korea,South Sudan,Spain,Sri Lanka,St Kitts and Nevis,St Lucia,St Vincent and the Grenadines,Sudan,Suriname,Sweden,Switzerland,Syria,Tahiti,Taiwan,Tajikistan,Tanzania,Thailand,Timor-Leste,Togo,Tonga,Trinidad and Tobago,Tunisia,Turkey,Turkmenistan,Turks and Caicos Islands,US Virgin Islands,USA,Uganda,Ukraine,United Arab Emirates,Uruguay,Uzbekistan,Vanuatu,Venezuela,Vietnam,Wales,Yemen,Yugoslavia,Zambia,Zimbabwe
1872-01-01,,,,,,,,,,,,,,,,,,,,,,,,,,,,,,,,,,,,,,,,,,,,,,,,,,,,,,,,,,,,,,,,94.19224636077846,,,,,,,,,,,,,,,,,,,,,,,,,,,,,,,,,,,,,,,,,,,,,,,,,,,,,,,,,,,,,,,,,,,,,,,,,,,,,,,,,,,,,,,,,,,,,,,,,,,,,,,,,,91.63182303591952,,,,,,,,,,,,,,,,,,,,,,,,,,,,,,,,,,,,,,,,,,,,,,,,,,,
1873-01-01,,,,,,,,,,,,,,,,,,,,,,,,,,,,,,,,,,,,,,,,,,,,,,,,,,,,,,,,,,,,,,,,94.69803582200377,,,,,,,,,,,,,,,,,,,,,,,,,,,,,,,,,,,,,,,,,,,,,,,,,,,,,,,,,,,,,,,,,,,,,,,,,,,,,,,,,,,,,,,,,,,,,,,,,,,,,,,,,,90.97630861920415,,,,,,,,,,,,,,,,,,,,,,,,,,,,,,,,,,,,,,,,,,,,,,,,,,,
1874-01-01,,,,,,,,,,,,,,,,,,,,,,,,,,,,,,,,,,,,,,,,,,,,,,,,,,,,,,,,,,,,,,,,94.0948769360319,,,,,,,,,,,,,,,,,,,,,,,,,,,,,,,,,,,,,,,,,,,,,,,,,,,,,,,,,,,,,,,,,,,,,,,,,,,,,,,,,,,,,,,,,,,,,,,,,,,,,,,,,,91.75101239052638,,,,,,,,,,,,,,,,,,,,,,,,,,,,,,,,,,,,,,,,,,,,,,,,,,,
1875-01-01,,,,,,,,,,,,,,,,,,,,,,,,,,,,,,,,,,,,,,,,,,,,,,,,,,,,,,,,,,,,,,,,93.05718803050515,,,,,,,,,,,,,,,,,,,,,,,,,,,,,,,,,,,,,,,,,,,,,,,,,,,,,,,,,,,,,,,,,,,,,,,,,,,,,,,,,,,,,,,,,,,,,,,,,,,,,,,,,,92.90116109315738,,,,,,,,,,,,,,,,,,,,,,,,,,,,,,,,,,,,,,,,,,,,,,,,,,,
1876-01-01,,,,,,,,,,,,,,,,,,,,,,,,,,,,,,,,,,,,,,,,,,,,,,,,,,,,,,,,,,,,,,,,90.22253998538979,,,,,,,,,,,,,,,,,,,,,,,,,,,,,,,,,,,,,,,,,,,,,,,,,,,,,,,,,,,,,,,,,,,,,,,,,,,,,,,,,,,,,,,,,,,,,,,,,,,,,,,,,,95.22336873206687,,,,,,,,,,,,,,,,,,,,,,,,,,,,,,,,,,,,,,,,,,,,,,,85.86938948572865,,,,
1877-01-01,,,,,,,,,,,,,,,,,,,,,,,,,,,,,,,,,,,,,,,,,,,,,,,,,,,,,,,,,,,,,,,,87.78402687073775,,,,,,,,,,,,,,,,,,,,,,,,,,,,,,,,,,,,,,,,,,,,,,,,,,,,,,,,,,,,,,,,,,,,,,,,,,,,,,,,,,,,,,,,,,,,,,,,,,,,,,,,,,96.59375908556743,,,,,,,,,,,,,,,,,,,,,,,,,,,,,,,,,,,,,,,,,,,,,,,83.0375939801802,,,,
1878-01-01,,,,,,,,,,,,,,,,,,,,,,,,,,,,,,,,,,,,,,,,,,,,,,,,,,,,,,,,,,,,,,,,83.68800600026171,,,,,,,,,,,,,,,,,,,,,,,,,,,,,,,,,,,,,,,,,,,,,,,,,,,,,,,,,,,,,,,,,,,,,,,,,,,,,,,,,,,,,,,,,,,,,,,,,,,,,,,,,,98.10842064609912,,,,,,,,,,,,,,,,,,,,,,,,,,,,,,,,,,,,,,,,,,,,,,,71.89703161523258,,,,
1879-01-01,,,,,,,,,,,,,,,,,,,,,,,,,,,,,,,,,,,,,,,,,,,,,,,,,,,,,,,,,,,,,,,,85.48969036177022,,,,,,,,,,,,,,,,,,,,,,,,,,,,,,,,,,,,,,,,,,,,,,,,,,,,,,,,,,,,,,,,,,,,,,,,,,,,,,,,,,,,,,,,,,,,,,,,,,,,,,,,,,97.5383145457994,,,,,,,,,,,,,,,,,,,,,,,,,,,,,,,,,,,,,,,,,,,,,,,72.10814707293669,,,,
1880-01-01,,,,,,,,,,,,,,,,,,,,,,,,,,,,,,,,,,,,,,,,,,,,,,,,,,,,,,,,,,,,,,,,87.58998329450937,,,,,,,,,,,,,,,,,,,,,,,,,,,,,,,,,,,,,,,,,,,,,,,,,,,,,,,,,,,,,,,,,,,,,,,,,,,,,,,,,,,,,,,,,,,,,,,,,,,,,,,,,,96.68490910241921,,,,,,,,,,,,,,,,,,,,,,,,,,,,,,,,,,,,,,,,,,,,,,,72.06698768893114,,,,
1881-01-01,,,,,,,,,,,,,,,,,,,,,,,,,,,,,,,,,,,,,,,,,,,,,,,,,,,,,,,,,,,,,,,,83.03235112394486,,,,,,,,,,,,,,,,,,,,,,,,,,,,,,,,,,,,,,,,,,,,,,,,,,,,,,,,,,,,,,,,,,,,,,,,,,,,,,,,,,,,,,,,,,,,,,,,,,,,,,,,,,98.28544994371249,,,,,,,,,,,,,,,,,,,,,,,,,,,,,,,,,,,,,,,,,,,,,,,74.75178468066753,,,,
1882-01-01,,,,,,,,,,,,,,,,,,,,,,,,,,,,,,,,,,,,,,,,,,,,,,,,,,,,,,,,,,,,,,,,84.64643525402894,,,,,,,,,,,,,,,,,,,,,,,,,,,,,,,,,,,,,,,,,,,,,,,,,,,,,,,,,,,,,,,,,,,,,,,,,,,,,,,,,,,53.81865676300765,,,,,,,,,,,,,,,,,,,,,,,97.82145534272254,,,,,,,,,,,,,,,,,,,,,,,,,,,,,,,,,,,,,,,,,,,,,,,76.54573063945345,,,,
1883-01-01,,,,,,,,,,,,,,,,,,,,,,,,,,,,,,,,,,,,,,,,,,,,,,,,,,,,,,,,,,,,,,,,85.95280733560965,,,,,,,,,,,,,,,,,,,,,,,,,,,,,,,,,,,,,,,,,,,,,,,,,,,,,,,,,,,,,,,,,,,,,,,,,,,,,,,,,,,49.69043632763716,,,,,,,,,,,,,,,,,,,,,,,97.36937147204915,,,,,,,,,,,,,,,,,,,,,,,,,,,,,,,,,,,,,,,,,,,,,,,69.85103570162627,,,,
1884-01-01,,,,,,,,,,,,,,,,,,,,,,,,,,,,,,,,,,,,,,,,,,,,,,,,,,,,,,,,,,,,,,,,90.90369315292493,,,,,,,,,,,,,,,,,,,,,,,,,,,,,,,,,,,,,,,,,,,,,,,,,,,,,,,,,,,,,,,,,,,,,,,,,,,,,,,,,,,37.63163777199258,,,,,,,,,,,,,,,,,,,,,,,94.75114198469902,,,,,,,,,,,,,,,,,,,,,,,,,,,,,,,,,,,,,,,,,,,,,,,68.21163965303944,,,,
1885-01-01,,,,,,,,,,,,,,,,,,,,,,,,,,,,,,,,,,,,,68.77881039558858,,,,,,,,,,,,,,,,,,,,,,,,,,,88.10333373829988,,,,,,,,,,,,,,,,,,,,,,,,,,,,,,,,,,,,,,,,,,,,,,,,,,,,,,,,,,,,,,,,,,,,,,,,,,,,,,,,,,,43.09091662104989,,,,,,,,,,,,,,,,,,,,,,,96.4386455356169,,,,,,,,,,,,,,,,,,,,,,,,,,,,,,,,,,,,,,59.88616975336818,,,,,,,,,73.72494181962,,,,
1886-01-01,,,,,,,,,,,,,,,,,,,,,,,,,,,,,,,,,,,,,66.71848970291441,,,,,,,,,,,,,,,,,,,,,,,,,,,90.9075857500723,,,,,,,,,,,,,,,,,,,,,,,,,,,,,,,,,,,,,,,,,,,,,,,,,,,,,,,,,,,,,,,,,,,,,,,,,,,,,,,,,,,42.842646364406136,,,,,,,,,,,,,,,,,,,,,,,94.74830929328951,,,,,,,,,,,,,,,,,,,,,,,,,,,,,,,,,,,,,,61.793727174697665,,,,,,,,,73.75131255014283,,,,
1887-01-01,,,,,,,,,,,,,,,,,,,,,,,,,,,,,,,,,,,,,67.8806890903548,,,,,,,,,,,,,,,,,,,,,,,,,,,91.45693332655391,,,,,,,,,,,,,,,,,,,,,,,,,,,,,,,,,,,,,,,,,,,,,,,,,,,,,,,,,,,,,,,,,,,,,,,,,,,,,,,,,,,51.719301098826435,,,,,,,,,,,,,,,,,,,,,,,94.33201065221269,,,,,,,,,,,,,,,,,,,,,,,,,,,,,,,,,,,,,,62.968705199594986,,,,,,,,,69.01850142608038,,,,
1888-01-01,,,,,,,,,,,,,,,,,,,,,,,,,,,,,,,,,,,,,65.50020810007673,,,,,,,,,,,,,,,,,,,,,,,,,,,93.92060250414357,,,,,,,,,,,,,,,,,,,,,,,,,,,,,,,,,,,,,,,,,,,,,,,,,,,,,,,,,,,,,,,,,,,,,,,,,,,,,,,,,,,45.24526808751149,,,,,,,,,,,,,,,,,,,,,,,91.95912115801694,,,,,,,,,,,,,,,,,,,,,,,,,,,,,,,,,,,,,,62.30648738213016,,,,,,,,,72.92005135224976,,,,
1889-01-01,,,,,,,,,,,,,,,,,,,,,,,,,,,,,,,,,,,,,66.87651405028167,,,,,,,,,,,,,,,,,,,,,,,,,,,92.57413123694997,,,,,,,,,,,,,,,,,,,,,,,,,,,,,,,,,,,,,,,,,,,,,,,,,,,,,,,,,,,,,,,,,,,,,,,,,,,,,,,,,,,47.650647850107944,,,,,,,,,,,,,,,,,,,,,,,93.37163322526642,,,,,,,,,,,,,,,,,,,,,,,,,,,,,,,,,,,,,,63.69175691970532,,,,,,,,,75.70304594473367,,,,
1890-01-01,,,,,,,,,,,,,,,,,,,,,,,,,,,,,,,,,,,,,64.49791665391191,,,,,,,,,,,,,,,,,,,,,,,,,,,93.63347012189186,,,,,,,,,,,,,,,,,,,,,,,,,,,,,,,,,,,,,,,,,,,,,,,,,,,,,,,,,,,,,,,,,,,,,,,,,,,,,,,,,,,44.595803172426564,,,,,,,,,,,,,,,,,,,,,,,92.28814781763573,,,,,,,,,,,,,,,,,,,,,,,,,,,,,,,,,,,,,,61.30031956869579,,,,,,,,,71.47510922223084,,,,
1891-01-01,,,,,,,,,,,,,,,,,,,,,,,,,,,,,,,,,,,,,67.79099861786293,,,,,,,,,,,,,,,,,,,,,,,,,,,94.22002358357464,,,,,,,,,,,,,,,,,,,,,,,,,,,,,,,,,,,,,,,,,,,,,,,,,,,,,,,,,,,,,,,,,,,,,,,,,,,,,,,,,,,58.93741697224733,,,,,,,,,,,,,,,,,,,,,,,91.59742645912965,,,,,,,,,,,,,,,,,,,,,,,,,,,,,,,,,,,,,,64.61460295779402,,,,,,,,,70.77323489177746,,,,
1892-01-01,,,,,,,,,,,,,,,,,,,,,,,,,,,,,,,,,,,,,68.03773070106767,,,,,,,,,,,,,,,,,,,,,,,,,,,95.59568633655473,,,,,,,,,,,,,,,,,,,,,,,,,,,,,,,,,,,,,,,,,,,,,,,,,,,,,,,,,,,,,,,,,,,,,,,,,,,,,,,,,,,61.862065545144084,,,,,,,,,,,,,,,,,,,,,,,89.63552870171006,,,,,,,,,,,,,,,,,,,,,,,,,,,,,,,,,,,,,,64.8639285111164,,,,,,,,,67.40928589092145,,,,
1893-01-01,,,,,,,,,,,,,,,,,,,,,,,,,,,,,,,,,,,,,65.07918779906974,,,,,,,,,,,,,,,,,,,,,,,,,,,95.21303718403341,,,,,,,,,,,,,,,,,,,,,,,,,,,,,,,,,,,,,,,,,,,,,,,,,,,,,,,,,,,,,,,,,,,,,,,,,,,,,,,,,,,59.39733196562833,,,,,,,,,,,,,,,,,,,,,,,90.23816587596333,,,,,,,,,,,,,,,,,,,,,,,,,,,,,,,,,,,,,,61.88357123249444,,,,,,,,,57.56218976087071,,,,
1894-01-01,,,,,,,,,,,,,,,,,,,,,,,,,,,,,,,,,,,,,67.26590764353158,,,,,,,,,,,,,,,,,,,,,,,,,,,95.25835732973023,,,,,,,,,,,,,,,,,,,,,,,,,,,,,,,,,,,,,,,,,,,,,,,,,,,,,,,,,,,,,,,,,,,,,,,,,,,,,,,,,,,62.89630382597409,,,,,,,,,,,,,,,,,,,,,,,90.16936665181623,,,,,,,,,,,,,,,,,,,,,,,,,,,,,,,,,,,,,,64.08447192351741,,,,,,,,,62.20009533662274,,,,
1895-01-01,,,,,,,,,,,,,,,,,,,,,,,,,,,,,,,,,,,,,68.78314369330676,,,,,,,,,,,,,,,,,,,,,,,,,,,96.27263404338639,,,,,,,,,,,,,,,,,,,,,,,,,,,,,,,,,,,,,,,,,,,,,,,,,,,,,,,,,,,,,,,,,,,,,,,,,,,,,,,,,,,61.9710184970383,,,,,,,,,,,,,,,,,,,,,,,88.43085767526365,,,,,,,,,,,,,,,,,,,,,,,,,,,,,,,,,,,,,,65.61806541787266,,,,,,,,,69.24470467724883,,,,
1896-01-01,,,,,,,,,,,,,,,,,,,,,,,,,,,,,,,,,,,,,67.5719929402719,,,,,,,,,,,,,,,,,,,,,,,,,,,96.5083361021795,,,,,,,,,,,,,,,,,,,,,,,,,,,,,,,,,,,,,,,,,,,,,,,,,,,,,,,,,,,,,,,,,,,,,,,,,,,,,,,,,,,60.60309608383283,,,,,,,,,,,,,,,,,,,,,,,87.9615225002504,,,,,,,,,,,,,,,,,,,,,,,,,,,,,,,,,,,,,,64.39341626492805,,,,,,,,,66.01522537667212,,,,
1897-01-01,,,,,,,,,,,,,,,,,,,,,,,,,,,,,,,,,,,,,67.93180640023981,,,,,,,,,,,,,,,,,,,,,,,,,,,95.88106547117674,,,,,,,,,,,,,,,,,,,,,,,,,,,,,,,,,,,,,,,,,,,,,,,,,,,,,,,,,,,,,,,,,,,,,,,,,,,,,,,,,,,61.2187757476768,,,,,,,,,,,,,,,,,,,,,,,89.1512614659244,,,,,,,,,,,,,,,,,,,,,,,,,,,,,,,,,,,,,,64.75687304842002,,,,,,,,,67.44996032456176,,,,
1898-01-01,,,,,,,,,,,,,,,,,,,,,,,,,,,,,,,,,,,,,68.0020110407029,,,,,,,,,,,,,,,,,,,,,,,,,,,96.19597263972747,,,,,,,,,,,,,,,,,,,,,,,,,,,,,,,,,,,,,,,,,,,,,,,,,,,,,,,,,,,,,,,,,,,,,,,,,,,,,,,,,,,63.2933284430007,,,,,,,,,,,,,,,,,,,,,,,88.57744858780754,,,,,,,,,,,,,,,,,,,,,,,,,,,,,,,,,,,,,,64.827824408836,,,,,,,,,64.78507535188416,,,,
1899-01-01,,,,,,,,,,,,,,,,,,,,,,,,,,,,,,,,,,,,,64.2740275024529,,,,,,,,,,,,,,,,,,,,,,,,,,,94.858138330614,,,,,,,,,,,,,,,,,,,,,,,,,,,,,,,,,,,,,,,,,,,,,,,,,,,,,,,,,,,,,,,,,,,,,,,,,,,,,,,,,,,56.04013072737774,,,,,,,,,,,,,,,,,,,,,,,90.7550430658477,,,,,,,,,,,,,,,,,,,,,,,,,,,,,,,,,,,,,,61.075862437441145,,,,,,,,,57.26710510792075,,,,
1900-01-01,,,,,,,,,,,,,,,,,,,,,,,,,,,,,,,,,,,,,66.34490193352387,,,,,,,,,,,,,,,,,,,,,,,,,,,93.2838815612699,,,,,,,,,,,,,,,,,,,,,,,,,,,,,,,,,,,,,,,,,,,,,,,,,,,,,,,,,,,,,,,,,,,,,,,,,,,,,,,,,,,57.049461578457425,,,,,,,,,,,,,,,,,,,,,,,92.66714235745658,,,,,,,,,,,,,,,,,,,,,,,,,,,,,,,,,,,,,,63.15617423852156,,,,,,,,,63.15090288194736,,,,
1901-01-01,,,,,,,,,,,,,,,,,,,,,,,,,,,,,,,,,,,,,65.2554635894838,,,,,,,,,,,,,,,,,,,,,,,,,,,92.74347144156873,,,,,,,,,,,,,,,,,,,,,,,,,,,,,,,,,,,,,,,,,,,,,,,,,,,,,,,,,,,,,,,,,,,,,,,,,,,,,,,,,,,52.67202800834019,,,,,,,,,,,,,,,,,,,,,,,93.21088336682067,,,,,,,,,,,,,,,,,,,,,,,,,,,,,,,,,,,,,,62.060593290821565,,,,,,,,,62.50990705899824,,,,
1902-01-01,,,,,,,,,98.14861319855875,,,,83.54389914575327,,,,,,,,,,,,,,,,,,,,,,,,46.729664715519036,,,,,,,,,,,,,,,,,,,,,,,,,,,76.5573533388302,,,,,,,,,,,,,,,,,,,,,,,,,,,,64.6212829739035,,,,,,,,,,,,,,,,,,,,,,,,,,,,,,,,,,,,,,,,,,,,,,,,,,,,,,,38.96835381312196,,,,,,,,,,,,,,,,,,,,,,,80.56629137981601,,,,,,,,,,,,,,,,,,,,,,,,,,,,,,,,,,,,,,43.78038377915948,,,,79.48034792176287,,,,,42.166988218639,,,,
1903-01-01,,,,,,,,,97.85865889394124,,,,86.85840084105725,,,,,,,,,,,,,,,,,,,,,,,,53.75003725265497,,,,,,,,,,,,,,,,,79.57637083892831,,,,,,,,,,80.3596741536099,,,,,,,,,,,,,,,,,,,,,,,,,,,,76.46228449510322,,,,,,,,,,,,,,,,,,,,,,,,,,,,,,,,,,,,,,,,,,,,,,,,,,,,,,,51.16870363483863,,,,,,,,,,,,,,,,,,,,,,,82.86324677819337,,,,,,,,,,,,,,,,,,,,,,,,,,,,,,,,,,,,,,50.63670698096494,,,,91.26970823302007,,,,,50.11667384701117,,,,
1904-01-01,,,,,,,,,98.33754929550396,,,,83.60963807304557,,,,,,,74.15155718138176,,,,,,,,,,,,,,,,,55.84418012329928,,,,,,,,,,,,,,,,,81.40367541564558,,,,,,,,,,82.90166359815649,,,,,,,,,79.3786019704724,,,,,,,,,,,,,,,,,,,83.30250922293881,,,,,,,,,,,,,,,,,,,,,,,,,,,,,,,,,,,,,,,,,,,,,,,,,,,,,,,55.263965237259825,,,,,,,,,,,,,,,,,,,,,,,80.2643925760985,,,,,,,,,,,,,,,,,,,,,,,,,,,,,,,,,,,,,,52.69766986770019,,,,92.4681812358839,,,,,54.24520466803286,,,,
1905-01-01,,,,,,,,,97.42042936810552,,,,85.98185224573155,,,,,,,76.85089590687444,,,,,,,,,,,,,,,,,57.53285211562791,,,,,,,,,,,,,,,,,82.81847970804557,,,,,,,,,,82.5248293371685,,,,,,,,,68.34070357578061,,,,,,,,,,,,,,,44.37475971642599,,,,83.66542150702956,,,,,,,,,,,,,,,,,,,,,,,,,,,,,,,,,,,,,,,,,,,,,,,89.16680770743439,,,,,,,,57.2078353802955,,,,,,,,,,,,,,,,,,,,,,,80.30844813155308,,,,,,,,,,,,,,,,,,,,,,75.86708188301134,,,,,,,,,,62.11279846901889,,,,,,54.36520418052177,,,,95.78825112888099,,,,,59.94526393022031,,,,
1906-01-01,,,,,,,,,97.2552230845133,,,,82.60464023699866,,,,,,,88.13570799698086,,,,,,,,,,,,,,,,,55.55301094642742,,,,,,,,,,,,,,,,,80.7890770143069,,,,,,,,,,83.54992583851995,,,,,,,,,57.50010728043811,,,,,,,,,,,,,,,42.56917504273288,,,,83.84330634745339,,,,,,,,,,,,,,,,,,,,,,,,,,,,,,,,,,,,,,,,,,,,,,,78.27077530133799,,,,,,,,53.234095496128674,,,,,,,,,,,,,,,,,,,,,,,76.17275172005014,,,,,,,,,,,92.72433800598189,,,,,,,,,,,74.0015655453258,,,,,,,,,,60.117157876209795,,,,,,52.41065823092734,,,,91.81343029950139,,,,,60.25107528569045,,,,
1907-01-01,,,,,,,,,97.57946565926034,,,,82.71694668852514,,,,,,,84.14187862167415,,,,,,,,,,,,,,,,,56.71016260705672,,,,,,,,,,,,,,,,,81.2893112853194,,,,,,,,,,81.25070256115559,,,,,,,,,64.71093482939614,,,,,,,,,,,,,,,43.62144464141069,,,,85.59831335586577,,,,,,,,,,,,,,,,,,,,,,,,,,,,,,,,,,,,,,,,,,,,,,,81.91911535295583,,,,,,,,53.90026927920184,,,,,,,,,,,,,,,,,,,,,,,77.54592073027683,,,,,,,,,,,93.32841248049604,,,,,,,,,,,75.09805005358612,,,,,,,,,,61.28490019234689,,,,,,53.55217382790174,,,,92.46040702328531,,,,,65.78783235449843,,,,
1908-01-01,,,,,,,,,95.185511082549,,,,70.69390921162744,,,,,,,79.30936510022653,,,,,,,,,,,,,,,,,54.970384502508466,,,,,,,,,,,,,,,,,71.8579626197462,,91.56786020221219,,,,,,,,90.78329984369987,,,,,,,,,54.30566358016038,,,,,68.92788119721808,,,,,,,,,,42.04252299209259,,,,76.9360357459089,,,,,,,,,,,,,,,,,,,,,,,,,,,,,,,,,,,,,,,,,,,,,,,88.26887155429016,,,,,,,,49.727914428619314,,62.32142306825057,,,,,,,,,,,,,,,,,,,,,78.9972887281049,,,,,,,,,,,92.40773238026777,,,,,,,,,,76.27929167218565,70.44386269097048,,,,,,,,,,59.52777446171118,,,,,,51.836796386557225,,,,94.36104448634234,,,,,56.59855940364036,,,,
1909-01-01,,,,,,,,,96.06826479902995,,,,66.03342194690735,,,,,,,75.66177509373757,,,,,,,,,,,,,,,,,54.26929538556657,,,,,,,,,,,,,,,,,71.17093781048642,,91.15226936131357,,,,,,,,92.46903866317112,,,,,,,,,53.32062385559,,,,,71.52679822884048,,,,,,,,,,41.41154794036528,,,,70.07763134900917,,,,,,,,,,,,,,,,,,,,,,,,,,,,,,,,,,,,,,,,,,,,,,,90.33734629525695,,,,,,,,46.55979957264592,,61.60965250746928,,,,,,,,,,,,,,,,,,,,,77.81792303037071,,,,,,,,,,,92.01552386594153,,,,,,,,,,75.62185117269551,69.22849585838921,,,,,,,,,,58.8173055121699,,,,,,51.14703354430456,,,,92.47483407584569,,,,,59.70134235604569,,,,
1910-01-01,,,,,,,,,93.64277370108046,,,,63.64819870152518,,,,,,,76.36332860472174,,,,,,,,,,,,,,,,,52.86835404838899,,,,,82.87027534696476,,,,,,,,,,,,71.05017160880212,,90.28473517497754,,,,,,,,88.45903771600922,,,,,,,,,47.77168930695158,,,,,68.79059022963494,,,,,,,,,,40.15955860445894,,,,72.01836172846762,,,,,,,,62.464539714048705,,,,,,,,,,,,,,,,,,,,,,,,,,,,,,,,,,,,,,,90.84123704805224,,,,,,,,48.30363846526763,,51.21198913128193,,,,,,,,,,,,,,77.55247862916897,,,,,,,76.25954419739209,,,,,,,,,,,91.19443628029995,,,,,,,,,,79.32656205681397,65.15192292645868,,,,,,,,,,57.39358812331812,,,,,,49.7712340745653,,,,97.1985724190841,,,,,61.09468016587367,,,,
1911-01-01,,,,,,,,,94.91403067601823,,,,67.97007662987791,,,,,,,77.29017128434515,,,,,,,,,,,,,,,,,54.18346399076943,,,,,83.95183213424143,,,,,,,,,,,,72.34356365652938,,91.100545853308,,,,,,,,87.51172371799242,,,,,,,,63.06208372873665,48.9763932543782,,,,,69.04577573416952,,,,,,,,,,41.33450521331433,,,,78.67846377729852,,,,,,,,58.08993009333277,,,,,,,,,,,,,,,,,,55.50248284754162,,,,,,,,,,,,,,,,,,,,,92.849168836468,,,,,,,,51.23239349872508,,51.13880707732194,,,,,,,,,,,,,,78.75449534401695,,,,,,,77.95741686158088,,,,,,,,,,,91.9666574751285,,,,,,,,,,82.55755935372645,60.383630457715064,,,,,,,,,,58.730232692310636,,,,,,51.06264678912487,,,,97.1611388987369,,,,,62.85372527345858,,,,
1912-01-01,,,,,,,,,93.04277947760018,,,,70.14461665924088,,,,,,,76.98525808743966,,,,,,,,,,,,,,,,,51.933141063888485,,,,,82.07861662167603,,,,,,,,,,,,70.11740367899246,,95.43819930255206,,,,,,,,88.26208204201103,,,,,,,,50.809021378815935,52.00173880854455,,,,,73.07096009203593,,,,,,,,,,39.330201798193066,,,,85.47226978451685,,,,,,,,52.28842434156829,,,,,,,,,,,,,,,,,,53.23789218757755,,,,,,,,,,,,,,,,,,,,,91.18366772887886,,,,,,,,47.75013493394439,,43.71715079977761,,,,,,,,,,,,,,33.81442086703066,,,,,,,77.22854124401306,,,,,,,,,,,90.61806544161877,,,,,,,,,,75.27901859417398,50.72823035061562,,,,,,,,,,56.440221396796254,,,,,,48.854633382048306,,,,96.99515741240134,,,,,57.463104353249236,,,,
1913-01-01,,,,,,,,,94.97580395399953,,,,68.70470049544568,,,,,,,77.93795705095758,,,,,,,,,,,,,,,,,50.766036702626714,,,,,78.87085415800716,75.38011279860434,,,,,,,,,,,68.93829354774985,,98.71126048971442,,,,,,,,83.53415743550747,,,,,,,,49.65044528912072,57.41532026776706,,,,,68.50268098002128,,,,,,,,,,38.30223954916394,,,,84.96702649643302,,,,,,,,52.239086242711316,,,,,,,,,,,,,,,,,,36.535110754894106,,,,,,,,,,,,,,,,,,,,,88.69103664522406,,,,,,,,48.64807721426625,,39.01586265700864,,,,,,,,78.08726387922798,,,,,,32.48661301640098,,,,,,,75.38596539430206,,,,,,,,,,,89.86637103886034,,,,,,,,,,69.24183026208482,50.47968367291102,,,,,,,,,,55.247201583486614,,,,,,47.712769604359806,,,,94.73538313351686,,,,,59.38220991578205,,,,
1914-01-01,,,,,,,,,93.57399395634263,,,,67.45313129562676,,,,,,,73.45327465530023,,,,,,,,,95.2704290553293,,,,,,,,47.98208749381018,,,,,76.23734203344202,72.62904972616764,,,,,,,,,,,66.05874345180767,,97.58211695321802,,,,,,,,75.28626671268921,,,,,,,,48.53543967817918,52.648578471100535,,,,,67.3730033767373,,,,,,,,,,35.88075346486621,,,,81.0578596733215,,,,,,,,51.51425829405098,,,,,,,,,,,,,,,,,,38.486864544292864,,,,,,,,,,,,,,,,,,,,,86.4802263876719,,,,,,,,53.88810741199015,,33.22008127151743,,,,,,,,75.42402812379524,,,,,,33.409303139946054,,,,,,,72.47773014503906,,,,,,,,,,,87.92363253412535,,,,,,,,,,66.06898924751023,47.97836413970802,,,,,,,,,,52.387112392516144,,,,,,44.997823799671444,,,,93.33871318841051,,,,,54.09326162866619,,,,
1915-01-01,,,,,,,,,93.82284844395608,,,,69.75830868095039,,,,,,,73.81353527836856,,,,,,,,,95.42465886750962,,,,,,,,48.34184970504561,,,,,76.58642530113319,73.68519355064598,,,,,,,,,,,66.43614180867377,,97.0504236979178,,,,,,,,75.63949237917603,,,,,,,,48.8967921924904,53.0198255790824,,,,,67.74856226145735,,,,,,,,,,36.1913065630249,,,,79.74361448965789,,,,,,,,52.778141175836836,,,,,,,,,,,,,,,,,,38.810277251375915,,,,,,,,,,,,,,,,,,,,,86.7583644346132,,,,,,,,54.26165143762414,,35.379274569361506,,,,,,,,75.09882197614604,,,,,,33.70654994800317,,,,,,,72.84124972126217,,,,,,,,,,,88.18681647865793,,,,,,,,,,66.93467103809868,47.46772287710219,,,,,,,,,,52.75783369148726,,,,,,45.34798397803662,,,,93.44823526246104,,,,,54.46715434405516,,,,
1916-01-01,,,,,,,,,96.11178505242613,,,,73.94516950961729,,,,,,,75.60711630621655,,,,,,,,,92.87884760204568,,,,,,,,50.168665969889645,,,,,71.18948399137788,75.48125904754563,,,,,,,,,,,68.32833961592777,,95.53879488989982,,,,,,,,77.39445341798228,,,,,,,,50.73107298453581,54.899522134239476,,,,,69.62939525181646,,,,,,,,,,37.779056739307215,,,,79.4119500807134,,,,,,,,54.6556739291957,,,,,,,,,,,,,,,,,,40.46143418125248,,,,,,,,,,,,,,,,,,,,,88.11632713517955,,,,,,,,56.15146145322309,,36.53941567637563,,,,,,,,76.86586726088954,,,,,,35.228288097559755,,,,,,,74.65292547461698,,,,,,,,,,,89.46747030101965,,,,,,,,,,72.07035169925116,49.28214601904837,,,,,,,,,,54.63518175269053,,,,,,56.02305755926764,,,,93.7361254911885,,,,,56.358474359304836,,,,
1917-01-01,,,,,,,,,96.51883705245446,,,,70.77049376111152,,,,,,,76.35684615364144,,,,,,,,,90.93012624365657,,,,,,,,50.95087985892324,,,,,65.27270211301781,91.22157660342201,,,,,,,,,,,69.12614858289423,,95.18937010015703,,,,,,,,78.12619770810075,,,,,,,,51.516166887044704,55.70156862085591,,,,,70.42131075316381,,,,,,,,,,38.4645315912298,,,,82.73328377060486,,,,,,,,55.45694687964136,,,37.840305925584516,,,,,,,,,,,,,,,41.17306930069534,,,,,,,,,,,,,,,,,,,,,88.6704300182025,,,,,,,,56.95703963798593,,38.5845455922931,,,,,,,,85.5726949156517,,,,,,35.886313165670046,,,,,,,75.41117907270231,,,,,,,,,,,89.98784897127538,,,,,,,,,,73.25735691689883,51.64009888526338,,,,,,,,,,55.436388436826036,,,,,,56.82830766293332,,,,95.78085337512373,,,,,57.16456490145223,,,,
1918-01-01,,,,,,,,,96.83535358615714,,,,69.7933807999114,,,,,,,76.81929836408212,,,,,,,,,91.23007526233957,,,,,,,,51.439153358954414,,,,,65.77489845396447,91.51615809100286,,,,,,,,,,,69.62036972881008,,93.75694042712585,,,,,,,,78.57699241537416,,,,,,,,52.00614065979432,56.20135733173552,,,,,70.91154298347256,,,,,,,,,,38.894162666845034,,,,84.34567929577791,,,,,,,,55.956299710046984,,,38.26599494753782,,,,,,,,,,,,,,,41.618721807460666,,,,,,,,,,,,,,,,,,,,,89.0081302969304,,,,,,,,57.45878779916804,,43.826346768345736,,,,,,,,85.95290877321642,,,,,,36.29906439830515,,,,,,,75.87918335258547,,,,,,,,,,,90.30433427032337,,,,,,,,,,72.15530392402043,52.35518174049949,,,,,,,,,,55.93570383869848,,,,,,57.32987646723866,,,,95.85731784811074,,,,,57.66659173340989,,,,
1919-01-01,,,,,,,,,96.39075972445777,,,,71.67333035214646,,,,,,,75.67349008736441,,,,,,,,,95.2975342576602,,,,,,,,54.74211227407775,,,,,62.39215336330488,93.25944334141265,,,,,,,,,,,81.12176460942774,,90.86500571587179,,,,,,,,77.27476504434779,,,,,,,,54.06385409264769,68.77776205319535,,,,,70.85082634775458,,,26.370765396875264,,,,,,,38.840727806346685,,,,82.69861732281835,,,,,,,,70.65207904228426,,,38.2130469454913,,,,,,,,,,,,,,,41.563310059099265,,,,,,,,,,,,,,,,,,,,,85.24534604559703,,,,,,,,58.76840418913054,,53.097792230419685,,,,,,82.52849673506357,,83.7939658409813,,,,,32.80767706111578,36.247715288109816,,,,,,,75.8212780532535,,,,,,,,,,,90.26537223780208,,,,,,,,,,70.93101601272629,52.29420767368196,,,,,,,,,,55.8737216737885,,,,,,40.206425445555794,,,,96.0840390044211,,,,,57.60428695194668,,,,
1920-01-01,,,,,,,,,96.65140244388635,,,,75.78484895078394,,,,,,,83.74907309477783,,,,,,,,,91.08240034538811,,,,,,,,57.70880155218774,,,,,70.468892153192,94.67842904707726,,,,,,,,,,,88.19640620026632,,90.79312018550173,,,,,,76.59072122978934,,76.37052676661938,,,47.33911840838668,,,,,62.13257817222875,72.81017773589112,,,,,71.86636620188986,,,22.96860737432107,,,,,,,41.44092538903853,,,,83.36955317148838,,,,,,,,70.75346441483643,,,40.79069155034444,,,,,,,,,,,,,,,47.72085554153796,,,,,,,,,,,,,,,,,,,,,81.83726648589561,,,,,,,,57.92099657952596,,54.93834355872207,,,,,,84.92061824333061,,86.10506850477718,,,,,35.166960192312466,38.75095462460649,,,,,,,79.24664632810676,,,,,,,,,,,92.0341008574312,,,84.76549673207604,,,,,,,75.04741579021315,63.421388081159,,,,,,,,,,58.85048901432006,,,,,,42.85365518913282,,,,98.44887840992746,,,,,66.66152703504349,,47.46379315813816,,
1921-01-01,,,,,,,,,97.50288935905428,,,,80.16267889414023,,,,,,,82.74701390939498,,,,,,,,,94.26945231081932,,,,,,,,59.676363661875456,,,,,72.4537248146065,93.30968346586168,,,,,67.26237879938635,,,,,,88.78520582463982,,91.16942853232393,,,,,,78.44948846184015,26.99922325236015,75.96996183136943,,,46.38757549856399,,,,,68.8730261811347,71.04552995451283,,,,,72.86188463605362,,,24.228465399737086,,,,28.385641700844054,,,47.06586486856709,,,,83.94855901625701,,,,,,,,75.63154288436355,,,51.532674459265124,,,,,,,,,,,,,,,49.67450578703673,,,,,,,,,,,,,,,,,,,,,86.15862837709662,,,,,,,,59.01920541521648,,61.84776993903156,,,,,,87.21627071780689,,85.95749224338937,65.65066436146145,62.9177662926244,,,36.84533094601743,40.52432268726937,,,,,,,84.95793271608679,,,,,,,,,,,93.13485906823314,,,86.18640203207723,,,,,,37.41435574158143,72.9259406097529,65.82727825293058,,,,,,,,,,60.9042256286386,,,,,,44.71986597485379,,,,98.38065780764684,,,,,68.96331141262269,,48.7143814950698,,
1922-01-01,,,,,,,,,97.29652073125895,,,31.225082915859616,82.53142284773554,,,,,,,84.64779081070198,,,,,,,,,95.70273931932208,,,,,,,,60.52765028232023,,,,,72.01849988630048,93.73182303879685,,,,,68.10349666010087,,,,,,89.80994320682404,,88.18624833931506,,,,,,79.2044191252093,27.57919819959096,76.6542507175192,,,42.48204080040867,,,,,65.36889534131387,66.83636681126228,,,,,75.25844959390324,,,24.76516601977512,,,,28.986120433140794,,,47.86736650765667,,,,84.78924814943947,,,,,,,,76.98894442011671,,,52.36044858037212,,,,,,,,56.3612432871335,,,,,,,50.49244497172425,,,,,,,,,,,37.32077350481495,,,,,,,,,,83.08363438139274,,38.623832556537366,,,,,,60.1594636517232,,67.37233817427497,,,,,,89.9824480323815,,86.58829253037064,66.798743013601,64.22495117313862,,,41.53034942232404,41.27166021510538,,,,,,,84.04266795800235,,,,,,,,,,,93.56351168545267,,,89.38285122747402,,,,,,38.129697863902436,76.15004235826656,70.56664285378274,,,,,,,,,,61.75610309654165,,,,,,45.50403397766771,,,,98.42705151683711,,,,,71.56861901691354,,49.55078991602831,,
1923-01-01,,,,,,,,,96.87974997703449,,,26.377891504965323,79.45920467702562,,,,,,,82.5431438134012,,,,,,,,,94.81360571166428,,,,,,,,59.903633280792626,,,,,71.41677960401141,95.63127366175034,,,,,67.48729941701957,,,,,,89.94840482107125,,87.15893151675736,,,,,,78.65201260658873,27.153259711788934,80.98751680648562,,,45.055766599106526,,,,,65.44589970629477,60.72191204924449,,,,,72.9980669020517,,,24.370951375751037,,,,28.34007645487928,,,44.469531344662414,,,,85.96588605481612,,,,,,,,76.36803471798011,,,51.64362426605016,,,,,,,,56.38935704704397,,,,,,44.049715379336874,49.89248204688176,,,,,,,,,,,37.255498433599385,,,,,,,,,,84.40276256760009,,43.56277289677731,,,,,,66.34235309525236,,68.33670520620234,,,,,,91.76494607097544,,82.31678436523899,62.23639512532715,61.80098033967714,,,41.062758441597836,45.06472865948994,,,,,,,83.60582010697327,,,,,,,,,,,93.25091263837415,,,89.24329634164768,,,,,,39.85226115354589,74.15426588562863,68.31714766284347,,,,,,,,,,61.13170846577039,,55.70690466374919,,,,44.928676865159176,,,,98.25712065561271,,,,,64.36808895253394,,57.87447074206151,,
1924-01-01,,,,,,,,,97.96915326274193,,29.131432671467415,33.715037246150615,84.89337525541707,,,,,,,76.07054424925876,,,,,,,,,95.66665679082757,,,49.410374959954154,,,,,50.675251329879,,,,,70.35427080045031,96.39459608493324,,,,,69.52906166340789,,,49.48547712618979,,,88.45728200049318,,86.50915164582668,,,,,,76.1483708345988,28.587523457089546,82.47711701260837,,,39.47920132345899,,,,,67.15223685484095,65.10286897039043,,,,,74.72606499636369,,,25.699651332558627,,,,29.81700816219812,,,46.38643244032888,,,,87.91519210174964,,,,,,66.4128708606033,,76.7475867355562,,,53.66890169795562,,,,,,,,39.76180761020493,,,,,,26.660461742019503,50.74194268640439,,,,,,,,,,,39.008113523039256,,,,,,,,,,85.32225644565577,,45.46199510748471,,,,,,65.48546621226623,,64.25211280140056,,,,,,92.9883474505655,,84.0003787905483,56.432413164015415,63.875856238103545,,,42.15366618187411,51.76975247506783,,,,,,,83.63138619680397,,,,,,,,,,,91.1389780370955,,,88.1080811876793,,,,,,41.670183736631074,89.18999396656969,81.5482261799944,,,,,,,,,,63.20741651704298,,62.066947190946095,,,,55.23666700187923,,,,98.65775339664319,,,,,74.20743368755885,,53.683350853560775,,
1925-01-01,,,,,,,,,98.10187312409539,,28.758159864253287,33.30391191518294,86.16265469364257,,,,,,,75.38807505834689,,,,,,,,,96.69285473970542,,,44.187595384435795,,,,,46.96064239210946,,,,,69.84124851009581,96.6619415116665,,,,,69.01350039048498,,,48.98324685774714,,,90.00881156141969,,88.2522721194306,,,,,,75.66198894980307,28.219072512163336,81.15666035128565,,,41.2320932771475,,,,,63.83193913112666,60.70672519843334,,,,,78.17189834785192,,,25.357976786944313,,,,29.43775731923476,,,45.897111903031,26.739965298163447,,,85.07052945564861,,,,,,65.89025118877163,,78.13416660031466,,46.19585857508655,53.95559405968504,,,,,,,,38.87001068573118,,,,,,27.17121982911084,50.23521836336175,,,,,,,,,,,38.559513709983115,,,,,,,,,,85.7532927469624,,44.977017229048734,,,,,,63.55940054952782,,61.06547904943127,,,,,,91.58495577396198,,80.21229839416766,55.6495061879676,66.34719331203294,,,43.89037075998799,54.102086743967234,,,,,,,89.65358353607165,,,,,,,,,,,90.82438142539665,,,90.95412441429039,,,,,,41.20531364793805,88.86484879516685,77.877159648806,,,,,,,,,,62.68143080284334,,57.47835858980983,,,,57.99339705356603,,,,98.32349595597026,,,,,66.91607429777027,,51.64621296353533,,
1926-01-01,,,,,,,,,98.63985724489893,,28.671119818266632,33.20798062256024,89.0593663276468,,,,,,,74.32511215007685,,,,,48.49620947735753,,,,96.65237952470058,,,37.104413022309465,,,,,44.898753491238296,,,,,84.73420620813445,96.62122252823858,,,,,68.89240932099237,,,40.8380095284705,,,88.74152083819192,,88.10896383809462,,,,,,75.54753142096484,28.133163712782295,76.57765138673572,,,41.23357151026532,,,,,60.562905924364976,64.21252525826067,,,,,79.35190583590011,,,25.278345228876752,,,,29.34931438690129,,,45.78271231332941,26.157343783214216,,,85.33120099191176,,,,,,62.49280757028721,,79.44026063657824,,56.220816610511925,53.834449554301855,,,78.31906590716137,,,,,41.09188104502153,,,,,,26.70579323056861,50.11666388562803,,,,,,,,,,,38.45475529767415,,,,,,,,,,82.87245464249352,,44.86364983041027,,,,,,66.81438338261074,,66.20140534776992,,,,,,84.79969702884371,,80.10547442226313,64.5952206879536,65.30475098447315,,,51.35453605220563,53.98085939393522,,,,,,,92.1471399204555,,,,,,,,,,,90.74975718961633,,,91.29648219266033,,,,,,41.09671147928997,85.0926408023787,74.65026979963119,,,,,,,,,,62.55807576631647,,50.2194799895133,,,,60.327108012246235,77.84112747843075,,,99.22211868946978,,,,,66.13382298807605,,48.98392458129091,,
1927-01-01,,,,,,,,,99.0973031519072,,29.184756092376453,33.77373129221877,89.9151330753101,,,,,,,69.96558517646932,,,,,48.04752147492447,,,,96.8854856049226,,,35.99857203456267,,,,,49.725515934738475,,,,,85.636576940002,96.2231456044166,,,,,69.60221860539069,,,41.47568787197997,,,90.53222236793299,,88.90367120165496,,,,,,76.21726367969653,30.334160127603305,80.09398719059232,,,46.09480945923835,,,,,59.647339871850534,58.90695344516279,,,,,80.53532673022303,,,25.748483752486372,,,,29.871180502871564,,,46.456163998613754,26.639125019990217,33.57273700033892,,85.77117058557914,,,,,,63.216928638180605,,83.3543975318191,,56.93960426996965,59.651968513956355,,,78.96305613277404,,,,,40.44646799060274,,,,,,23.591819779838165,48.890416253900284,,,,,,,,,,,39.07211059807758,,,,,,,,,,83.4812633025791,,40.21893097370196,,,,,,70.11785591841169,,66.69128640522446,,,,,,85.35718721425822,65.84726002092725,77.5114389126167,64.99092394100802,70.33531057926805,,,49.75928361829899,54.69357310882843,,,,,,,90.58039416979929,,,,,,,,,,,91.18320779604211,,,91.00998578556123,,,,,,41.73647684179534,86.85258678952961,73.07604290819334,,,,,,,,,,63.28215655958238,,50.67137829290782,,,,61.05141393147457,78.48998384080768,,,99.54330147693152,,,,,70.78485642997892,,55.00217295460457,,
1928-01-01,,,,,,,,,99.26287801854306,,29.308885355418866,33.91032703421906,90.77955869375745,,,,,,56.384891351789165,71.25866983865077,,,,,48.21192797372667,,,,96.9397795339882,,,36.14060696500959,,,,,49.89204479800456,,,,,83.00431913333902,96.28465821749326,,,,,69.7720424267845,,,41.62940270473102,,,91.61358772662474,,88.90791795346765,,,,,,73.63672274545704,38.51713174264104,79.48389236463275,,,48.315335800635616,,,,,56.25998565152932,60.987753851322225,,,,,84.31774783137593,,,25.862180817055112,,,,29.99728102562488,,,47.862029287776394,26.755616453482368,26.27263544453349,,83.6246027944618,,,,,,68.85432557752151,,88.09191790472023,,57.112242686224434,59.82555556242743,,,71.7533925643328,,,,,43.26638361178087,,,,,,20.205235332860315,50.965164055111025,,,,,,,,,,,39.58224223758828,,,,,,,,,,81.39185311640446,,40.37018355544425,,,,,,69.7783501073028,,67.44247828847688,,,,,,86.97584711138711,66.01993960798023,77.66843082382707,67.03632923098523,79.56962711081557,,,50.337630032055046,54.86485204515776,,,,,,,91.07653333261993,,,,,,,,,,,91.28548695167768,,,83.9849091389192,,,,,,41.89068613983853,86.63251707453063,70.34692903102231,,,,,,,,,,61.64852580294185,,45.37028999614815,,,,60.280297374337245,85.24577311582856,69.01059475553114,,99.33768740988074,,,,,71.45777305315156,,55.84177128753978,,
1929-01-01,,,,,,,,,99.29342503721537,,28.80375088718732,33.3541503383812,91.28237808342165,,,,,47.43283234725262,55.68140483500421,69.0801262530237,,,,,47.541288790680525,,,,96.71389500825869,,,32.57797573988077,,,,,49.21259012086562,,,,,82.42179384509379,96.02913231193574,,,,,69.07679512850807,,,41.002920857542215,,,89.91587240494133,,86.62586702710351,,,,,,72.96142306197298,49.65994207388545,86.69460242884767,,,48.90005151122773,,,,,51.47997534245994,58.63882398586835,,,,,86.89118142949127,,,26.606662513530043,,,,29.484081818188002,,,49.2359194667284,26.281710632311096,25.804870586294413,,84.02092609991243,,,,,,74.2788629627076,,87.7085167995435,,56.40710628389911,59.1162328981427,,,68.38051162506889,,,,,38.70074515655399,,,,,,20.702937162111688,50.28062224695336,,,,,,,,,,,38.97250348620871,,,,,,,,,,76.72409655926677,,39.75383548947262,20.815430788941967,,,,,64.69302572134406,,76.1493698715136,,,,,,91.90824612898128,63.857279821275384,77.02444789235015,66.33220699874795,71.44707127086755,,,51.165153843367506,54.16551112053709,,,,,,,92.73168577196984,,,,,,,,,,,90.86327673768257,,,87.0873022009231,,,,,,41.262168051092665,85.23348530355877,65.29814206340183,,,,,,,,,,41.66276263907104,,44.7168664865255,,,,59.57058503148782,86.76952766752737,68.31246219194705,,98.43792114845368,,,,,65.01139873035811,,59.57608307318747,,
1930-01-01,,,,,,,,,98.47503710399138,,30.88228749498303,34.771711933469554,91.68547624135505,,,,,49.13423639856137,57.463363027082636,70.08523636846091,,,,,44.68326148818713,,,,92.67498735760647,,,32.11208506280536,,,,,50.93704730715234,,,,,82.14699850683267,96.04493427573357,,,,,87.6921803123093,,67.57170821120897,42.00376603683981,,,90.35286363869551,,90.92226538645457,,,,,,74.66043499865805,41.1440677215466,92.32231256457726,,,45.34956937408807,,,,,51.691631254423484,64.98511996475756,,,,,87.5914589673588,,,36.13661537960859,,,,23.664346978997862,,,50.96065870737681,27.491744846717015,29.777625134101314,,83.24011410991943,,,,,,79.43354295045758,,91.90403769594916,,42.2700369602055,76.16089512085112,,,65.93582636026343,,,,,40.59684322873508,,,,,,27.827086711986816,52.017451729466345,,,,,,,,,,,46.079443425836686,,,,,,,,,,75.12522242130393,,41.32217911832531,21.835482797187645,,,,,72.41244620349845,,79.42017116217683,,,,,,88.94877475449519,65.34122877739539,67.3314702079142,73.84460664979368,73.8313031025899,,,58.92072353455309,55.93781367061443,,,,,,,89.88502756298291,,,,,,,,,,,91.90973626303193,,,89.25183639144831,,,,,,42.860844619365835,82.11345931426379,67.41791852931263,,,,,,,,,,43.2691559769385,,46.37734887120805,,,,77.670862475781,90.81380204988638,70.07269475926728,,98.55915352677265,,,,,60.91504055387145,,68.00034749695429,,
1931-01-01,,,,,,,,,98.34412108331037,,31.573648626332385,35.05511467604059,95.2570198777037,,,,,23.06053593785693,57.81526378023803,70.48476005125993,,,,,45.00791742056517,,,,94.1431096385973,,,41.48017615602202,,,,,51.27892429738279,,,,,82.4398797293458,96.17317157176751,,,,,87.9394250503151,,67.92078665951729,41.99336371369684,,,89.81994902802889,,85.13394535358427,,,,,,74.99142468182866,41.45589955376307,92.59909020798021,,,46.6691735680253,,,,,58.45167996114835,66.97582029119286,,,,,84.31140170061963,,,37.62968447511743,,,,23.88228785990927,,,60.2888935928491,27.73451364411823,30.034080912656734,,87.31367825902504,,,,,,73.96691173909032,,91.67936712967787,,42.586182844467515,76.4859965251658,,,69.83128480004316,,,,,37.795631464234624,,,,,,27.508457298900968,52.36156897339139,,,,,,,,40.89586664813485,,,46.408557271392105,,,,,,,,,,76.74759186450684,,41.63470777399245,22.040705077166823,,,,,72.71115766583509,,78.7477128939368,,,,,,90.20495003548173,65.69305462767694,67.68090734375343,72.90784455694161,73.36907654759447,,,63.4108715515705,56.28814101137745,,,,,,,88.7819270458724,,,,,,,,,,,92.10745799869683,,,88.74970883058826,,,,,,43.17916720624463,83.48243008381398,64.65293909722334,,,,,,,,,,57.33238256874782,,45.44870986488917,,,,77.98921344383342,88.74392372512807,70.41709709535459,,98.32500482486162,,,,,61.84878369366069,,61.14058970109686,,
1932-01-01,,,,,,,,,98.46280642506295,,31.676882903838898,35.16541358864982,95.31603040667794,,,,,26.761003334003565,57.95183150834213,70.1695854660311,,,,,45.134125703250426,,,,95.31506252773231,,,48.87774582778881,,,,,51.411722219898515,,,,,82.5529437576551,96.22218767048095,,,,,88.03465184936114,,68.05603333686683,42.115438578423,,,86.7959388179858,,83.68780182937299,,34.22659395618387,,,,75.68948248630744,41.57717386318242,92.19743988527534,,,43.37884345664964,,,,,62.27594646984187,65.76181773693392,,,,,83.53607491659668,,,33.21669241732364,,,,23.967215644241413,,,57.11434392772543,31.155237999633567,30.13394831317119,,85.3159834166878,,,,,,77.62011460127508,,91.38268916612351,,39.20092672328281,76.61171941766769,,,62.126329175465436,,,,,39.59157023852244,,,,,,29.179933544349712,52.49521793203695,,,,,,,,39.21389108076754,,,46.53647664369599,,,,,,,,,,77.98282624957331,,41.7562505342808,22.1206934938057,,,,,68.75322529944036,,79.22140334647672,,,,,,90.29047481751492,65.8294209441125,67.8162990601894,77.63327513945364,73.20152624485854,,,58.761166921001326,56.42412818410345,,,,,,,86.26568033388669,,,,,,,,,,,92.18340586249698,,,88.17404694680904,,,,,,43.302940628613676,80.34045385365432,72.64687994051987,,,,,,,,,,55.434886068589975,,44.38265480391473,,,,78.11227710307945,93.46042784586047,70.55046717036754,,97.89342973766887,,,,,72.05170724375624,,62.06689973010353,,
1933-01-01,,,,,,,,,98.68202289642325,,26.380168164554398,41.1865809281136,94.67498272269825,,,,,25.651423754063284,57.861355305187075,68.8083602516478,,,,,45.050499223762976,,,,95.27794733480242,,,42.04886920044339,,,,,51.3237359739648,,,,,82.47807622956115,96.18976123369896,,,,,87.9716093521299,,67.96644646959619,46.995098793215895,,,86.9896590166232,,83.09905025421203,,34.15471065058095,,,,75.60524151873173,41.496813451570524,91.68088649100733,,,43.88171583948011,,,,,61.1542336269177,66.85866646398446,,,,,84.37391325060808,,,33.0329127874962,,,,23.91092908562643,,,56.07214803275888,31.08756723146464,30.06776472535977,,85.29964723386512,,,,,,77.53801203917241,,92.79066555957166,,39.12305577784696,76.52845573406621,,,62.035468844765916,,,,,42.005185683671776,,,,,,28.672125368400714,52.40666902664432,,,,,,,,39.13600589579106,,,46.451717756633734,,,,,,,,,,76.31460162077205,,35.702559825021176,22.067679484422786,,,,,69.28085373848508,,81.04065674187343,,,,,,90.23386231674168,65.73908897203162,67.72661573910118,74.90444637418491,73.04094308154836,,,67.06612581759823,56.334034714800715,,,,,,,83.7824858359287,,,,,,,,,,,92.13313934701664,,,89.36526796930472,,,,,,43.2209258001855,79.36819411329327,69.461980484203,,,,,,,,,,58.40928793339233,,44.29967162361328,,,,78.03077762880746,93.41505565673327,70.46212742433575,,97.50800522278799,,,,,76.74930186443898,,61.250836707447085,,
1934-01-01,,,,,,,,,98.03099686633833,,27.720207795892126,41.86144669023185,92.30224542543492,,,,,26.152109932926237,58.62185981791279,66.78669797717353,,,,,45.75507832792377,,,,91.5157364672578,,,47.93319711919902,,,,,52.06423810655851,,,,,83.10280073395084,96.02201938739175,,,,,88.49598851243854,,56.13213066914506,47.63082677599555,,,88.10372087061386,,78.25587534087002,,34.761408405365614,,,,79.35450193403989,42.17427136709344,94.05120244940225,,,45.42329805240749,,,,,64.7262804962099,72.9268484761398,,,,,89.56610811899361,,,39.92413022054087,,21.43589292604503,,24.386743871996906,,,56.8290488770409,28.152240830723507,30.626709475978586,,86.7637621556434,,,81.8529732201304,,,70.06615334278119,45.02934464892775,92.67046042747494,,39.77977713450971,75.76712027014261,,,62.79852611602983,,,,,40.757825974607506,,,,,,31.954999699608134,33.41821900563844,,,,,,,,49.518954876631824,,,65.43633215842392,,,,,,,,,,79.74335928699443,,36.32579290085651,22.515960588809804,,,,,71.43775131543264,,82.46909702796495,,,,,,90.70390705847804,66.49705644350396,68.35097947107995,72.43902710143604,64.53424537507246,,,66.91985052772189,57.0915536658194,,,,,,,81.67276268359291,,,,,,,,,,,92.54969487034582,,,95.13562840025254,,,,,,43.413734102385895,81.42184994789244,72.6509670957121,,,,,,,,,,58.5001452173866,,44.998918393536705,,,,74.78014479805614,93.7904465809634,71.20246560585649,,97.57933119236826,,,,,74.62252140379371,,62.98758986547477,,
1935-01-01,,,,,,,,,98.04131852116168,,26.67540261024548,42.55988685048073,90.51018757140339,,,,,26.673202574590803,59.40350439538435,67.43752078423834,,,,,46.483196248179084,,,,91.96185064444195,,,54.33313448100292,,,,,52.82754224322159,,,,,80.80839441906583,96.30350547196566,,,,,79.15009240641999,,52.229694444281826,49.65731549874529,,,88.49316663369785,,79.26704753045955,,35.39091658847573,,,,80.03835697834862,39.8868089624297,93.51807634907826,,,43.699103626470205,,,,,62.88677032224535,75.4016719719537,29.707413238332503,,,,89.19241762390863,,,39.0304006493778,,21.886083248695886,,30.80756617377558,,,57.60763567908329,28.700927633067064,31.50198524335226,,87.62670348080259,,,82.5033806632812,,,69.94711650207456,45.75237981030335,92.81059897233658,,40.09481629736623,76.48899473685029,,,62.701188289398544,,,,,43.856539460459956,,,,,,34.405848009718845,36.092054033985654,,,,,,,,50.27004284288958,,,77.75226556240035,,,,,,,,,,82.05289215320872,,36.97209753103965,22.983120108412926,,,,,72.52526008796639,,82.47925229122082,,,,,,91.17332348777755,69.98936200786788,69.1205248716738,70.65663572147314,66.73788318829881,,,59.66061939425942,57.87068297189097,,,,,,,85.68568093131324,,,,,,,,,,,92.96381931540819,,,95.16148806446945,,,,,,43.91846868951967,82.62936033762949,75.85337077200407,,,,,,,,,,59.91661676824294,,45.72173592223338,,,,71.30755293454962,94.56393088295856,71.95812677761171,,98.01143785512167,,,,,76.65358871775861,,69.22895646856134,,
1936-01-01,,,,,,,,,97.80775796136109,,27.157025912979403,62.36288334676867,90.50615709703942,,,,,27.154797848140277,60.11706701066406,66.37325023729213,,,,,47.1514632813262,,,,91.39539622062925,,,53.82728809117523,,,,,53.52636015356076,,,,,83.5142237788274,96.54880539138438,,,,,79.7763131928544,,52.92629231602186,50.31004818463076,,,90.32540499904465,,82.01052053935699,,35.97097863888761,,,,79.00116142483763,40.507739967681175,90.88745518287678,,,43.20282833136129,,,,,64.87739354852424,73.79349030248501,27.265895155856622,,,,88.7851484704563,,,41.59152861299012,,22.3028416642309,,31.33899950805825,,,58.31898797673789,29.20767425137305,32.04123423078359,,87.27500553695492,,,83.08801368687281,,,76.47507591514113,46.41616382161177,93.1640779309194,,40.10463902765373,77.14139929027911,,,63.41501990039491,,,,,46.905991527877674,,,,,,34.460727533962846,36.90665486939473,,,,,,,,50.9583857099982,,,78.39293570850596,,,,,,,,,,85.29647090582043,,23.27541244621807,23.415421088852817,,,,,72.77245762321003,,78.8966440557962,,,,,,91.58981949599026,72.58488493319581,69.81948913148659,70.39216654211668,67.15320829173224,,,61.94399929306802,58.58244701641389,,,,,,,87.23196272559409,,,,,,,,,,,93.32960562530667,,,94.57980038881296,,,,,,46.165664223668,83.46696113976171,75.24683442186053,,,,,,,,,,61.00106457362324,,47.587776562196304,,,,71.99629230154711,94.87710673643016,72.64326982884367,,98.18474332822235,,,,,82.73397071345147,,70.82814557918013,,
1937-01-01,,,,,,,,,98.88257456359015,,29.409163061075994,62.97216414452096,87.6401033999571,,,,,27.570541655726977,60.72630663659271,68.87518727680144,,,,,47.72477665769572,,,,95.78086252132859,,,56.762831766656284,,,,,54.1245460199697,,,,,86.60886371011728,96.74960696345599,,,,,80.30511488235884,,53.522708614473835,49.37787093015421,,,85.51385550860934,,81.935132310728,,36.47039272602035,,,,79.53729340905141,40.64209113455037,93.88299241537767,,,48.782104489114765,,,,,60.017519321610926,73.70889138673733,27.682829794692054,,,,91.0728801691151,,,42.132720211926554,,22.663148104841866,,31.797188448926818,,,47.85130847917659,29.644859467799044,32.90737014813807,,90.88248089564385,,,83.58026043018158,,,78.44739058861671,46.985771056849266,93.84065723695637,,40.63567177340559,77.69340527459092,,,65.79125518995077,,,,,55.412369905541595,,,,,,29.866145406515344,41.17971300518929,,,,,,,,51.54814979257647,,,81.25640012146074,,,,,,,,,,82.9705370974475,,23.647372538386556,23.789036281047782,,,,,71.3767575922623,,76.94592662451012,,,,,,86.47992600541824,80.050424685672,70.41355121499895,74.72167835591974,70.48003665858622,,,64.3707804746019,59.19053271818886,,,,,,,88.3895332731399,,,,,,,,,,,93.63274141329119,,,93.89143777207606,,,,,,56.44450966794145,79.57131487132362,76.07961549734927,,,,,,,,,,63.70094458142308,,48.65714421232502,,,,69.45751133766656,94.36063989034024,73.22466071299701,,93.6039711137473,,,,,85.63880976218802,,69.22922167801887,,
1938-01-01,,,,,,,,,98.984548763289,,36.44195010732775,61.51648198756696,88.04497789835942,,,,,27.970108926971715,61.306000073916714,68.46790754468292,,,,,61.3137656520951,,,,93.83494962603974,,,53.65790889101021,,,,,54.695055598245276,,,,,87.02997587196508,96.93342309996879,63.44307134944209,,,,87.40707598445927,,51.04316489679608,53.466806731599156,,,87.78723715560893,,79.92922723962893,,34.356763401745425,,,63.72984850137839,80.04259406224585,43.99389290250995,94.44723050989677,,,49.06908386937252,,,,,58.015877498397295,75.67094643448843,28.083529349094505,,,,87.97991280940369,,,43.38808914882315,39.31367972068072,23.009901351704066,,32.23704540582224,,,45.21784210652938,36.022503836259254,33.35701604537136,,92.75532933217667,,63.947961182349644,63.72981418945714,,,78.682783351187,38.39020797277597,95.23356762770405,,33.788833813947264,78.21432100714317,,,66.25638588788642,,,,,56.6301590760179,,,,,,31.47422102654387,43.51401781406482,,,,,,,,52.111100632646036,,,82.65373596104568,,,,,,,,,,81.96271160979978,,24.005243426042988,24.14848551702804,,,,,68.1625572459764,,81.79706928232994,,,,35.60193896005324,,86.90298526476087,86.90381005498455,70.97645866604118,77.30351729868958,75.49135276679915,,,61.41141512001258,59.76945931042004,,,,,,,91.65761568607749,,,,,,,,,,,93.91340427359303,,,93.6453028530751,,19.874821843149903,31.394822747509778,,,52.13143508745974,80.34402146349575,80.43988866019626,,,,,,,,,,63.756461146188606,,49.20912629587778,,,,70.02388885607947,94.670797143404,73.77476300886792,,93.84377998729981,,,55.663368354785426,,86.92007050833598,,70.30191364875988,,
1939-01-01,,,,,,,,,99.07468310783526,,37.17347195770478,62.40078420267403,88.8659350565364,,,,,28.587332028090707,62.19033359187398,69.20339234156992,,,,,62.19809846960986,,,,93.61106490582041,,,56.1606253042769,,,,,55.56792914722028,,,,,84.70375400752096,95.40504564372978,64.32587914732635,,,,88.02775935020293,,53.67135294001613,54.33502730178525,,,88.62832037040987,,83.65057639429739,,39.2194788594753,,,58.761776226032445,80.80430641129284,44.801985473752616,95.06135853210999,,,49.084499120958434,,,,,55.16075804299203,79.1683342764567,28.702478016862145,,,,88.7432713047696,,,44.1909455102659,40.077183234705124,23.546439617780955,,32.91553638238383,,,46.03601935641988,38.48632552800695,34.05034636890703,,91.95028874926241,,64.83000974917287,64.61220985674927,,,81.39840220735022,39.143805677749995,94.4390289759847,,34.48774736406889,83.29264405211266,,,68.19774722891312,,,,,56.33228261400329,,,,,,32.54902231099016,46.47842715081828,,,,,,,,47.967328640150285,,,83.373665206745,,,,,,,,,,82.17821519693828,,24.558796136196705,24.70445252534237,,,,,69.271843967048,,78.52284022063407,,,,31.79925768357498,,87.47969941964975,90.95329745832615,71.83072956865787,77.31104718590231,74.96766866540783,,,64.3228617010377,60.653255014496075,,,,,,,91.4587118888236,,,,,,,63.414569120951114,,,,94.32711059504966,,,94.0699180134739,,20.355013917750554,32.061813999745034,,,52.993746272169886,83.8439098277725,83.15043521315049,,,,,,,,,,64.638815973566,,50.05549840634913,,,,70.88392435245214,94.58480762232698,74.60808508849179,,95.33132708511921,,,56.53937145694054,,87.04597201577783,,70.31895306277272,,
1940-01-01,,,,,,,,,99.34705298844982,,37.68574828064808,63.013810388794525,89.27184601600604,,,,,29.02083804741389,62.80344513050451,72.29170181435516,,,,,62.81120717952853,,,,92.24390201375121,,,55.7148419936915,,,,,56.17493692672208,,,,,86.12845106233674,91.78561845840531,64.93727322077565,,,,88.44904026792602,75.96559808531157,52.89835692046434,54.939115813855935,,,89.03868500594103,,84.2354792035103,,39.74740893210386,,,59.373801241399306,81.3258833327667,45.36634479087226,95.31537002131716,,,48.993243601258804,,,,,54.13741347054326,79.70648967551647,29.13717894120642,,,,89.43914988646804,,,44.75177402017824,40.61131238916445,23.92392917586608,,33.39137202578449,,,46.60715969220155,39.00878619608164,34.53640044496121,,91.6254677078148,,65.44071734744968,65.22322746828328,,,81.9135504954042,44.11815435834432,93.9359277426118,,34.97764207710986,88.3458577521463,,,68.34781853657894,,,,,53.8952434510392,45.532697893641284,,,,,36.235603457633616,50.86086010695454,,,,,,,,48.54812970645135,,,83.86532625550981,,,,,,,,,,78.62799515263873,,24.948119960764316,25.09545471673984,,,,,69.87156832981294,,79.06660413212589,,,,32.26468460923184,,87.47236049820435,91.31646430562522,73.8275269784039,77.86508859777517,75.59745440803353,33.16018084877863,,66.20639045829446,61.26644929736198,,,,,,,91.81044528157643,,,,,,,70.63812997316556,,,,94.60379374641757,,,94.35415604978755,,20.69324004579759,32.52972094350787,,,53.59405793138039,84.49179386975958,81.90280884817898,,,,,,,,,,65.24979681311717,,50.645410605061954,,,,71.47732944313223,95.05033960878141,75.18162387070142,,95.80968831244148,,,57.148299113259604,,87.48410488652158,,73.38964106123679,,
1941-01-01,52.26299853974889,,,,,,,,99.36824010331402,,37.67831059438369,63.70482453369408,89.72032622499682,,,,,29.51517297277967,63.49461907281078,72.95333588307606,,,,,63.50237559235779,,,,92.6189139973524,,,56.399940122331095,,,,,56.8610738940646,,,,,87.16099248658674,92.1731238338395,65.62585260447831,,,,85.06729792549285,76.60967282171694,53.57526235902208,56.208070547143095,,,89.49224931790462,,85.57093730475856,,40.347478754484634,,,55.2165184605129,81.90741760094633,53.99579310676281,95.59196627117231,,,49.65377021110985,,,,,53.5705604686435,80.30699210206787,29.632859286273483,,,,91.77837232010197,,,45.38823398793534,41.21826613886122,21.69648316177113,,33.93327076088425,,,47.25493059882879,39.602774165611955,35.08974670004903,,90.70018310729738,,66.69821707702212,65.91129198827055,62.70938623644924,,82.48762170787533,44.750477587376146,94.2602779502237,,35.53528686784222,88.8140226988097,,,74.4576362065974,,,,,54.575404439266826,46.174065102344066,,,,,36.80515751330521,51.52992990530627,,,,,,,,52.29544787544435,,,84.4122138154618,,,,,,,,,,79.23990246603505,,25.392613741645686,17.811925823284803,,,,,70.54536266822444,,79.67398719279032,,,,36.85477472416012,,87.95791230740899,91.11840299383329,74.4796027016128,78.48450393340632,75.87644047716812,33.69971703841932,,66.42669117356515,61.95817191570998,,,,,,,92.19728591292453,,,,,,,65.69076416114376,,,,94.90585769037406,,,94.49099863053634,,21.079897547320936,33.062727196420695,,,54.2732759538528,85.3304459712876,82.71923467591257,,,,,,,,,,65.9378114470744,,51.313560566249585,,,,72.14344113544759,92.69125117428783,75.82400874633343,,97.50872282297522,,,57.836349687161295,,87.96943013152571,,74.42894964111917,,
1942-01-01,51.811781602301906,,,,,,,,99.3386057376386,,39.1620633188241,63.24124285956816,89.4205147442461,,,,,31.407240889546006,63.0309227045518,72.50982595120985,,,,,63.03868320943824,,,,94.4323049516524,,,55.513280255730216,,,,,56.400539338153386,,,,,81.82557271500193,87.6967018703345,65.16397441303931,,,,84.7081116792276,76.92096675948463,52.02043224701893,54.66117656616041,,,89.18901971971476,,84.00680810497633,,39.944321011498474,,,55.09557525461028,81.51803353914379,53.540420176311976,95.40753836095995,,,44.00797033294725,,,,,53.11613658404342,77.82409357687766,29.299650027989443,,,,92.69602245368779,,,44.96074534127309,40.81050247914617,21.43065040622091,,33.56907285538095,,,46.8198907879909,39.203686670244764,34.71787743453598,,89.68784609413483,,66.23781825420325,65.4497698592018,62.24538349468203,,82.10326967763609,44.32575231619064,95.15369043391735,,35.16053749505146,94.20811449815845,,,76.75985132386054,,,,,59.72057069963075,45.74329948731003,,,,,36.42243018846252,51.08069900864267,,,,,,,,51.84414612840105,,,84.04618109976752,,44.46012377187496,,,,,,,,78.83002480646158,,25.093748141628993,17.58400204255809,,,,,70.09359516421021,,79.26716383622178,,,,36.471742638455886,,89.40038296777242,87.86027483508354,74.04256991464399,78.06955612502323,77.60651554799293,36.64146938983976,,64.17985634148047,61.49405379495503,,,,,,,91.93889152605792,,,,,,,59.407517336333335,,,,94.70435552159879,,,93.7097847912498,,20.81986053624093,32.704489638999334,,,53.81730885189053,86.26261812066029,82.45262759438255,,,,,,,,,,63.66991775455582,,50.864941390438844,,,,71.69689342878267,90.75045471475815,75.39353513430899,,98.21673853537348,,,57.37456091027007,,87.64483995802992,,73.99168566153772,,
1943-01-01,51.94897736044442,,,,,,,,99.2910882627347,,41.91763810474176,63.382355097939595,89.51223399197859,,,,,31.513184691509654,63.17206661266648,72.64498481293275,,,,,63.17982602381458,,,,94.49604547819735,,,56.035714035686745,,,,,56.54062667475623,,,,,81.94363293533935,87.79573189337485,65.30459844766763,,,,68.31978330523569,76.3094219541028,52.15779535261218,53.19277997339387,,,89.2817762856392,,84.30000857132654,,40.06678560047694,,,55.23501132364197,81.6368847733304,55.031430105023645,95.46416513680116,,,44.13659644620698,,,,,53.94246162779017,77.95113530971727,29.400786298633253,,,,92.77084559476289,,,45.09065183455383,40.934374436338075,21.51128891313676,,53.003872445523335,,,43.08648130339401,39.32490799634074,34.8307931616057,,88.94454684071312,,66.37800943516044,65.59029012112745,62.386608684321686,,82.22060008262164,44.454812510532804,95.21224120444973,,35.27433150549377,94.27339111416484,,,77.93784308128345,,,,,59.86167233783628,45.87421005270805,,,,,36.53865771199373,51.217282191172316,,,,,,,,51.98136806291265,,,84.15797076618036,,44.589365400138405,,,,,,,,78.9550636469397,,25.18443205538596,21.300606602665916,,,,,70.23122453486853,,79.3912812078926,,,,36.588063143184634,,89.83953888060134,87.95865047027517,74.17578513477311,78.19612395259838,77.73396949755531,36.75810870372411,,63.84061039321431,61.63530285028709,,,,,,,92.01803124280146,,,,,,,61.05687564020867,,,,94.76618468428177,,,93.77835744114029,,20.898737234553188,32.81324991667155,,,57.84005123071492,87.01677823873821,81.81839724813969,,,,,,,,,,63.810952337592795,,51.0013360389741,,,,71.83296233638475,90.12302220880706,75.52477877001307,,98.23123642182196,,,57.51504283396034,,87.74407582949736,,74.12497031991929,,
1944-01-01,52.02569504914274,,,,,,,,99.29996106533099,,42.126898713099315,63.46120310196888,89.56330857977635,,,,,28.92622415556407,63.250933545931076,72.18607287248038,,,,,63.25869230053165,,,,96.31548590792912,,,56.11389734676253,,,,,56.61893903158486,,,,,82.00947464474689,87.8509010627123,65.38316212506241,,,,68.39747812994206,78.08831541916132,52.234605661967535,56.24938081668249,,,89.3334316901257,,84.36208542337816,,40.13531089172145,,,55.31296608224734,81.70317065775149,55.109322119560304,95.49561979665972,,,44.20855391112308,,,,,54.01998650451188,78.50986062726139,29.45740792154623,,,,92.81246667883887,,,45.16332182252637,41.00368408021906,21.556452849320262,,53.081038804480585,,,44.18464873442135,35.41782497329415,34.89399232516247,,88.9970341271698,,66.45632460806874,65.66879406009095,62.46552559015803,,82.28603203007255,44.52701157160588,95.24477006640606,,35.338020816197655,94.30967655889258,,,79.45856440372648,,,,,59.940534289242976,45.94743857886253,,,,,36.60370485611391,51.29366064936427,,,,,,,,52.05810024086954,,,84.2202931893079,,44.66166543199911,,,,,,,,79.02482619812714,,25.23521264894548,21.345433226619914,,,,,70.30808333203112,,79.46052573470453,,,,36.65316216065324,,89.8897708393512,88.01345302453997,74.25015043285516,78.26674630861415,77.80509030832793,36.82338557741194,,63.91940893066004,61.71423737204436,,,,,,,92.06206625491248,,,,,,,59.68264748968626,,,,94.80054435358734,,,93.81648459758695,,20.942915830836274,32.87412945737715,,,54.49639765512042,87.0736411744174,81.88442151550228,,,,,,,,,,65.36383323651687,,51.07761003668729,,,,71.90893838890273,89.12160196564028,75.59803290227106,,97.1672202435708,,,59.838314835828996,,87.79936032818884,,74.19937477374685,,
1945-01-01,51.86232341554522,,,,,,,,98.3250451876442,,43.769473246188475,63.29324340151772,88.35999229674762,,,,,28.807196318640727,63.08293458785958,70.23912702862056,,,,,61.07891241108807,,,,97.72137992492695,,,55.94738765691562,,,,,56.45215232109631,,,,,86.00388557798262,87.73323897409475,59.552583432770945,,,,68.23194853095045,77.93737845549163,52.07103596500509,54.554134392190164,,,89.22324727564887,,84.93954126995405,,39.989423974205195,,,56.69527967800197,81.5618637811142,54.943437082792435,92.97489311136306,,,43.83129109258608,,,,,52.25326574730471,78.26930079990395,29.336889738866255,,,,92.72364517237007,,,45.00859429216829,40.85612460462671,21.460337753083202,,52.91670749955204,,,39.15406282180851,35.282060985806574,34.759459091091905,,90.3945076090435,,66.28948423329393,65.50155580167979,62.29742411514951,,82.14654059792308,44.373288881606854,94.83401730260772,,35.20244296387216,94.23221966852253,,,78.42905576351818,,,,,55.34571226201916,45.791519109474756,,,,,41.26619097810521,55.13344067707355,,,,,,,,51.894697624313025,,,84.0874138611582,,44.50772730514905,,,,,,,,78.87613006050594,,25.127136287178264,21.250036401285033,,,,,70.33220366009955,,72.22370080261103,,,,36.51457966502263,,92.1942878751964,87.89657105322,74.09167909446303,78.11622335771247,78.28667519340439,36.684423974184924,,62.978715131313564,61.54610206797501,,,,,,,91.96810438481975,,,,,,,59.514726775532445,,,,94.72719015351426,,,93.28647214914916,,20.848898891080992,32.744539385673235,,,59.74594117005756,89.93057200024316,84.70364251760023,,,,,49.43809595122121,,,,,65.19646108439734,,50.91518694096189,,,,71.74704987398933,92.77587435148945,75.44192031845706,,95.40960095247019,,,59.67036217627852,,88.92032872028078,,74.040820334528,,
1946-01-01,52.57501133628517,60.501742948617036,,,,,,,98.75891434621406,,48.69797007547337,64.02451845933837,86.59637970750438,,,,,29.32808263403619,63.814410032721284,74.76474955284706,,,,,60.40834934717949,,,,97.69711928781805,,,55.917889277676004,,,,,57.1792055505713,,,,,87.14030411728366,88.24160455196748,61.80238438961136,,,,67.02589785382811,78.59221472438391,52.7845649943915,62.545767483202106,,,86.96441117818968,,88.24006555914539,,40.626916392227585,,,57.42284616932769,82.17415404476557,51.346713211288716,96.30594691510139,,,44.49881198460683,,,,,47.43549547857614,82.51779725304293,29.864261901571453,,,,93.10592559277015,,,45.68425228345797,41.50085035043291,21.88135977244231,,49.61443267629909,,,38.704576877435045,35.87568852198972,47.689652345639075,,91.4879040872807,42.96789810396995,67.01545177664421,66.22937237424837,63.02945474571893,,83.03589435645402,45.044618762467934,94.92009419780543,,35.79526279850824,94.5649917456851,,,80.45787311801868,,,,,56.07010866906832,46.47230672080038,,,,,41.91424649327505,51.0804639458895,,,,,,,,52.60751715778576,,,84.66259167511944,,45.179985394121815,35.03861068461291,,,,,,,79.98099241280065,,25.600323462753096,20.032146466611355,,,,,68.9844599342136,,72.46362528141661,,,,49.223102357500316,,92.59984711687056,88.40151732714223,74.77996973118053,78.7692265207584,80.5208295662484,16.05564517792334,,64.58072914396926,62.278382277031106,,,,,,,87.89573580528432,,,,,,,60.246340150633614,,,,95.04211418278086,,,92.50989415177389,,21.26076411502753,33.31135880219938,,,50.91308682716813,91.83976505267768,83.20689691684655,,,,,49.850553321346624,,,,,65.92490532251531,,51.623839374713576,,,,72.45060492098597,92.28748137490165,76.11971461937756,,95.55943863393328,,,55.87484930150968,,89.41928928797505,,74.59637047381646,75.51885651271625,52.35371799071886
1947-01-01,53.918737421581156,53.558371757586286,,,,,,,99.36294840144969,,50.21579567330787,72.50466569057852,89.26745430477516,,,,,30.321957628040842,65.18362393798947,74.17189365646995,,,,,62.185152200651196,,,,98.0731995787165,,,55.12532142510496,,,,,58.54622538824308,,,,,87.23416806337328,89.1656424872163,60.84072957576865,,,,68.38145829271585,79.80141352527586,55.300326177816814,66.26264502618045,,,89.53052163040721,,84.86180239848166,49.43109252997143,41.836584904762034,,,55.26411158957527,83.29942119048997,52.681427534226955,97.17268906777618,,,46.087980777254145,,76.8504191800343,,,52.3225902775549,86.64757629807283,21.774124285574125,,,,93.79059618726178,,,46.9630093947419,42.72370476861178,22.687612050332305,,50.934510413476296,,,41.7691600023056,37.00477446434085,48.99087956571928,,93.54615996946785,43.485485983384045,68.37107345419517,67.58928051756546,55.640753347377455,,83.02662488987902,46.315611883538324,94.42223610003016,,34.100894095978695,95.15691171620162,,,81.94920682157941,,,,,59.084473955632745,47.76023411289504,,,,,41.16721885996051,49.4910110406816,,59.93740115109403,,,,,,53.95146610859038,,68.14584625036035,88.7669882038358,,46.45264549378806,36.15196143111446,,,,,,,82.0243735575126,,30.113341203437404,20.786108506244293,,,,,81.72994385045311,,72.09325822782986,,,,50.539566119422766,,92.42621089145638,89.15081867973655,76.05633958552549,75.50328623664092,78.78846021299907,17.910563271777225,,67.45979355226012,63.65060051233078,,,,,,,87.01686388493916,,,,,,,61.619210561975436,,,,80.47976623109805,,,90.9571139459159,,22.04972606322556,34.39079989806564,,,55.00018625671235,93.99352069287706,83.81297463280521,,,,,52.97044446999322,,,,,63.000846717678584,,57.7456400787133,,,,62.114508335751985,92.27557310614702,77.37484944665441,,96.40749856043604,,,57.60600246625718,,87.31544512783083,,79.66810685105979,72.11018879911384,58.62558948431085
1948-01-01,54.2611809430692,62.31099326574561,,,,,,,99.39861933912135,,50.551090417530055,77.93654795660015,88.34678997871748,,,,,30.577754616050523,65.53046953722237,76.80022134371643,,,,,62.533581249082836,,,,97.92050000083829,,,60.89129470674559,,,,,58.89380416773833,,,,,87.48225724901582,89.39400358862748,61.18918693907276,,,,69.21429425724696,80.10425584665558,52.736965998627674,62.78583879127058,,,85.6957145543895,60.05047472962035,86.53159011615355,50.35191601924558,29.4359702871964,,,55.608495653181464,81.71424649898823,50.91961490869623,98.44934728196324,,,46.3525524762318,,76.60959577118723,,,54.85876018241098,87.24660599036612,21.388729044681586,,,,93.95768527889598,,,46.22496892392962,43.03688843837455,38.191641519612794,,52.805245855751835,,,39.66851549231352,33.239395086012955,49.32324409980565,,93.49971633241789,47.52197611497561,68.71378346976911,67.93325029044317,55.32476992204147,,80.92284636265076,45.84524599135681,93.68882493712071,,38.70692861770281,95.30051709853575,,,82.97604946773937,,,,,53.75866142971748,48.08937966923323,,,,,46.320555400950745,49.824605221299315,,56.477046556014955,,,,,,60.80832403402996,,72.20706021208535,88.99965432117177,,46.77807348713229,36.43785619472722,,,,,,,83.216928760406,,25.86047249736181,20.980889009815364,,,,,79.89662896090631,,76.10816260923066,,,,56.656784662418616,,92.6138946575271,89.37934216708679,76.37714384028246,68.67003078095064,79.86181112129847,18.0839999040856,,63.369624692732884,63.99852386576943,,,,,,,87.23512331410589,,,,,,,61.96770154374711,,,,80.77875026361808,,,91.08524293835174,,22.253444517310427,34.66817904648794,,,56.044721161774014,92.50175711263263,82.71333102408225,,,,,51.34072226364965,,,,,65.42979198765435,,61.02336210581791,,,,54.95141471118241,92.73714133858557,77.68994359365055,,96.75722448739856,,,57.95289428111754,,86.98495089074704,,80.21665117485385,66.01642359399658,68.44706614517142
1949-01-01,54.44023231365958,60.9164285423814,,,,,,,99.4166593926868,,49.3930466402624,78.09991894282831,87.66598962874576,,,,,30.7119143971469,65.7114817874527,81.14962380433292,,,,,67.86521892759714,,,,99.1205469148265,,,62.41871720532557,,,,,59.07540987834352,,,,,84.4440358999342,87.88429426309507,58.09727104692619,,,,69.3925499361332,80.26174129739604,48.934099763552176,63.618800122529166,39.60224061842228,,84.55116895387967,60.23235215309726,85.30360879040748,44.985087148658465,29.566741543336793,29.568943548531124,,59.48826203410575,78.99025740227493,51.226959024846686,98.11086104385646,,,45.38736389294474,,81.93059122337863,,,58.368319781451646,82.77095320965796,22.989709391482304,,,,94.04387223450445,,,50.79350464443324,43.20089385727213,38.34561081668758,,52.98303104594484,,,39.82575945890957,43.22373306680976,49.49714850688627,,94.36375227990321,47.5484792088443,68.89252456213958,68.11267715195237,55.50460910849697,,77.84719538800175,41.696864078246485,95.17415978584157,,43.19926875539273,95.37445372453082,,,79.45033205046387,,,,,53.614266049529256,48.26162891984941,,,,,47.85078090741811,57.01380902774393,41.32995167753717,54.86405977647455,,,,,,62.6332245158558,,74.10577928414556,85.69739063867135,,46.94840737042287,36.587694995666965,,,,,,,83.80671761638575,,25.97992953425954,21.08316687976738,,67.91542035009945,,,70.1048930145543,,75.16088981276549,,,,56.693507846809666,,93.69529601777211,91.55136228657838,76.54415584140732,67.50454227291527,79.99769267484001,16.36941668740087,,65.57685451765624,64.18015029112789,,,,,,,94.39340586789965,,,,54.44194535288669,,,62.14968999569277,,,,80.93419440414405,65.15067399990167,,92.30917152835002,,22.3603986109984,34.81358619250972,,,54.20996999719245,91.4029888213178,80.92129051437406,25.927581626624097,,,,57.21602176323086,,,,,61.142436334372704,,72.44176175107218,,,,59.61111016756811,92.83315708515283,77.85392216318226,,91.47205773779012,,,58.134168483584304,50.4103025487374,85.03521478423397,,83.53422020347467,66.19717760948491,68.62605125903852
1950-01-01,44.47657786246096,54.932827752555994,,,,,,,99.37310782981575,,49.20432963233711,83.74727351455505,90.41519630725936,,,,,30.566225309720153,65.51488499987737,84.80307715769769,,,,,63.106777110657866,,,,98.38510780721207,,,62.04869727589018,,,,,58.878175318397005,,,,,83.75518709203969,87.74609570383551,57.9004137143402,,,,69.1989428312997,79.4686712883191,48.746037500121716,61.88346436230954,39.43200209838986,,84.07577780622715,60.19509494018214,81.34924789316277,44.80353526891143,29.42473275921187,29.42692757498422,,59.29090294104282,77.79290440017391,52.510867605635234,96.86914153529888,,,45.20507812015681,,81.7652421917274,,,60.58420227555325,82.0644010636153,22.871120665181664,,,,93.57575324577635,62.400168183089136,,51.34873063294796,43.02278618422291,38.299453037832286,,51.30905510244408,,,38.42390307717245,42.668088116283634,49.3082859938679,,94.53964908230071,47.362523793452816,68.69839084206704,67.91779953097226,55.27688910203445,,75.84104676254834,47.761353947445286,94.60897401433547,,43.35841691335083,95.29411912501186,,,77.29079176096289,,,,,53.42056133017861,48.07456486472047,,,,,47.664349281976314,58.33347655821917,41.15578295316642,48.80591730469044,,,,,,62.435614874235746,,79.44154032162788,81.17799384324175,,46.763424387169536,36.424976056993344,,,,,,,77.8571952603922,,25.850208890010407,20.97210339347484,,65.95099028212579,,,69.16845604798596,,73.3807663531813,,,,56.497390104524726,,93.4922857061422,91.436936586913,76.36275150946969,66.21260462921595,79.0641618175204,16.278432830529887,,68.32965937933739,63.98288811338333,,,,,,,95.00850113756678,,42.83210348735713,,54.24748761794576,,,61.952036738658364,,,,78.08685095058605,66.51427791806557,,90.90779075000415,,22.244256669176444,34.65568086275246,,,52.42234050161591,91.67469516912729,83.2515218338115,25.798048888566505,,48.16556204020864,,63.64536687262301,,,,,64.95004047679247,,68.75712864423454,,,,66.69488682378135,91.29008732111224,77.67581071577811,,95.65511259939527,,,57.93729484273986,50.22021171433349,82.36415777778072,,89.76149886659776,65.05304589944537,55.3129773053749
1951-01-01,50.52708458305162,56.174690138206216,,,,,,,99.40338604640117,,50.40803331934804,84.73748037501025,93.27613180043359,,,,,36.65423000022061,66.76227473222642,82.28256622022752,,,,,64.36100677714276,,,,98.62546192686618,,,63.30434425122644,,,,,60.13255027349695,,,,,84.74517913616009,88.61106078342222,59.152786995517694,,,,67.3332379972339,80.55896036336392,49.94571776949396,63.13924761815126,40.520647790716325,,84.3160292455143,61.45098210328121,81.89497217735739,45.96292042209297,30.335097416025004,30.337337833103838,,60.5458993734097,76.58686147241397,53.73938784128109,95.85867757306661,,,46.36902601481242,,82.80564564172941,,18.04466701943628,63.85628335362428,84.7383813421251,23.63257538383776,,,,93.24215521462126,54.48784474591961,,54.46397456687539,44.31912098890596,38.19858249876378,,52.52942130040053,,,34.834857955974684,44.52099416965996,50.51288283438409,,95.8797775698706,56.030939471404764,76.38311288456974,63.41727632244083,74.26720454147255,,79.15622959812112,48.9519186614655,94.90243385994437,,40.008168669379394,85.87585659297463,,,79.16957850696906,,,,,54.65458258453395,49.26809845180412,,,,,48.853981436883856,62.540104491864,42.26907420298064,46.11842410285533,,,,,,63.54264142700552,,83.93896683387068,82.23195884843408,,47.944101714152765,37.46631767698489,,,,45.13099128688328,,,76.36419421732631,20.12042024280658,30.963818054000036,24.605595360003463,,75.08007136789753,,,69.89428210020603,,78.19842643991693,,,,56.80745350092049,,94.0989013026303,92.14957973676606,77.50806790373379,66.63276396201057,78.77661368539967,16.863638740248632,,70.42843513031994,65.23521951252269,,,,,,,95.66396319581327,,43.9676087161001,,55.48600009628135,,,63.207766202116346,,,,79.20328513949522,67.75729919710764,,92.05285017744849,,22.990117959711366,35.66665857916176,,,58.30395362188803,88.00239527313953,83.27290139476196,26.629171499953852,,49.35994607023786,,66.98251075539434,,,,,66.78384474662765,,74.16606777246334,,,,67.93701990678557,90.76273854922788,78.79949735319333,,96.12637327267353,,11.110435432262955,61.29380535576028,51.43233249633361,86.76065033314082,,91.29115173217623,64.74332653143698,57.99756293405345
1952-01-01,49.902282788508515,57.14607161439809,,,,,,,99.35074930219967,,48.82370616352273,84.22838265793696,92.36160156490354,,,,,36.12006335942466,66.11727729519423,81.89404376546373,,,,,63.71213908948494,,,,98.53399045887019,,,63.627092717801844,,,,,59.48306621600974,,,,,87.37888545088079,82.00200067768006,58.50422126945429,,,,66.68956020423434,79.99740283486643,49.32347127923805,64.408124330221,39.95520129240862,,80.23425799148254,60.80087839101211,77.82234000639843,45.361207518662184,29.861586069990352,29.863802912414037,44.08921690447456,59.89614419517484,73.89010987720827,53.102573011685415,96.34137674539605,,,45.764981795771575,,82.27026669145422,,11.014298895339847,61.55952458871672,85.67290437477702,23.236154090364238,,,,93.63748873047932,53.848755579222576,,53.82495480670559,43.72738352704889,46.18025166720424,,51.896707099449046,,,31.079157363726107,45.59714965295566,49.888142091673245,,96.05486926374687,55.38780665505429,76.07443251873967,62.76760479415484,73.65310534679399,,74.27738783338731,48.334304487724445,94.16495291460971,,38.38947833211319,85.38407852360294,,,78.20002045798549,,,,,54.015014377428194,48.648974541843984,,,,,48.236841678444634,61.0973267724237,41.690971047808425,40.58746642936561,,,,,,54.35713527262065,,87.56733635799313,78.49481560826932,,47.33152169346718,36.92520935909213,,,,40.38359167027712,,,75.20437524861843,19.76970135516838,34.44495056636352,24.197164649225943,,74.47124174812177,,,72.73417308637606,,80.33055075481263,,58.48029687262408,,54.535234574920224,,93.78932390685907,92.7333768576801,76.91753806573229,65.57731847153663,77.55801729068253,16.558678513103608,,70.59162046511884,76.6838154009266,,,,,,,94.08016597004718,,43.378115610193454,,54.84419498690889,,,62.55796944701446,,,,78.62797703325663,67.11470403268716,,92.29656361025594,44.07532254223118,22.601780111391957,35.141197455979054,,,60.58708931605374,89.94688233461284,82.02471482673815,26.196658578334276,19.46095142926373,48.740389866239845,,64.85667872949443,,,,,66.13889431132849,,71.29334752268642,,,,66.12969969075738,91.14834882744702,78.22037044256848,,95.57287195290004,,10.894819156449875,60.64373781192363,50.803781698267734,85.71314476125728,,92.05538315596925,58.888267223120884,62.27315453460533
1953-01-01,50.572775127661764,59.4522344600364,,,,,,,99.34037675383739,,52.328585756169566,84.77433479980611,93.72538358490695,,,,,36.69338502715831,66.80927810445918,84.08011251587811,,,,,69.75762511728608,,,,97.83830437564113,,,64.56104619296387,,49.15372601450472,,63.33017441511348,60.17995481756071,,,,,87.00226448976173,82.57974363481192,59.20013453542585,,,,69.47088504033336,80.59969706355128,49.99122630024344,65.2398654590795,40.562069598673304,,83.5217721826469,57.510489718245594,82.28331924212597,46.00695841070303,30.369841237511565,30.372083372073956,45.57491183982387,63.02518676115585,73.0312904056564,50.360538113107566,96.18605269712936,,,46.413231501984534,,82.84444246775251,,11.247942514659115,61.82798920278585,90.21714996365486,23.661693757520464,,54.17635121009863,,94.04789751888762,58.29139835074606,,59.769588857519,44.36244115266281,44.87495141746361,,52.384161599449165,,64.51677725733545,31.601064861932716,39.55046608218633,55.959834297054336,61.21426409876158,97.61953356418984,54.2427660298445,76.75524365009183,59.244230414468916,74.3118590088651,,78.16045822340448,55.37755118431165,92.18537027996389,,38.65143795209257,85.91143326196331,,,86.08899612635908,,,,,54.70131630056074,49.31338418696184,,,,,48.899125414284974,50.257659135864884,42.311410879763756,43.951802129868135,,47.96468274489772,,,,56.93754750586149,,85.8346226221823,84.0248142694171,,47.988919438451994,37.50597634540236,,,,42.38730667113448,,,73.14249862173287,26.687767390075635,35.002102875728156,27.455535747130245,,71.85429291712198,,,73.80320926448547,,80.06100041952598,,58.11893240143724,,49.2610159299055,,94.9842502355956,89.70039039903708,71.93128671481198,65.6748680287784,74.36542040993304,16.886064334006978,,72.29800787548358,77.319299993058,,68.50927398564349,,,,,93.8858571192798,,44.010767157959265,,55.25043334446429,51.67446368760154,,63.25516061197056,,,,77.18163925324644,59.87765569472558,,92.95685100850105,43.89250669311071,23.01864554162637,35.70518158524516,,,59.29778050798558,88.54470555419297,78.99104187235794,26.660925691975677,16.431042032794597,55.96013133237594,,60.18434703730937,,,,,65.4896286717062,,74.3230815648917,,,,67.05899018893435,89.95030483942013,78.84153960348021,,96.62903339378941,,9.90187306548178,61.34124030473282,51.4782894880244,84.74122887769127,,90.3867233061307,60.363325488596885,62.20045302712271
1954-01-01,42.57114746963544,58.558990218852,,,,,,,99.0077822630173,,51.994037160845096,72.51223881287858,94.24860457163837,,,,,35.9586537616458,65.92099523982343,84.97436598733468,,,,,68.88097362733924,,,,98.10493229816545,,,64.12432985288015,,48.30279932360732,59.771518984055014,62.43550384497667,59.285792118132875,,,,,83.64855353926008,81.83698243391862,58.30727645994285,,,,68.59283656997209,79.82557278810188,49.13493195165209,65.55209043579993,39.78420955610533,,79.97595391332591,56.62110614628042,78.20363379343829,44.07144432017649,29.718678939449504,29.720888605598372,43.781712110055196,62.130312134240874,69.16742529009503,49.50197997743074,94.89813781674577,,,45.58209893462287,,83.10042706087475,,10.948878151291751,57.77789958628519,89.29680715407218,23.116667611394536,,53.29819433514673,,96.39840600945135,56.74241954714152,,63.22447739664187,43.548303370379735,43.654460091886335,,51.514338086246546,,63.623435554155506,30.932375008237777,37.62194533869301,55.07496532507889,66.20129481391277,99.03525351034557,59.36792378614226,66.97823665357495,68.09835901495143,73.46573573698234,,77.03287961380737,53.12355691582249,91.75274586775983,,37.89410784812526,66.0605124054675,,,82.79837794527599,,,,,53.82101776506405,48.4614092919947,,,,,48.04989442896147,49.174593224049886,41.51609043894726,44.709033288638345,,47.12192852965352,,,,56.442769549764634,,83.80449779853473,81.24268091723496,,47.145992234708565,36.76167625347344,,,,55.49773751481841,,,70.25714104028766,26.092631154137933,43.44752400813846,26.84827053908392,,73.98041630606102,,,76.0533760008941,,79.18982227589515,,59.240118646101905,,48.40938355832475,,95.41290227188782,89.81102553811166,51.46215470201354,64.50393251083217,73.40813908997762,16.466885599552416,,71.87207734613925,91.5586825696852,,61.10534545833666,,,,,87.47207610556515,,43.19972760207321,,51.65519542268964,43.586292425523396,,62.360434693509006,,,,75.19835378318474,59.871829337430604,,90.64882542663182,48.82080233795153,22.48474484194929,34.98244889819031,,,56.544994937779514,90.0226565081624,82.02526044885478,26.06621776047451,16.021015497627378,81.17376690149975,,60.816532160868974,37.2156395146757,,,,64.59802497985807,,78.79646391445523,,,,66.20710570518523,90.68427106056257,78.04332148990487,,97.25347385320512,,9.63378111290768,60.44622526239767,58.86595421759813,81.47533583777688,,91.12203041500521,60.96299424060297,56.056562098303054
1955-01-01,41.63026386922225,57.506629483783954,,,,,,,99.24600228562012,,52.06063577109179,59.66511461710277,92.22246402567221,,,,,35.10284149669547,64.86949992966096,82.19272166292355,,,,,67.84098534237424,,,,97.29461848626431,,,64.61122119849657,,47.30585859413105,58.71677881640747,61.37893306363189,58.2318916571871,,,,,90.02272540209661,80.94443631870129,57.255527337489156,,,,73.71388514120238,78.89767852783358,37.67567925306419,64.43708610033936,38.87658303553633,,81.37818472471756,55.57447497460151,76.18684999782093,43.114259523913944,28.962314473528462,28.96448568385668,48.835871489151614,59.43240085146044,64.36975551276937,47.69133205618932,94.81640820514065,,,44.60965494346936,,82.23302268411744,,10.604614202836604,55.842733264001374,89.97154475534592,22.485454011726013,,52.26667790481878,,95.06918603364272,69.63074433072838,,62.168292968824005,42.596673822038234,42.70511455694779,,51.54243744210021,,62.56761304990337,30.155232712527468,36.742739060332966,53.926727976908026,65.150595963439,98.96806722123544,55.26678339217075,63.10087568500873,67.05465065120504,72.45814306001274,,76.94267604658023,52.09301367224752,89.68608252052704,,37.01119996654108,64.53938014040368,,,81.86713294863196,,,,,52.786692876451944,45.78109835438532,,,,,47.055066373631206,48.170632201021036,40.58734543217284,48.40610581263432,,46.13514293652165,,,,55.38869334441181,,78.66875197787905,80.33911397361565,,46.15899234770556,35.89440424859867,,,,54.84359338981886,,,72.75240482193038,24.8850516987811,42.49698053315518,26.143794765592897,,58.644391708824585,,,75.01015537143545,,77.16068614639887,,59.407658602908754,,47.41156268064369,,91.35077026965244,90.64254699394844,50.441737216085784,65.74249106935932,73.14920700042538,15.982939241574224,,69.63453847973655,97.64191108861196,,59.20091430678616,,,,,86.44207428769678,,42.25187633557507,,50.633521512238254,42.63425480926597,,61.303849711660604,,,,89.77388316965975,58.816934829195475,,89.69097283485043,46.19989660978396,21.86659402159814,34.14098154212666,,,60.242444691657006,87.05718715198202,81.75399441286865,25.376550287609234,15.90229611944033,80.26895409508111,,57.69863908651782,36.34202555934283,,,,57.97081675719762,,78.26421992285525,,,,64.60802620499379,91.06084311620532,77.08847999365763,,95.53225231232439,,9.325411868126544,59.39057377006025,57.81290202199578,81.96217358095727,,92.35020219839483,59.90684783204612,55.01203496277576
1956-01-01,42.00607731814788,57.928099821557375,,,,,,,98.63794663092177,,52.47288634237803,55.5942975915861,92.14745739948778,,,,,35.44434051946463,70.18971237251463,80.42107313081615,,,,,68.25842567031043,,,,97.76282924741886,,,69.83180918725303,,47.70441959977377,45.15597369722696,66.91602999999844,58.654037498019854,,,,,92.20559173709287,74.66395346030374,57.67673258729553,,,,77.82112430708361,80.99718450406085,38.03172001006103,65.68258578844355,39.238961136970374,,90.13088936677183,51.67724436248739,78.19262438046493,43.49667178881319,29.263859308434736,29.266045945777197,55.18662942759109,59.855366269285824,64.79198277315761,48.09118956057766,95.2577275232966,,,42.46958509195515,,80.92890133280987,,10.741464038636185,53.99549985250398,90.92624774711285,22.736863824296627,,51.68088439423519,,92.95721468734432,64.23748910437533,,62.59168987092496,42.976836124796634,42.166832309896364,,51.953443647716966,,62.99090064889834,33.03020304635768,40.443833947197014,54.34294151672066,54.935099189434,98.05560207576248,55.208609340121505,67.00185949318389,64.33168936163824,72.863071495946,,80.7885392905472,58.2547831637495,91.12645924204043,,37.36361062305726,64.96145886740076,,,86.74487646436216,,,47.34618591464562,,53.200582367810846,52.350336584120626,,,,,50.274867809256584,47.47136191941884,40.958251266221865,51.06495414148755,,56.037011462877516,,,,54.75475219068511,,76.93129752507558,80.26202935717356,47.905392356425025,46.55350600902805,36.24051655493909,,,,55.471607671070686,,,76.12214310833096,25.156000375841447,42.876703106030156,26.42453694788902,,62.84365935984866,55.64040253942635,,77.50951919709766,,76.94334473700941,,59.267210610950904,,46.18589095501962,,89.6545952966239,90.45576530215426,40.38571105099764,69.24596979952872,76.95970018555937,16.175497554430518,,70.81871610566122,96.44632501873855,,60.729844037021444,,,,,87.39051446917026,,42.63050908455628,,53.42964370982726,38.252333948698556,,61.727330802334194,,,,90.04275729843903,67.74092435332409,,89.11556565325202,46.594559486346164,22.11277803731648,34.47670892914356,,60.00952449432084,58.24407575777366,85.78440165710668,79.99576929671166,25.651360145147983,16.094068292709352,73.9218174396838,,51.44753733893535,39.807198844231515,,58.81110100378055,,58.39273493530885,,79.70240198062724,,,,66.41101269913105,91.11405453747676,77.47276125230546,,95.81504542852296,,9.447961930311832,56.736627642216696,57.86997360627439,81.42436022223146,,91.38386617310837,60.330032855960816,55.43017339015217
1957-01-01,42.58796208749058,58.82966549448736,,,,,,,99.25535993328016,,52.3357118819878,56.239660218493114,91.21401831345469,,,,,35.97397350059212,70.82349522789511,80.35539592114455,,,,,82.49502379145375,,,,97.9276820375816,,,81.80927651087025,,48.320588648490904,37.85172186582773,67.56089097956888,71.11490924307927,,,,,86.9369676304099,68.74613155303639,68.00200240580065,,,,80.66421227036412,81.54925510212085,33.96072729907643,62.3150824124048,39.800441352009685,,91.3127576661035,52.31088029272715,76.06338296300045,44.08854359785863,29.732239102005376,29.73444945031818,60.46346407633534,61.98406323022678,74.52356177508052,48.7092970439304,96.14410894195358,,,43.05465140887912,,65.12063798488197,,10.95508065030314,49.553008969566115,91.53702132074108,23.12800235954854,,52.31453380428268,,93.27827496379503,64.84993520599367,,60.9395872029894,43.56530572788244,43.32763686540403,,49.51591861390603,,63.64218565417688,33.537284947116675,50.32740464005783,57.04317517740354,55.578884495531966,97.31216856842983,46.42753240555203,67.83900475845137,68.34296958486046,73.48355555625639,,83.0441486411954,58.90481986983826,87.56119192614433,,41.887913571164525,65.61040991834575,,,86.8706740904384,,,47.960514599886515,,53.83944512837204,52.98638480127003,,,52.559650236570874,,50.90296253654962,48.85482317670555,41.5326926198558,49.995944723621335,41.63128533856292,57.90016709740258,,,44.76781624524816,54.93427523187857,,79.09749675544506,87.78836913922191,48.52257495435842,47.163609727935,36.77719805568573,,,,54.16736460085476,,,77.79533370312276,22.827397102115754,43.464507406231554,26.86090925670952,,64.71748626250931,56.28586935352373,,82.65333330025575,,74.48377913096431,,59.91829419673367,,46.339279989647345,,90.36715733769958,90.38265445337743,40.95593900748775,76.34353995364364,76.15122742072835,16.475590768281023,,76.68650375376792,96.52168803599598,,,,,,,87.79437063529541,,43.2166639876509,,52.5992897102967,51.4337239874824,,62.37920682281337,,,,90.44925501541343,68.38350606222427,,92.70329391499926,47.2048871621512,22.49584676925702,34.997515464998365,,45.48010848107922,58.89409919930326,87.90140946293538,78.43089374310098,32.21490951093134,17.669233197893654,74.53589334811639,,54.08018108760129,32.94171868782191,,59.46176393962712,,55.03151750704917,58.73445011364606,80.18674991860708,,,,56.54553518040022,90.97332046891857,78.06016673762409,,93.50730250447408,,10.170894692255716,57.38433302338799,58.75751909591968,80.56051673914962,,92.33895073599952,67.0510227702582,56.07515860667254
1958-01-01,43.10254434822567,58.90079240922637,,,,,,,98.20116117283368,,52.89443530744818,56.976175517823194,90.59340354591137,,,,,36.44324206045568,71.37809108479229,79.31879933760526,,,,,82.9645950418511,,,,98.8383117470112,,,82.00077116909068,,48.864538569641425,38.33506587276937,68.126078709937,71.66831720340723,,,,,87.3481127615154,69.30803235292029,68.5660395085385,,,,81.15294199087887,82.02904340732219,34.41385528267777,61.14803102302804,40.29738392989059,,91.93787881523733,52.8695276499584,76.93202562008884,44.61172381623177,30.147961491723674,30.15019262922506,66.27218414066982,62.55681074010519,76.9094846765901,49.25489122589754,96.14730351506013,,,43.571975649013474,,65.69068674386989,,11.145758063479915,47.45771060788019,93.97137693667854,23.475812013845633,,52.873192365734,,92.74191327922028,66.78048029064054,,62.51204097399663,44.085560072147466,44.89518712781715,,50.06478032103856,,64.2139875555447,33.98688066857485,50.8793550002111,57.612721903830575,61.475007971677684,96.38605320164137,46.96283535669302,65.24497562769649,73.98795522146422,51.690462390044665,,82.90514995268222,60.58403491788511,87.72773943848159,,42.14014516006985,53.43549160987031,,,87.52142899129566,,,48.50290123556805,,54.402410347000576,53.54703204925168,,,47.37366894533266,,51.45698162976675,49.40102132219165,42.04085026558466,54.44776443374024,42.14005635991571,60.39138012758838,,,55.0818005484538,54.456054460820155,,75.99808618861881,84.85109731148178,49.067384919826665,47.7024001227079,37.25260363996339,,58.295849014952815,,54.34864345866568,,,84.14791200280895,22.155172891596475,44.6838386663112,27.248533156542575,,65.91345423808717,56.85416884160161,,85.72542325068382,,73.7762523702945,,57.632578371646595,,46.87415419600903,,89.88485594468227,90.73367639242201,42.45206757576669,76.43654913845967,77.6075615915186,16.742966538746696,,79.68159879998011,96.34783187094133,,,,,,,87.6011981430223,,43.734925805088764,,53.158808587367965,49.94590789519668,,62.9518247801163,,,,86.60055322729035,72.60190034993632,,93.21688568622973,47.74386842641517,22.83654217345694,35.45909065927852,,46.01069066073931,59.465865212731,90.99254550216071,79.27529588997345,32.65316785986359,17.95196558706221,77.59584420119722,,56.7433039955642,33.3862657337213,,56.088861213344686,,55.877767008304204,63.08161871789064,78.62746075777805,,,,57.11428418889361,90.1331763190166,78.57199359943388,,93.94774142424876,,10.349865099266397,57.95437787384792,59.211900237346995,84.92263758296629,,93.17997017588226,67.06549937426615,57.18349431633687
1959-01-01,42.4151932930338,58.13717274046859,,,,,,,97.51486401564007,,52.14776374923791,56.216252446927605,89.52787888348377,,,,,34.86164645639642,70.63605515558545,77.12966763310351,,39.459970125097676,,,74.5684088465305,,,,97.95591768223821,,,81.97745463714045,,48.13775940976767,37.689581145594865,67.37006158924908,70.92785301835835,52.7571282959713,,,,86.3941190076668,68.3595116078419,67.81153691565154,,,,80.82098555123245,81.38639829130791,33.808827634355175,60.3822795952482,39.633680327888634,,91.39886615466438,52.12295872475386,73.29654523304549,43.91283877929371,29.592981952808884,29.595185283389625,65.6784973331903,67.8722746329296,78.59488187159761,49.09819340739915,94.62701923930477,,,42.88094692260498,,52.52583382246328,,10.891434855547876,48.399373488145905,93.6130399259722,23.011629978198968,,53.01942792961416,,93.34737811326393,68.44374307925524,,60.58420630648036,43.39060070984557,46.568430715294575,,49.331394510794304,,63.44933158250308,33.65113340246788,50.14181173376579,54.04588673869366,67.3922590984774,96.72898943791306,46.24767607735131,60.10735524962496,72.86446893538383,61.066642024547505,,82.43750919681808,59.98259794729943,87.96167388244172,,42.32597411247971,57.62623903599111,,,87.56564596923417,,,47.778223751042624,,53.650009788358346,52.79776370466664,,,46.655881150921594,,50.716652150746214,49.023860640232165,41.362114133344804,53.69520647136707,41.460497854888004,59.04888551944709,,,56.37311839147703,54.58722457948664,,75.28798973855724,85.36780662583142,48.339449320473626,46.98255579790419,36.617750935135206,,57.53320890180187,,47.96372298937992,,,84.3696805647226,21.64672137782233,43.98442359982082,26.73112974826989,,69.16141238892173,59.2872461656371,,84.50684847169482,,70.96766814970553,,53.980597912734574,,46.15957077777155,,90.0658888735945,91.30367715107897,35.22409950218444,75.45830697348181,78.76465237795173,16.386240943519425,,78.07328170001001,96.83758844634319,,,,,,,89.9351013713852,,43.04263942483183,,52.41106359391077,41.78241326750969,,62.1861404195577,,,,86.03427359947759,72.0505397772875,,94.04212230586634,47.02376763545365,22.38186765987861,34.8427557972827,,52.41362827725307,55.6462259942341,91.86423809475632,71.89225848541972,32.06803954696257,17.64228915053311,77.08760490967289,,57.24504438000147,39.465180887413695,,55.33120412427963,,54.65068464832208,60.02902943219566,79.40256193387364,,,,54.702683378520135,88.62151676769392,77.88671831536236,,96.3535823061752,,10.111167401283561,57.192364992129164,66.58967584714448,83.35576419225768,,93.30739997349924,66.3062949697967,56.42309232494465
1960-01-01,42.14082860064309,57.83098495187684,,,,,,,97.3702376289185,,51.84892312834983,55.911733574777365,89.56413301508827,,,,,34.61601742256196,70.33711145545442,74.88867783566337,,39.70719188623284,,,74.27939208912856,,,,98.14862188019168,,,80.21045406683405,43.074057033049094,47.84721170740557,37.432238394727044,73.71747335926402,70.629503284427,52.4572575222781,,50.17137758578107,,84.27857650142232,70.6560510344507,67.50793896238247,,46.33518280248429,,79.30110294730787,81.12593625172767,34.37482661276723,59.74799878438315,35.532673080307916,,93.33616608235123,51.82416134887349,74.7272279076101,36.508515066566616,29.372164189420204,29.374356336696984,68.48566602456138,66.80401986148206,76.82478880194827,48.80542428835516,96.5198382249357,,,42.60508077090913,,52.22634675608704,,10.790745318731709,50.68875475565222,91.3407029856685,22.827239620747253,50.68389925734253,53.33892783485415,,92.99982030999097,77.4666925235643,,57.350423837236605,43.11312839933264,47.0638803125647,,56.49534409826891,,54.514721656609,33.410862376973704,49.84679516584145,53.23385181974414,67.08813335791153,96.24072214104011,43.850856137137974,58.45062435182744,75.6167987828426,60.759231656048705,46.046929159888265,82.91410653728977,66.40614021575865,87.77669512248606,49.84500638255957,42.05190069321303,55.22967978620687,,,89.13685136612253,,,47.48854498767007,,53.34874228108799,52.4978264448001,,,46.36904448579301,,50.42047253957913,42.56036619367478,41.091262015109855,70.01577870298921,41.189310689709146,60.51109639771997,,59.277826489342125,55.810156988534864,53.890035335923024,,75.00126374507529,84.70002542205005,48.04842304781288,27.903110510264217,36.36471485816877,,49.68134967278728,,47.67359337567297,,,82.83158906772485,21.47065041578332,43.811093086306165,26.525407697460125,,62.4557699666058,68.01097021311129,,81.15652120464357,,71.87922307146756,,57.05293972818324,,45.87405300378688,,89.14388071533124,90.63545622957368,34.97690613183033,77.02556180492617,78.80378111308855,16.244780931083646,,74.85970544719814,97.58205837345992,,,,,,,88.28992656987126,,42.76625952832431,,52.207521623431894,45.15671311540116,,61.878702786484375,,,,85.80387856532404,73.88838881526901,,95.08318549796508,46.735977849051714,22.201282713003835,34.59720880068915,,52.11433057888979,54.952100110653234,90.33538256104616,76.60078175210602,31.835084601958542,17.349092793617583,75.46947332699726,,56.092431229250984,32.42047672211358,,54.60981417844564,,54.34871661544496,48.080448140986306,80.1011959469234,,,,58.46085495690636,87.28215978257839,77.60960989303723,,95.45805690493785,,10.01668819410263,56.88691442597273,59.842230294892374,84.035359374271,,94.87883167477666,66.0009899621168,56.11836175196483
1961-01-01,42.852824987152374,58.62393572500648,,,,,,,97.35770694030975,,52.6234950371304,56.70058183080713,91.80618915828255,,,,,35.25399678754504,71.10964197886528,78.78704953288917,,67.88911743615135,,,78.076687214153,,,,98.38352509330532,,,81.86715588460201,51.39289328401115,48.600679217814424,32.665358173813374,70.68685093848465,71.40045288201753,53.23443624641049,,52.02249060738306,52.47735544310961,87.12510543056,71.42685428056821,73.30393267949987,,47.07893617994957,,78.55409671936087,81.79719250900109,35.592299040339846,54.74107683927243,36.18081113449263,,96.06547630226214,52.59862372341517,80.01621338087853,37.16712291983728,20.41593149012688,29.948259939594337,71.01400103959278,67.59134015113611,77.21219543850718,50.72261066017929,95.43018524520902,,,43.32093405711017,,57.888091292933616,,11.053016434934182,52.690444769188694,89.0253364358004,23.306799849692517,40.40218009402672,56.7052875900768,,91.77877477451601,74.2948173398536,,62.8546697930467,52.75933448530008,48.69604539976539,,55.374911414223305,,55.299501642670926,34.03501015775805,56.45550403714501,58.872445533678516,65.75388958262272,94.91624824869798,44.57664178633301,57.276568981874476,69.6306614511489,61.55499385419751,46.78872488403346,73.4682355666892,62.32409651564974,91.90685875198646,59.35167027217689,42.76314870301389,56.164034652648475,,,87.63189315188183,,,48.2397929867595,23.19635012442307,54.12944670742028,53.275173241190245,,31.948746136390803,47.11302562217057,,51.18829183437612,52.270545588146945,41.794230120766194,68.91978066842111,41.89314025895958,63.00347667485538,,58.86003903908963,56.657654715703096,53.974932060078395,28.79084246474013,75.74145943282727,87.14752020738332,48.80311245807161,28.457203175638178,37.02180227440296,,69.65399413578778,,50.87847500966567,,,82.97183152761853,22.212773640439277,44.53657115158476,28.9039015500431,52.47735544310961,63.85228829979259,68.79411065646035,,76.98486117725422,,66.37921305291007,,57.84443794823424,,41.128073214222916,,87.75259572989496,87.80999692122865,35.61892236145394,81.73751212551895,79.26094770853743,16.612978064515804,,78.40822935394034,97.6265586156623,,,,,,,91.19281539584519,67.12532566300105,43.483432169952806,,48.77555150020088,47.63322555798594,,62.67439395389201,,,,86.39661500550497,73.02982312590815,,94.33817217015246,47.48239715854845,22.67097982328702,25.30970360383218,30.206690502988607,52.8900597219458,55.73825017565295,89.97931478059883,79.36857409656784,32.440334816923034,17.47949163878191,76.2055342629603,,61.89390049517267,41.63873587114746,,55.394899458695555,,55.13295379696687,50.65936493133303,79.59957281222133,,,,58.84441918213421,87.07809740209001,78.324503556246,,94.62779185154999,,10.262811446739173,63.43909615128322,61.92826821879076,88.0388906176935,,94.83596416565024,66.79061016774364,56.90773513128637
1962-01-01,42.739489046860626,58.49806817346001,,,,,,,96.57974001489106,,52.50040336540589,56.57531760147454,89.00417726268887,,,,,35.15232209590181,70.98737743329889,80.75427048133055,,67.76455580645845,,,80.42060784735429,,,,98.9877448754752,,,80.65899285353596,51.27068614908226,48.480856276367376,32.56842756951276,66.51166797470584,71.27844857612953,53.110944102535406,,53.05688705396516,52.35436338950983,88.74232829247876,71.30487405078301,74.53196730539884,,58.56287067387087,,78.44162691641533,81.69135491268118,35.49003296851006,52.8244250972628,36.07753212821635,,95.98174701599203,52.47554890169099,83.91612869638516,37.062191519538715,20.346684011506543,29.856723270485308,76.88481153383808,67.46661818660608,77.17087413751537,50.600928539626544,95.49662052327025,,,43.206992782319496,,66.64158805765321,,11.011055284542348,50.34414133925844,89.34951450087954,25.557389345950533,42.77950336849838,56.580021546552395,,93.36044659991806,82.50443907096545,,63.16394074955775,48.81864961564493,51.307252598797916,,55.25022296569857,51.360396906747674,55.17484979004968,33.9355212955906,59.266865806401526,58.74652052703602,67.65654811645729,96.14176100821093,47.605097608045796,62.06502818604329,69.21791322326789,61.428757380018496,46.67072180240452,70.7634537062929,62.137932505790715,94.5215285036835,59.639041438282916,40.33390048641973,54.892999805074695,,,80.88833810455887,,,48.120315625675744,23.1200541599351,54.005414879766974,53.15165531555661,,31.85319701824283,55.36349722417715,,51.06624174898562,52.70350426595416,41.68231231988364,60.281658496975666,28.646829815133945,63.69020933471254,,59.792734944082326,46.63572931436587,53.201026867716465,28.70173201326588,75.62447848921717,88.58602079481444,48.683099376348636,28.368806369918953,36.91711076668008,,68.81499671824048,,53.14155568939567,,,83.42776273792106,22.832399435278504,43.501105067616955,28.814550716223064,52.35436338950983,65.10474734173516,68.6700891176306,,76.2713187464602,,68.03502866799651,,59.06797831232251,,41.01708258872998,,84.474718434819,86.31903070110303,22.632644755855623,78.4977291514825,80.09163007612824,14.806589747058041,,77.689429262865,97.21015166222547,,,,,,,93.04141742830703,65.69656267561706,43.369283898132394,,48.65556414871101,49.16965972022479,,62.54819962717486,,,,86.30338278169212,72.46453773302173,,94.28892619841479,47.36367245186701,22.59598064250933,25.22835414256828,33.54790007388906,52.76679013758605,55.03135315159271,88.79174485408903,77.04750014779526,32.34383483635802,17.418194059946966,72.23496646311594,,63.56185964361261,42.70393180410039,,55.52618367560489,,54.49885240396599,56.93884062492338,76.35744679674457,,,,58.71850041709257,76.91425713271033,78.21162472501746,,92.24258760806464,,10.22342761091073,63.312990946568995,64.9702489754071,86.71870892223421,,94.43219447218881,66.66549890465852,56.78239259215043
1963-01-01,43.76219469184031,60.48569066944152,62.67915048438655,,,,,,96.42214855214425,,53.6083232202764,57.701472841549936,87.66113982168527,,,,,36.0714677818508,72.08098984923915,84.7889855556003,,64.70870165828701,,,84.07378865765745,,,,97.02446335884622,,,82.18422015833016,50.534605488725084,49.56052475530958,31.41006316488625,62.13009169997594,72.36959652860504,54.222279149264764,,54.167929252400086,40.98326495604992,89.34229572074331,77.4641318911738,75.9246774887253,,64.03883020983304,,81.52519960480564,82.63262994291681,36.4144516424766,60.053036332602815,41.551108938107085,,94.80261699204185,61.841625220979445,81.51149181349159,38.0103522788525,20.974861548803414,30.68523968562883,83.17828089885832,76.7927025297317,85.23545398207699,52.87837031581368,96.64909248670847,,,44.2350421831305,,74.24698214758774,,12.78374080234068,58.2199783382348,88.91539889524522,26.3013685151418,54.10760009184585,54.11472466377778,,94.04136398743763,85.01921846174822,,62.885745933896374,49.901070046337935,53.24915287677885,,54.18780907586529,69.57204328519096,56.29596107911552,34.83516255948024,58.51049033198954,55.264458205492815,68.85737760859476,95.74368319719807,48.67731539657366,63.19786418808597,68.2665366198169,62.56193288581282,47.73449160800766,76.53337125578047,62.06159079210005,95.09714879268749,58.42541121901006,35.76338256194721,62.16720602242032,20.368236102219594,,72.88254540623828,,31.545277059851884,49.19697181009359,20.65352781218549,55.12132468598643,54.10279406437981,,39.170965999690246,56.48536381058642,,52.165219402301965,66.92448610008066,42.692482775086546,61.42404075595769,29.575566898098437,60.70936780385501,,60.52262057629532,47.6991728142804,54.00296128244304,21.826589133499397,76.66857195798076,88.99825536744149,49.7644236874273,29.169179201188598,37.8631362581273,,68.49110919770179,,51.559661670664106,,,79.66483428620434,28.283931931129025,44.532453247504876,26.410439257670127,53.2460029885176,60.978826346615755,86.05433183577243,,77.49501383651176,,65.06238179954076,,60.0426914011587,,47.818884652488066,12.338066287243421,89.77855734960475,85.36970221529727,22.32025782116718,82.24723419958171,80.7962302579022,14.743081174278617,,80.13359679132597,97.53344919676957,,,,,,33.17390851217641,93.87120566130177,69.33850968953159,44.39915959715357,,49.736664455467036,51.543689615556644,,63.680574305483084,,6.748437932756445,35.206179382344075,87.12951640216747,72.38676801341273,,92.56286634089221,48.43375654064902,23.275966378434877,25.965456982517022,34.441162225824684,77.25703663559632,55.22483147142607,89.26699782518149,75.35793249163282,53.2605597192469,22.805528010744535,75.02745240882999,,57.95390076347526,45.40242247213061,,57.154114971712545,,55.51768602112339,66.6342032042449,76.85738779797117,,,,59.84980293729565,77.02040282474348,79.21770266907164,,92.96875920638283,,9.493430195629582,64.44427110450657,64.01685480416197,87.15216123946448,,94.59999278616054,65.85005864342858,57.909182248097956
1964-01-01,44.19229422462083,57.1487541225985,74.00992062369673,,,,,,97.72400110367434,,54.07236180672608,58.172261005333546,88.58447624890135,,,,,36.45914171250595,72.53443489206491,85.1543124108198,,67.16245437633125,21.773374876006145,,84.44633876732681,,,,97.20123267341432,,,82.82414199280296,50.990640056888694,54.18853983637466,30.37840667813856,64.46685945734099,72.82192796048778,54.687620574604345,,55.110835116004495,34.82227082080247,88.31658785650302,77.89069904839718,76.36031064314378,,61.99327788201947,,81.92176421890397,83.01929974041386,36.80430020341585,60.525566775632456,41.97038560980106,,94.97115232359222,64.42932524647185,79.2778458315648,38.40997658307956,20.119424672444673,31.03537736579366,84.41027610353342,77.2233685844796,85.43915504492323,53.34073012947715,95.95849002930906,,,44.66730902980075,,73.4297273561778,,12.962754561851353,62.27905358447674,88.13266642940066,33.55956058391627,54.57270578926989,54.579845108416826,,92.84754948063559,86.21997458759445,,72.64034888578949,50.35515452559216,53.51436609776161,,54.653080015833,71.70436692408006,56.764951433308774,30.838298073548298,58.982059266360686,55.731779815141394,63.58163585928018,95.88154805077822,46.04973855836179,67.62725488906366,69.79463776446042,63.03449885263821,53.144473965752034,75.3769695763141,68.25459492985874,95.7940386177499,58.59440026526297,36.149080990929214,62.964189048309095,23.179180666303957,,70.14498917364259,,33.000230469539815,49.6487710688418,20.916823114781245,55.588391732730756,49.52262905029633,,39.577343252099986,52.16396733135647,,52.625804409028,64.26584549037082,43.11748719682995,61.89683015194787,26.937936504947935,59.61152226984168,,61.04858262686768,49.13822173227862,54.566329694282054,22.10119332184294,77.09997100094654,89.30993104690144,50.21807434273975,29.507609746402142,38.261882486284705,,68.95562232414487,,58.4948608494557,,,81.60842314539096,28.051974876942886,44.96605646778688,26.72628074032717,53.7092258273876,61.451594197769,86.4049486033019,,80.97126832828859,,69.01157991850431,,60.51521773640509,,48.265856192152455,12.51184167459466,89.40200562721122,85.72825311543761,22.59952812136381,83.9355230622123,83.08280779926424,14.8217500571044,,81.74260502477236,97.35194028192643,,,,,,33.54217812658303,92.69635602374832,69.80085969337017,44.83216644832548,,50.19022641011344,52.14206120111993,,64.15252217345906,,6.851607381258629,35.58825179315319,87.46686246546112,71.17592473262708,,94.562079920057,34.831678806783174,23.56411446743921,32.32964301700365,31.599390300216402,77.68489240863333,53.25260477402376,89.1890882771932,75.83392445582648,53.723815999516475,23.601938145359757,70.92725099890664,,59.83340537283035,45.85914132348612,,57.62426903766924,,59.35888117572823,66.68408389256625,77.43033994227557,,,,56.726323307563995,77.88192857510579,79.63245492980346,,93.0425983617031,,9.63246541631122,64.9155645637133,64.61552127433,85.28565025775944,,93.58163881458555,69.97805630010514,58.380188763168505
1965-01-01,43.606371587811424,54.799773501487834,65.694250298277,,,,,,97.57947628673492,,53.4399264282815,61.10794776264448,86.94491409399225,,,,,35.93118051063715,71.91576437059788,87.44829222153805,,71.89640058547941,18.59073292921617,,83.58339900148339,,,,97.84419729301104,,,84.60188115227258,50.36920248269507,53.555755222018384,32.71919231519039,63.82362682311906,72.20476330987684,54.05339084598393,,54.47545046606728,34.3088649076591,89.98118861398197,78.16508495316737,73.17825249028272,,59.517070512540336,,82.49310407691813,82.49120554054115,36.431952272691305,51.226317448484274,38.95069297899697,,94.79073836863148,67.30252414013465,76.31244993246986,37.86569846320528,25.046469366510106,30.55863654651294,86.945496353264,79.20158659208411,84.94483412386677,57.036730013125634,95.14930165032821,,,44.07842214881654,,68.58914740298798,,12.719193211052747,65.96626368068792,88.31869293270111,26.89744139222664,50.74718617822824,53.94591985363248,,93.7704358443062,90.12539852044084,,70.99152934810905,39.46060660248138,52.88367518368169,,58.81972670239166,66.99110484823329,56.125683224025295,30.363579141387255,52.27765347519486,50.680628192012,58.77250607778406,95.72219639777963,45.17989626927572,69.28469805940483,66.6942924957647,64.39444109906323,50.57464942220331,75.70716166858237,60.419406032390796,96.85199510424943,72.23091997133099,40.7321934170418,64.12560891939334,23.33784355747325,,67.88499478054375,,32.16519872206869,49.03314214947191,20.55846760135377,54.95178222451589,47.57674716870205,,43.09877575811241,53.58816689440018,,51.99811871510918,62.799306201963766,42.5385314823717,45.43195302039681,26.5055419711145,52.247509335813504,,65.52811380602517,48.52496143061106,53.93244291745694,21.727428141325777,76.51115682422443,89.01000002751394,49.599906917981585,29.04683643330632,37.71880348742786,,66.665520795656,,61.14431290078297,,,79.03227912109973,28.388100854734745,44.375341589657324,29.052660386474315,53.07791313382735,60.3229490004763,88.77008163721052,,79.63918201120778,,72.0921831754164,,57.58968565526816,,47.6568428300422,12.27541256627246,88.24747704209163,83.32916887102179,22.21940430542354,85.53429153099219,86.66858996973237,14.549524740321452,,84.45645915930893,97.65832987771404,,,,,,33.04070036482587,91.248735641613,76.58483337893539,44.24226735360088,,49.57218062721043,49.02678678186856,,63.50896541579423,,6.711283733135376,35.06793695211914,87.00583353022907,70.42858610221047,,93.25071818764077,33.04831713000148,23.17189178168666,31.661333849507965,30.291303557413684,81.2420162367315,59.65052268149618,86.23737782033332,76.83348972373466,53.09245729265923,22.49845809150748,66.69543680544405,,61.18284338505022,49.83433568727585,,47.60539501187895,,50.68999623040757,70.36332498050058,68.31780004730155,,,,61.6615793891899,64.49141889303252,79.06622339804748,,93.02562669335816,,9.44332927260646,58.405442670794486,64.90937485631731,88.62257379889972,,90.82464390200767,68.00653448225513,57.73811965008668
1966-01-01,43.16811376955167,54.32231060032677,64.28975735577845,,,,,,96.94523496629911,,52.965514132714866,60.62314951748786,85.05373370016596,,,17.458000152496332,,35.537086851918765,71.44836354715629,86.82802396415501,,65.49587694682242,18.344448083268382,,83.19233552274449,,,,96.30687626980269,,,83.42470341029569,49.90347805419152,53.081063697683305,37.292902781920056,63.155333756775825,71.73843353074368,53.57754056711166,,45.70859616477889,33.92579770596558,88.91822547799248,83.61307145684606,72.68787568020976,,59.980907852581275,,82.09153074511335,82.08961463504323,36.034572535073984,50.89865975202144,37.40915747700506,,94.67126190540365,67.64773383594516,71.80993344816164,37.45921886341289,28.57254386980379,30.203270542169747,90.45687016139945,78.27292088519354,80.7614942031036,56.11310076718079,96.95846559594213,,,43.63788961771081,,69.85176525018704,,12.53852320331359,65.67827869710077,88.1414259353737,27.701619882711604,50.782574073928075,53.4703141899316,,96.99354471766952,89.82907207359105,,70.5126931729408,35.64155047983153,45.213356309678545,,58.7300405418435,71.69226793165919,55.64573207671302,30.009738039508548,53.82145489879362,50.21391145531145,55.6572463316561,95.5699511402193,44.73426053680045,68.36386149854816,67.69339359856916,67.08417227465308,56.91652687300714,75.5150099332053,63.49766353256952,97.25552878519827,72.20788665480157,39.379062576583394,67.98975333043025,25.458855587124184,,69.20111044968733,,34.56484706777695,48.57195360498192,20.292043750283707,54.47400947889736,46.039333196029794,,44.15505274694449,61.917276333184134,,61.699804853119566,58.921715142662734,42.10561172929603,46.07352790659203,21.339399644789893,52.675364259909216,,62.30941757624375,50.35329767164467,53.45686814810931,21.449460591835457,76.06521339939204,88.94629408555069,49.13673928996051,28.703506412572,45.91910109767784,,64.5778075001935,,66.46159670600076,,,81.28593093978841,27.655509373830256,43.933405139948924,28.75941688236152,54.45517927917749,60.58171355270163,87.56921867668459,,81.94952961911139,,69.34831487249826,18.488624311500658,57.10755887797529,40.77977500816803,47.14143143916155,9.508101603795517,86.42604069278111,82.2874716297196,21.936670837406126,85.90394703624995,93.37977196330118,14.347478797663605,,85.64710574749719,97.17955157864793,,,,,,32.66665593526001,89.30531691402909,73.71407577893365,43.80095754438997,,44.800909027970256,53.66681074024786,,63.024529072617156,,6.422361111225161,34.67963824036252,86.65376414564459,66.96627188337594,,92.0170887898737,32.67421745534218,22.88008572089978,24.743504935038096,34.58801950606034,80.45001193100117,60.78016644764232,86.61694736370046,75.11022967704646,56.026540427822354,24.23206813790787,56.75779640684397,,57.312288491221764,47.84373798934261,,51.396520080178675,,51.86062268707234,69.8907635167685,69.72515690897411,,,,61.17670252131524,63.30148939736393,78.6366994755744,,91.38213245192135,,10.244238856145849,57.92236994521674,63.62670686839973,84.46823083815282,14.805454262894479,89.12123202118349,69.19556325390315,57.25580641454844
1967-01-01,43.76590474250768,53.07356876266414,72.54810465578392,,,,,,96.87740711161703,,53.61233084356387,68.59462526066719,83.03803825795335,,,17.781366350644113,,36.074809003202205,75.85209367706092,86.72342471259242,,64.40080563671073,18.680729945939312,,78.21426810351879,,,,96.78315777877907,,,88.37027981530613,47.89342230320129,53.728257455688855,39.76570968776723,59.43132115186229,72.37351490430459,54.22629834873776,,46.322236403417136,34.44850913180528,89.2899574414692,84.13924851269685,73.31779668212022,,66.47419419885803,,81.60816817299936,82.63598849081842,38.28798457406369,49.773705932274005,38.02404889519519,,93.71340397254933,73.37043536956702,78.78071008399439,38.01379722571513,24.574355481370358,30.688255645335126,89.69345524779098,78.86099619970682,79.8641055602319,57.75547352156663,97.10111872054897,,,44.23877113232146,,73.61060919647431,,12.785279632118796,64.62994904998006,88.16272882703396,28.77560089550085,50.41441499635657,54.118741897583874,,96.80564164323255,86.92051014484412,,76.5848785723545,38.32261080473746,45.30763219608347,,63.616015062773144,70.71875606060351,56.30001292492983,31.224927173135896,53.19411445658899,51.311240025383185,47.96672978319041,95.69625280145209,43.168265280838455,65.72855074816385,65.56861971795145,67.19638081099536,60.78825827438881,77.41682037184678,64.22159423283694,96.93528690985059,75.62182035535197,39.696163070178535,68.95500612875095,25.889607877097642,,66.14557934291618,,35.09360757771923,49.20087155387562,23.472048278113846,55.12535927273075,46.65487956685836,,46.249353261562916,62.28252688384206,,62.36056445811036,58.370724139129514,42.696148426596025,46.689269264003975,23.00662482221194,52.25539500858749,,63.066761679499805,50.99029829767397,52.97207077200608,23.031852824463016,64.97432618238139,87.75775678432119,49.76833968488125,29.172093846417567,46.53395876762977,,64.93698633733989,,71.44178064623351,,,83.88955549943987,30.085118825301716,48.22841902089281,34.94107679392583,48.52725145986766,63.86291756467306,88.03147663657842,,83.03737670757383,,70.50211713506943,18.82698214963311,56.05613448028457,41.360749633776585,43.79296065943089,9.703172373471658,85.1370857416486,81.5164271869534,21.005249061093544,85.94971611827188,92.17562474372197,15.523717826460203,,84.39612999912904,96.8797007577699,,,,,,45.230366836045185,89.99995274862297,73.6648625248056,44.40289500087458,,48.627970725648794,48.44320343372514,,63.684656158473565,,6.560737470550748,35.20947201713176,87.13245169320007,73.00636563019522,,92.40556701868697,33.18471825274455,23.278446399529074,29.778306350064,34.34070574442241,76.32139106191012,61.326802794522294,83.17482942660058,81.53803245193045,56.68166085378983,24.64766917457071,59.34401836650838,,57.50845131242135,49.078465249594515,,48.114377861588466,,50.59908652309368,69.47349337203913,73.35623845925005,,,,61.83750110652879,62.47712187429926,79.22130139650478,,93.23080327968265,,10.452206043410417,65.15915957928252,66.56602188193031,83.83514212895622,15.088578079649462,91.19812965808389,72.68882152079877,51.23734313765782
1968-01-01,43.09324600615796,52.34764458922862,69.71718582554931,,,,,,96.07974504828465,,52.88435357210175,66.86816299629399,82.58593496023352,,,17.41768285846652,,35.4098506302789,75.16131531174773,89.82447447275477,,60.59040204624529,27.46313704211247,,77.54515157925702,,,27.971375293748423,97.69780347507233,,,89.58947554036497,50.86639536014672,52.99985389555142,39.12569499891341,59.62119790297198,62.09919716220838,53.49612615371604,,45.63170751078298,33.8604390522977,89.06031222439165,83.54640255365493,72.2100938594654,,62.98213071444552,,76.09635659636754,82.02044354954795,37.6614391049232,49.01367036770877,40.247531405014605,,94.62121837275973,77.12819070321933,80.01648875191206,37.38983338212189,22.079058058283007,30.142667583412,89.31848394826005,78.19860222008505,79.2128563895054,61.799298283756144,96.95908331992122,,,43.56262835822369,46.11265698230308,72.51402174336128,,14.093320698927004,56.216760715646274,83.57670734258332,29.81189693799342,49.7003283105348,52.263625236128284,,96.24622738157477,84.92989225572258,,78.69778274686445,39.30066219742421,44.82203928174333,,60.4912499573151,68.37635408484452,55.56358867130713,30.6729875396891,54.629181470186715,56.30495185888114,44.9702787724476,95.18963471372605,40.0349907856721,62.89376775263855,75.81748378482432,73.69863032700343,60.044722610114064,76.59529356108254,69.92516475752697,96.64556319565033,77.80525665852267,39.27192920640241,68.0705850964457,25.40507304907298,,64.15409027209276,,34.498724808863834,48.493107881150564,22.939903199142698,54.39225445788236,45.9622009413939,,45.55930083468487,61.538682327514536,,61.61673331035764,57.260088773458406,42.031666695114254,45.99637072507235,29.69056589508041,51.65159349863775,,62.32318762314755,50.273410864760535,49.24761179886287,22.58733827674888,64.18102792443503,89.23611457285759,49.05754861466855,28.644967424701704,45.84205687395438,,65.52984205642687,,69.20713358667115,,,82.11520820957855,29.445535182607017,44.17648014186442,34.347792229356536,47.82324126070009,66.44166895798311,87.5104969572942,,84.88291877817367,,69.10702753994174,18.446429825134924,55.32035114699922,40.70704455131842,43.120100412352635,9.483819993531451,84.78738691560386,79.87096335286134,20.590797000134977,87.32249351788789,90.9668481323898,14.167326979874328,,83.42860363191598,96.38742606908826,,,,,,44.54718004937228,90.78409703374206,72.2546348110609,43.725561782233555,,47.99689793972416,43.796216932462386,,62.941509887092685,,6.405150355662348,34.61338046269768,86.5929960848453,70.08672820561212,,92.10493774100328,32.6103992431854,22.83036971021145,31.456627357064313,32.56833524910685,74.78302046457,60.11799995061391,86.08769296335902,78.03503882092151,55.94428485462855,25.77021529601219,52.101164159124224,,54.10132827377785,50.617954554723845,,47.65158337377788,,48.78906812381922,69.37086158281404,65.1912831932036,,,,58.087951953026405,60.95876151825257,78.5628083576307,,91.31022728961953,,10.218347526247618,64.41781719012798,62.387063228044724,83.95761194735411,14.770172282829353,92.7623213801202,72.30018639170372,50.51929404031155
1969-01-01,43.065988741866036,52.31817458525549,68.80928245643298,,,,,,93.47048586786784,,52.85479684104493,69.60302325351033,84.35050938595558,,,17.40301443134924,,35.385395360831026,75.13309494124819,88.41728345861132,,59.348308902851564,32.92706063653519,,80.1205059171279,,,27.950419279051975,98.17909125138686,,,87.83709516529734,50.83718922749287,52.970279125402975,39.09977964536721,64.09783021174422,62.068937929535494,53.466476407714424,,45.60371251517995,33.83664963560782,88.82389473804227,83.52208751776107,72.37355175631546,,64.45318537391749,,77.22362499449682,81.99521907187905,37.63607591171363,50.04611207603753,37.722830295203536,,95.22099553020051,80.83164698145731,79.7797298699194,37.3645759390306,21.128142684248164,30.120611278366983,90.84907948452748,76.65257111864811,76.30505948822122,61.93054729851697,97.59414002643868,,,43.53522747809213,38.501204844043116,74.89440454959603,,12.257432285880066,55.21939930766659,85.56056707479027,34.08496466090507,49.89513638727027,49.70884148282085,,96.42345958575243,86.49469927631996,,81.97689240473169,43.3649555187622,44.79426916665642,,64.3620297726737,70.17071788242585,55.53367145865489,30.650672363899425,59.59733957304702,54.05165514344801,44.94246674960433,94.37345148299362,39.91737048724071,57.07743439284294,75.99809635873787,73.91908314228235,61.283115410770385,72.9069454195248,70.68605146405517,97.22869828770419,79.9082754443455,40.26419336535039,65.99048357510972,25.385501421770485,,60.827060422859944,,34.4746570537739,48.464397960118845,29.58090020802372,54.36247982268942,45.93411698856561,,45.53132554851885,61.36347666197561,,61.58647172855001,54.06421264094614,42.004746153781724,46.51012223665927,30.480041696560612,52.16248006309334,,59.2658496439008,49.43720537594983,48.864002365229666,22.56939230652395,64.15083257428493,82.72338896283516,49.02871260949146,28.62366312092288,45.81400506881482,,72.24587766775635,,73.45639949189338,,,84.16784523994565,32.387856923229585,43.0312737674931,34.323789781622715,35.55949362450128,70.72737698699012,88.13310667605589,,84.13673543742777,,66.69373298036274,18.431077986130806,51.95758138296569,42.59256684158868,42.775982304182726,10.534188697379964,84.1840961397649,86.38571505516713,20.574070860241733,90.38223356646613,87.63121959146129,14.154924248062194,,85.09776391328374,96.83279750421688,,,,,,43.54031608319288,90.51763746929241,67.83545066538463,43.69811180900916,,49.8699133991525,41.80125359394786,,62.91126587911944,,5.522776937658646,24.568800287803228,86.57082673634179,68.51733502101578,,91.42306526945451,32.58717127321062,22.81227912811783,28.36697987707715,32.12690019803834,72.85236609010272,60.02594479352954,88.27384116614296,77.17624465184146,55.914326416683814,25.725982327318064,52.071735577299826,,51.077425094516585,49.45286815948406,,46.20130404866251,,46.284912832898485,67.17607163621764,67.12737726515911,,,,54.41255777715603,62.09403103535911,78.53586923636662,,92.28036230116295,,12.445246936554,57.58615621596568,59.74825416924829,82.16054402220927,14.757336813403521,93.88180976785856,68.78243829002433,53.62410414381975
1970-01-01,43.35309653698389,53.34682205417594,67.92492741717227,,,,,,94.0657879154412,,53.165899379528845,72.3837570871343,84.75600387847075,,,19.55300116837122,,35.64312374398123,75.42945125891667,87.0973345269421,,56.0635682250483,34.111826153640635,,80.3955282369874,,,28.171378160207073,98.89355027344448,,,84.7104056263318,49.96982179320717,53.281568682399374,45.50946875834947,66.53462956512965,62.38718141017101,53.77854277016727,,45.89853789283204,34.08738650603523,87.70466255258233,83.77705964662641,71.72023681955298,,66.51289214316574,,77.76132821948974,82.25981149338999,37.903332461411445,49.21858198447217,40.796121780043094,,91.66923160766244,80.57159453223778,76.89647341202533,37.63072303800292,22.551856604602794,30.353138342031883,93.5154901683559,76.27580419291573,82.43414621999557,60.174248512056835,97.36919245829509,,,43.823838499024305,38.77192314741602,64.22279635810962,,12.373552828806854,58.06532732791341,86.94050481191995,35.833178270174194,56.406815485549735,50.0139616598142,,96.18549341658516,86.8766651085451,,77.92325695372949,43.07333459493863,45.086743206709436,,64.67940984625093,72.49096918245588,55.84849988224667,31.522626767640272,59.22826599579907,54.32071522885744,47.518327899181536,94.28227075798732,43.296478778252535,62.3851061187344,66.39656554547892,73.62339810747474,60.266456305675845,73.33800868876175,74.28183137085311,96.93118856414891,78.60377233044152,40.54161778681979,67.05738494530777,25.59189841817694,,63.99751169273351,,39.84727671793984,48.76668919295247,31.767477817129297,54.67583799791462,46.2298721621906,35.51379622020612,45.825944892983806,60.92209067795547,,61.90475439546519,52.20928985641133,23.339731961217613,47.02408219595138,34.79926282242095,55.89434231242485,,59.55191453726341,52.76941889432252,49.1672300602627,22.75868127699807,61.080483811388,84.46012787472644,49.33231859683386,28.848284380645172,46.10942425258985,,73.04255956536666,,75.09394591357893,,,85.96578165570035,32.924461094808656,43.31826898969213,34.576763809104975,36.92793743210814,69.23510393566839,88.35171743790234,,82.21182028465432,,69.20531561175993,18.593051109794867,48.31264804662894,42.878123312147245,43.08460606421248,10.63632081546,84.99016812074758,86.830952076026,20.750517440149487,90.66971042739638,88.33513046969304,14.28582340143889,28.051807416297247,87.46003987991983,96.63344288960757,,,,,,32.109796829409,90.53074083906361,65.45326269205303,43.987236603621774,,51.18272287248799,34.74678971006509,,63.22932358031756,,5.580745618093907,24.770357164260716,86.80312732440473,73.40798538319615,,93.05130333936513,32.83201078041691,23.003090291285144,26.48538901916413,32.31753889224957,75.10742473447031,60.344084730023326,88.12360112516778,79.23133250059001,56.22957867592886,25.890569966976585,54.5425806484011,,50.17453946452291,51.89465040358077,,51.12546538459024,,46.61621365742956,67.84518322348183,70.80579820272696,,,,54.72598390699097,62.07589888988632,78.81862364047907,,92.7483251085365,,12.562858833618062,57.902950069758695,57.17964406271898,83.77648037504648,14.892796849651102,93.49991634159596,70.27802064711544,53.936408149751735
1971-01-01,42.964780354681565,62.456791738585984,67.56890562398227,,,,,,93.75803735859805,,52.74501096712101,70.96441616467024,90.33870487384037,,11.39502819355247,30.76109605418218,,32.82565067690142,75.02815410731709,90.05600915666666,,55.63727198454658,33.21118973216417,,79.38454866619477,,,27.872646851097006,98.53338642265604,,9.144771199991519,87.62585893398334,46.98793396982089,46.60224785788238,46.96550739353381,66.31288967351814,61.95649850380662,53.35634238648079,,45.49975562351057,33.748344922822014,88.50986686053746,81.19519559641482,71.30449257492542,,66.96402977605574,2.5942986145041314,74.15237394150962,81.90136586583169,45.09241577297504,49.62430993828148,37.295227406885935,,93.11742729670715,80.72172610129034,74.4838382065767,37.27081113254946,26.030059793465753,30.038749656686914,91.87042428702138,75.87859783088702,77.80332517241199,58.044954015734305,96.58951053238357,,,43.43348417731924,38.40581866777432,62.83056888441267,,12.822170213657259,54.27901195481406,87.47623285940935,35.4835449293706,55.980014718498985,49.2413033833067,,96.81147331157214,82.34778608446904,,75.71641251045412,39.25497327498865,44.28578781638055,,62.59241798035588,70.46492872806436,55.422534685449996,32.126149501862834,65.39366408748901,52.883699613018955,45.043174703134106,93.81784028809258,42.22576976317867,56.73416599244436,65.45523497168695,73.59996756522665,63.345589824944895,66.6679035251128,74.81458367022708,96.64060568129102,74.28915313174787,39.21787571698609,67.04726201849185,27.597172885763356,,65.00225753023818,,40.26591114676816,48.35777523735747,28.178449433206975,54.251877951435915,38.97923660696885,29.396628075901187,47.04957177604769,61.672822302280835,,61.47402610016681,51.70408723646278,23.078976932468052,49.10078267501774,39.10789446679264,57.01105975042224,,62.59060401588981,50.54020867926445,49.09213677181161,22.502802602640713,58.08954867957583,82.43071549947098,48.921619405887014,28.544596383978405,45.709836440796344,,75.74563408830203,,82.50616255667002,,,90.03751353196088,35.27089642289361,41.276594641370444,37.331739967429264,36.350699235522896,68.94458931700377,88.0553888847967,,85.08071001916645,,62.029820811944816,18.374122018072804,47.90521839116073,44.286399295658484,42.697472996602805,12.170709970377303,86.25722786979601,85.90679561506538,28.926646510639276,89.57619905243016,88.94645407916343,14.108916753829215,27.75396092233916,90.34273179093361,96.24584177766418,,,,,,31.7834730462218,86.98421558212978,67.40792244573126,43.59618564088479,,57.83829824001674,36.69951328623379,,62.798878549253054,,5.5024268718815055,24.49788065173113,86.48829783947343,71.69763838060557,,93.30855960767461,20.806361576303445,22.745152288394642,24.759734736076467,31.791278148802537,74.40992529761274,59.4107070484555,88.45507926070448,82.727197360588,47.43950441303236,25.337231559155537,57.56612085555264,,52.98697322726487,48.67207885430729,,55.96644527329473,,44.03652854378757,67.41981008497926,65.04994524668662,,,,54.301931247750645,59.00040628112284,78.43566718291959,,90.4942534553511,,14.81635233451215,57.47429663507053,55.41607629803686,82.54853408033541,14.709723008927146,92.75252211719686,68.7184858736057,53.513884172284335
1972-01-01,42.12923496760368,59.43359042510033,62.44983391304759,,,,,12.065409882045818,93.28083575488012,,51.83628522912229,74.43361733598526,90.04686892075833,,11.0798854559225,31.826048485486336,,32.11108213866769,74.15235410533494,89.97091944088301,,49.38557867365559,30.110385346237823,,72.09039625509239,,,27.23291285227749,98.15567038233836,,8.883980589113982,89.45702952631913,46.81999354547715,45.734256878176225,49.50664790969456,66.39666974629475,61.441331333165515,52.44457538500378,,44.64096406364625,33.02096371749408,84.42264827661639,76.65829935399864,70.6282314106756,,68.89131754838706,2.5106333271194714,70.74979640546621,81.11488029686976,43.15670131786797,47.158623375128364,35.90849798449046,,92.08479399058152,78.39452956696637,72.23349047038093,36.4978023534432,25.043914198173766,29.365033793804784,92.33752545172736,71.49689863680865,74.7628366077631,55.44181180836753,96.14906626539987,,,42.59342327242332,37.61922682839235,62.69884277701112,25.476471860979654,12.473960190746725,53.27097190415162,86.95351877168224,34.73303394389331,55.05738228383954,48.353589456934756,,98.15249603645631,81.31889167167404,,74.44123719882595,37.07107348620109,44.267746017553,,63.346362927324186,69.86169899580743,54.50190952961793,31.421531037710015,66.36414500423926,54.88921873406485,46.47517129611386,92.68736980951427,43.47140744243722,55.80908231167021,60.700309302038136,73.3010026881991,61.91829710280048,70.24566143747124,73.84066098993007,95.82703678795409,75.38125674606616,40.82294728351287,65.30456918135134,26.961900315244858,,64.09233448849811,,46.986680524434334,47.47629903871894,26.717874913173766,53.33600007033008,38.18599193186682,31.333182985576023,45.41201085648162,57.71716931828621,,60.54077514636471,49.2879816335353,22.52140575683015,49.42158522168136,40.22224836837758,56.515441631772426,,63.91936379230956,45.2445102505553,45.83737772754136,21.955758618435794,53.4563311895212,82.4186436994385,48.03611956846774,27.894112234330226,44.8492489171684,,74.47359511760068,,78.40318569796682,,34.23579232338426,94.17187314879794,34.67330017995851,41.69331439918076,36.55798808600985,35.589103910946505,72.24382637556803,87.40058751326382,,84.12905567861606,,57.39652312110499,17.906700649101403,47.02708046682403,39.24157195575192,38.72741090453125,11.837464365768913,88.65602044030764,82.74852334686223,28.463649228525302,89.58791224973585,91.38828925137742,13.735441720279095,17.083358761055855,88.70271641994279,94.67220265195074,,,,,,38.52565918383084,89.32873433521102,64.60477326910166,42.75458017383209,,53.49174927498579,38.61808853345499,,61.865688926063015,,5.336087442894433,25.434869858681786,85.79408777156124,70.61746138677412,,92.54774759860726,21.939414299813652,17.814989454075448,25.799427113955844,31.333480386783165,67.31355762734101,56.66841272217671,89.40902431319799,82.29751598447676,46.57466116935266,24.739754134264167,56.638690254253056,,53.76018132439873,48.612111275893035,,55.92003539153205,,46.51795781830502,69.85681975640415,62.99339851010606,,,,54.25972176416896,60.55908895941109,77.59785525248117,16.08528998903904,89.24667222624012,,14.423646488565279,53.18488616221391,53.547811835438395,79.22379691143311,20.466717022947588,92.7344919220883,66.59734593043531,52.60136420207557
1973-01-01,42.0076557677747,56.45173281958018,64.78669806299739,,,,,12.01651571647906,93.25371164363283,,51.7037062712564,73.0643090515737,88.01517035834611,,11.034396587397888,31.72293400403654,32.50815987793209,34.69904632592069,74.02350928037151,90.63228463931785,,49.255156373036456,33.02525186788263,,67.00201548336327,,,27.140170670161655,98.21001543271571,,8.846364672675833,87.59166488881193,43.095809821275544,45.60783643611107,44.672583876143705,67.79677703999528,57.38308871370516,52.31152905921357,,49.39538232878476,32.91536539414474,88.83295537321132,75.05806193218683,73.07738928710543,,64.89023573542379,2.498601830401137,70.61716960392572,80.99869584286417,43.033654204243746,39.93471792924641,38.50962379336282,,92.71167394604684,82.45790110441727,70.16096651370157,36.38548339357275,27.326555227235172,29.267314111183428,93.51288989747181,68.76611607205231,72.24266551530674,55.306869757950516,95.83056338456622,,,42.471172287842116,34.97474761486751,58.844401256751546,20.177024190485817,12.691684238129453,50.64164426856983,85.44922971671826,34.62403170627204,54.922644861375325,49.87768060182658,,98.08813919614175,73.94502916705099,,73.19296742069092,33.71120183601419,42.00113537742109,,60.168365147464286,70.71177376639142,54.36748803578399,32.235058302043825,65.03768616824546,55.78638884554823,49.69343369723037,91.31389549677085,41.98944599755406,56.74372293532659,56.677068831189544,70.18378204682908,63.40825595598978,72.6611241036346,79.5623552104667,96.15074670018733,75.87206700714452,40.24267551009988,65.67474375194449,26.86981105040296,,61.017804139837175,,52.77763203967256,47.34785380975243,25.495037307517233,53.20231862892106,38.0706839393223,29.82206770427863,45.28598769864735,55.65561013220059,,60.404245331440286,48.780183710002675,22.44066935363682,52.01548132601843,42.85350913932251,59.971323886589985,,65.25103644876712,46.89078011287947,46.45925457036489,21.876557886270675,52.922453634373134,81.29734108947487,47.907068156096635,27.7997962705578,44.72393642101136,,73.33501390328159,,73.40926185471875,,34.127759848513186,93.18111480927944,32.76564912536166,40.355198978001575,35.424148653909235,35.478468347368185,70.72442770541511,74.84874313736591,,85.36017146784074,,61.661606336401455,17.839098669326237,47.28155360153612,38.376861618632475,39.112626066783186,11.789351042998408,88.75804906179022,82.82504929075769,28.367999427608524,91.5705585142156,89.87083562650322,13.68094755822582,15.805885392034991,91.74890675267395,93.32762864396992,,,,,,38.4097716545253,88.80043352305208,65.60197282226726,42.63209927401797,,52.69416215748159,37.18090834783902,,61.7291053823009,,5.312128789121862,27.51229641139068,85.69114424658892,73.82055992474605,,92.83125893465574,21.86025824494523,17.74766273688598,23.6075207536259,33.744724940838324,66.990909624145,57.459547580377816,88.41813413988166,77.78426541089729,54.83730640427442,26.91698067623671,56.50318548570705,,55.549222627862214,47.95970531291979,,55.78485492750951,,54.75231500009321,73.10296059131551,72.89559237279452,,,,53.74318411684547,65.5093946650318,77.4743671339,22.214897432809632,89.1117830050305,,15.95008929075049,53.05130818884412,50.795009363733314,77.54938881236053,18.545725465037975,93.62531932979435,69.69908642963969,52.46820186126966
1974-01-01,42.065455774339156,56.5161603052023,66.37528414342968,,,,,12.039748563522723,91.81419841855664,,51.76674679278979,74.43549239578566,88.83002074347174,,11.056010910945957,25.71612875925875,32.55795600542031,34.75092978793792,74.08480817887408,90.96785982382143,,50.8201463209369,33.60247069629296,,67.06632239602051,,,27.18425038903316,97.17101652113938,,8.864237242667706,86.25588587349054,43.154350004711816,37.63575340979427,45.04518782489687,67.61302919443426,58.17116716987236,52.374792559126604,,49.457458928662376,32.96556028866904,87.97216087246376,72.90186658640367,73.13925344998738,,65.02913765834195,2.5043172511574507,70.68026099409967,81.05398664912111,43.09215311226304,39.99100568749192,38.793686144581926,,92.7698056336681,77.84311955665119,70.77546063575679,36.43887591550887,29.163756143432217,29.313761218260236,91.79698191383437,68.82991327013497,75.03542787849725,54.74067448064728,96.066447064162,,,42.52929213346338,35.02688360710876,58.90920737687728,20.46264743455111,12.716008911506682,55.27251701085181,86.54277066206879,34.67584606499874,54.98671581509909,42.20660592102836,,97.48651493430206,75.23421313555261,,78.06261753657473,34.70892046320303,42.05893083674206,,60.233283538574355,70.01251210427377,54.43140803756123,32.28458422831657,61.07949245766713,55.85067196725804,51.11346222919006,89.42135972097222,47.1439089555868,50.60570728355296,54.992716300433145,75.5952224847153,66.10502884658949,77.7390849416479,85.06388844695539,94.81148059343394,70.78401993257124,41.696045015166035,65.63207456010332,24.133487394122465,,60.17410792487479,,58.204946196031315,47.4089237737371,27.303750844305785,53.2658852400693,36.64144633898832,29.869110160727665,41.04714913876646,57.1538019880963,,60.46917625546067,47.32051108588924,22.479039820250037,52.07863784827724,45.854119109490355,59.99168818016336,,65.63594569556427,48.051705791433896,46.519844317415235,21.9141981578872,51.18952288581657,81.86970524837693,47.96842696118214,27.84462448147449,44.78351410222857,,77.3656530760136,,72.68711140507347,,34.179112809760035,97.35262770118075,32.98058822021686,40.41180424150651,35.47669140241139,35.53105985123973,70.70906611493935,72.98768188267002,,86.59761867469784,,63.955710157309674,10.809855619131204,42.588041409906864,42.25710290366638,39.707584530046645,11.81221275341322,88.5275861704601,82.8781435345504,24.626982126090745,94.24905447527843,90.05387196844588,13.706304898335686,19.847874079566687,91.51587015536217,91.67886468084316,,,,,,39.56077307191441,90.77209156913271,64.8441707886938,42.69032858701627,50.48425815836444,52.215054337867414,37.54046638321247,,61.79406384025208,,5.323511272926396,34.503364339046136,85.7401462159752,69.68893964308664,,93.57625776807791,21.897877273241797,17.779657578356044,21.379254893721267,34.12583587761247,66.33835420276182,56.03225123712261,88.03812851955767,78.72635137484487,56.54995499233573,26.76689291703127,56.04408928744229,,55.25679244251873,48.34966004108448,,57.2662645334062,,55.165524001341495,69.75301904025292,71.83662461149477,,,,53.80413415932892,63.59657449723966,77.53312487535754,23.275117563725857,85.97688910618622,,15.979456095545952,53.1148254103021,49.151876453129226,80.71670889261281,17.84992342410492,94.71755845839635,71.66662615762574,52.53152072032214
1975-01-01,20.83958306836181,56.660720883228734,65.03892944731473,,,,,13.04391825821114,94.18390899255141,,51.90823510059761,74.62095746294757,86.75522161919227,,11.104623681312342,25.811347765041315,23.365200559626096,33.88966660656014,74.22216355241021,89.42379412141915,,50.960805271729505,31.16994268074559,,65.52258404094884,,,27.283306197944256,97.22682042130222,,9.160091875367938,88.47445802424998,44.75830997359401,38.26022237487609,45.179309452336604,64.59671401369813,48.534296393434694,52.51677638290333,,49.59680181848832,33.07832677049228,85.40733721321857,69.17338774055773,81.97235485521446,,64.85429251211991,2.517181201917884,67.0545641458564,81.17777932461823,49.13416647093523,40.11741682413877,41.00358879950671,,94.42836861176832,77.53682003180053,70.7296415554282,36.55880592168774,29.26775715926675,29.418126329946624,91.63811493670528,68.98595041735828,75.18890252402156,54.88430362336525,95.76467784380927,39.766119058705115,,42.659801085876026,37.28797745580559,58.85992716540234,17.635406549410693,14.109541403475012,57.392413627198245,84.95368969595035,34.09245259257298,55.13048978723643,42.47448459414459,,97.13418895970793,75.84133972190482,,79.88332018236473,34.82538381801319,37.751742841222004,4.666571438993017,59.09698254106095,71.80925232532029,53.38266487028673,32.39585147076159,59.68262599975578,55.99491450783158,54.44123298548966,89.95918487203429,54.13892960887012,50.7461686377428,55.48336707768809,75.42667605696796,66.68575912174904,81.14940566544432,85.35583904778005,94.51615977262733,68.83806747862312,43.59266127473349,65.68208860440869,24.22440803291902,,60.43822180358498,,58.88808621848434,47.54602233465112,27.403112606785385,53.4085419882512,38.015853410244624,29.97481018518091,42.73929121657353,56.859356828833626,,60.61482951773307,46.88978773638398,27.009970408367835,52.22038398588684,50.537428347442194,60.47507346749901,,65.21929980441155,46.518714040519335,50.674110413071126,21.998805004560285,48.068161565736425,83.72319516369527,48.10616980600136,27.94535909715321,44.917281123412266,,78.16833561396,47.29213936147959,72.9753134691945,,34.29447421888452,96.69453503893834,33.954170373463995,43.48335142798295,35.59471817933101,35.460862215381326,71.06538053182192,73.14281835842615,,86.36315474042274,,63.813675078303866,10.857545335277374,42.71863985967843,44.24566363544222,41.041585659158116,10.947337599054574,85.31100603182271,86.7149156098053,24.719261206260956,95.52720122104627,86.38859815544313,14.521801587506712,24.158815012711777,92.11681394115318,92.7243162371921,,,,,,43.3000848090185,91.04341826576447,63.473233822778454,42.82108227700906,50.62460601993626,52.35691082522136,39.04062474503465,,61.939765786422576,,9.984419849738869,34.61940239427065,85.84977707892087,75.64813992141181,,93.17259573411332,21.982436438240494,17.851589883358344,21.46228932224036,34.24108543441812,66.82200885838223,56.651288858382244,87.44642909061994,76.7011236098162,53.47247027102955,27.573818529588223,56.18842813444438,,53.41361043380446,46.12189629536384,,60.568395941776274,,55.30940007175615,69.5512427581368,69.67151730343669,,,,49.10807415352083,66.66919546548435,77.6647377686128,22.280445454951124,85.27917543001927,,16.189723241981426,44.44742997916601,45.37925832733038,84.31407511398278,19.513054259541196,95.4845176676095,67.87054261818129,52.67362750672844
1976-01-01,22.24286344672758,58.678166134354484,63.14883602933601,,,45.25961695917008,,12.915658627689064,94.91982043762536,,51.581733761953785,73.95354273098344,86.5081848246039,,10.992655510000937,25.15682698431807,21.461224316772032,35.35191313948764,73.90473185376885,87.31970135854125,,50.6362334739755,30.91981269553008,,65.18775701531962,,,23.85835707605386,97.8634544452069,,9.065201808444234,86.97877898949451,45.473811243368644,39.34002862463903,44.86990988238857,63.81373384145692,53.231297336263886,52.18912128137114,,49.275288861185295,44.48470970538412,84.47407121750751,68.09757101453772,81.17805136426703,,65.20921288903338,2.4875716301932416,64.60349472381264,80.89148197055181,54.760273423667826,35.6365633270921,38.03250139765873,,96.0647318101212,73.9945283205247,76.44337631584355,36.28225254482578,29.02801134447357,24.00236782043983,91.54011300637173,68.82320953681005,73.6350158640088,58.22637897672087,95.0579491752856,39.47596594442325,,42.35877072472096,37.0081914390493,57.185750726206464,15.27257153183934,13.972626735919446,59.21041764964896,86.92986689387885,33.82744109098235,52.14208255918966,41.636284694190216,,98.32981866517746,75.46575608853536,,78.72376713463859,34.55684478452192,37.337174700077824,4.614437208445022,64.41853442601268,74.4081667257124,50.63142001648857,34.89978289858521,62.27048695278719,55.66198512865934,54.12976991850886,91.2220261463293,56.65671126916012,39.392974831616165,47.43567626363468,78.61971978450593,62.76678921662724,81.82502763958587,83.48881055112409,95.00891255133664,68.09939658315626,39.97258320050203,67.91175994139422,24.014861434947633,,59.30450669696814,,64.6853122037481,47.22971965729542,27.174079816286923,53.07931863771276,37.73292283246792,29.255746081684663,42.40709684097469,54.743787885156834,,60.27855456875515,42.59525708267944,26.783263917665412,51.89328241148048,49.95917362707966,65.00482283250003,,65.7492660477318,42.27302464547942,50.51006303040322,22.66579725514548,48.00904029806645,79.61845265594366,47.78837203953133,27.713156366082803,54.27425694127881,,79.5729503584788,46.97653195902616,70.60229592266496,,34.02848219003987,96.43990378537708,34.16568911400692,47.707912520921184,35.32256508217246,35.529257675709225,73.3460031199733,72.16140339973173,,83.05593329938009,,63.68440878660802,11.826897969950545,40.521639711120564,43.93924413260552,33.53711673310751,10.836722409484079,86.19817254015801,85.59408537680426,24.50657916059805,94.7142846903,83.92840788774876,14.381593158135608,26.351991733501677,91.28202759002848,91.83445442639598,34.99742151795083,,,,33.39403186240306,38.244414353206714,92.39521960598276,60.721921892914274,42.51948517050781,42.172929283790616,50.675930469156306,34.99703291940137,,61.6033511270559,,9.882195396056359,35.825907533011446,85.59606124496528,78.67504498859245,,92.84175441202288,21.7875706156331,17.685853871138455,21.2709417013913,33.9753519246847,66.79691804572296,55.54369234224708,88.09995108434742,74.27121549519252,50.2150178097341,27.34378297297968,55.85527291328556,,52.30906381656184,50.69894864959499,,60.462324872353875,,53.61099018190571,71.36003369685766,73.76605776882822,,,,49.37422346035717,65.38975186535471,77.36047585922205,20.765403942751014,83.05758581073745,,16.036492019274217,44.140354296596385,45.069239290183106,82.65759967722668,19.492479483346514,92.87167547084832,67.71230684021042,52.345685972147685
1977-01-01,20.436024941415432,57.61808472052019,63.43272086777536,,,44.28350289921086,,12.51688734299724,93.55814810846107,,50.55332813206319,73.8034840602817,89.76299570006391,,10.644802278642473,28.77516047150248,20.860460413335645,33.98571715895016,72.89411719865738,84.27313207687652,,46.080472822391926,30.1374273002201,,60.00921105409447,,,20.025709321826934,98.34043852390201,,9.543950929864398,84.90809253618494,43.42719589697073,38.43170970275685,43.89771303818583,60.03867106232465,54.76698614976128,51.15684537146152,,48.26345658501038,43.51646171126284,82.65710503959625,66.28485980112782,75.6178507399283,,63.247368894904966,2.3960250335026356,63.541571956260825,79.97513505254302,55.675285822586005,34.77945159621356,37.866422436337956,,92.84872767936808,74.08712802837974,75.19671623893268,35.415736307239776,28.278556362651674,23.34861691414931,92.76932393974677,65.9123352928788,70.09517852326297,56.901389621089194,93.56364448224538,38.56589428417727,,41.41367863963341,36.131341165213286,56.47647490876639,14.814261191235211,14.666225978451742,57.415219105899325,89.02895926929752,32.997741282216595,52.34448215336618,39.45525835676569,,98.26865544506518,74.10346620665604,,75.8626767298954,33.71590516539846,35.542825196028474,4.452985174120738,61.90869761438138,73.97756802919324,46.07393435146653,34.01479272527299,61.58506472064516,54.084904230369645,49.838800355261235,91.93083521737056,56.70727995891052,37.92148499358815,45.86969215562963,80.3620191419245,67.52709223849543,80.78589878857818,80.932959831568,94.3931747769615,66.77353402140955,37.54628361937531,66.18417092958688,23.36085770771099,,54.703641141714975,,68.21111903434867,46.235013572646935,26.45853557599337,52.041749988175944,36.84600936928113,26.24235926217562,41.46145298003976,50.27155492428059,,59.21563273687411,42.580302798407146,27.18147312707284,50.86286551010297,51.555405492293204,63.37813178424314,,65.53509826583657,34.44651179178939,50.40107589660507,22.522348359975197,46.68600395580825,83.35063883578275,46.788766129237814,26.987584237648566,53.23030362874055,,77.40268624611753,41.25398140416867,64.1023416732637,,33.19565913852265,96.36815506005824,31.853337577110395,57.98061969138371,34.47009897459723,34.673728229570486,75.52109151236128,71.13542286995325,,80.47000588509972,,63.162936948017204,11.456687800520182,39.59838912212235,42.976718159146145,32.330624983751456,10.493094660193215,86.54494784068036,88.54464331070581,24.603345247923013,92.95606965438955,86.45612088122033,13.89477073223695,23.928808551638912,90.797730216461,93.4034824711515,34.14981563217536,,,,32.57113057351282,36.950725620547374,94.57132655510215,61.82357838641532,41.57256262794766,39.70832675723721,49.623435161486384,32.96950925393677,,60.539359492381365,,9.56476185811621,34.96601726641283,87.42349220681169,81.2357632642468,,93.94474348595585,21.17982664598991,17.16967144551813,20.67427167487139,33.14335240104147,65.74067204488192,49.659163922118545,84.07438751414233,73.16429436162738,48.50179949869599,26.625067091836385,40.80257683378483,,50.68947805715109,47.11974556279305,,55.029891815642415,,52.226463341545596,75.09798654058282,72.97612903240415,,,,49.296439241206315,65.17476676770175,76.38944613792346,20.179696621342224,80.3399942053305,,15.559531647900126,44.477901220646984,44.09502904604151,84.55972075755098,18.934934423801085,91.05945618158421,66.10294566693572,49.67802301781894
1978-01-01,20.383814655370358,57.523495201115814,66.54127647830033,,,43.60037713639067,,15.70174235273295,96.09496023514134,,50.461777349056746,72.7829721785435,89.63023959940605,,10.614185188155767,29.937702346752303,20.91871242672506,33.11061887418326,72.80335802707505,83.62992165731622,,42.104910215974115,30.068175664326937,,59.9142170721009,,,17.936859905679768,98.69660178004303,,9.516074615013492,83.47784318999254,46.7037411845756,38.351131986111554,43.81133696738433,61.12115993211853,54.67330180210317,51.06493278882176,,48.17344408059906,43.43044583867957,82.57895929745801,69.57295209623669,75.52963042817616,,61.39734252617735,2.387999491107695,63.446609389934004,79.89248534088429,55.58126453535222,34.326020720649964,36.95054285475059,,93.64033271364602,73.99739873250338,75.83169254586022,35.33892976863644,28.212252319825282,23.290856315533482,90.63137468861743,65.81784216663536,70.90022443405437,55.40160659731508,94.72524010200438,38.485158117329334,,41.32976964100183,26.50345841631291,56.3821938501553,14.773866983157657,14.626163454461105,58.04423240911443,90.18427562752908,38.103403218190614,51.14634361423751,37.44392130864546,,97.76388206977693,73.40306772113728,,80.53305561151338,34.43969635972738,39.70783954114887,4.438812036714602,61.8136243231407,73.8877389271539,45.98563229692264,30.020697527416317,54.30356655606297,53.99150213996924,50.548163194524996,88.2787870491252,57.441250189689754,37.335715160196095,44.49801285571135,78.25894992673135,70.74805506166513,80.71153565220547,81.43614652554919,95.06219499251696,66.3283113328351,35.447795841892415,60.07826472984053,23.303074579308525,,49.27358265266379,,68.14732440837813,46.14657784451776,26.395262353229022,51.94934042327646,32.93190855935072,29.598950870015962,41.3774938714083,50.929361497262306,,59.12073605980397,43.287621381247,33.359597643968705,45.94954523706621,54.172798697190714,57.881735272569856,,63.18695558658787,31.950498741781086,45.90467766317706,22.466123875669542,45.00101076597895,78.66218417520385,46.69988030385951,26.923415204589386,53.137290090115606,,74.54059292332485,45.96259990777155,61.63397176027898,,33.12188301645622,97.1889409774396,31.198884941960504,58.52284259349372,34.39455700527021,34.597910659284196,74.02517565461983,76.10777457826951,,83.62009416454002,,64.59697992650713,11.424093776836653,39.516460573571436,42.89122372081299,32.258087594521534,10.462851100570925,86.4751198618511,86.66300510923182,22.64821214133832,93.08120150308471,87.11831451396723,20.925469987534818,25.379241312725085,90.48051992524972,94.50047431571691,34.07471080151889,,,,33.17741512663902,37.86070206008765,90.83730480262123,61.728503922244826,41.48848737857269,36.44099301996957,47.030032640438705,36.48834382511017,,60.44432136766162,,9.536833069862594,36.16999267823573,87.35589069846212,83.53980739214363,,94.74336846965305,21.126162828831053,17.12414442926723,20.621593088295086,33.06965026123838,66.58809242773422,54.40166108870328,83.59604671288274,72.17152403658405,43.11735382457189,27.58886539743607,40.71931793965309,,51.14852070583551,46.74093980709807,,54.93610534355309,,49.087341128533915,76.92144493862408,72.8357168990844,,,,50.08867183178587,64.06992026773801,76.30207017921772,20.12799305139711,80.5964166584753,,15.123262176009433,43.98642637840957,44.008469204964484,86.50630844904121,19.068880472981576,90.79458562971064,71.95869031066142,49.587029519644254
1979-01-01,20.78518619100883,57.84412615370365,66.97599850810107,,,44.43442898834837,,17.776311732648008,95.33028401634854,26.34535405620022,50.7722478861762,72.68074446598317,91.7191064891075,25.819559859835696,10.718244819390566,30.57681430801964,18.486508431721973,33.10773103482615,64.39392640371496,89.35134544346917,,41.29070828114851,28.615008325262803,,69.90134312727673,,,18.097343945727395,97.7009565795171,,9.610826359259272,80.92547106884044,45.93893532081896,38.62457665286219,44.10437157405731,62.7217601270915,54.99092437035606,41.53492319691803,,48.47873945957679,43.722264638423546,83.96535598019264,69.88772500425728,76.20508918027518,26.373548322606545,63.28038838889238,2.4152974929376514,63.76836698361201,80.17205705047978,55.90001063513357,34.582114076901085,40.05688172910686,,94.04803681867261,71.23312939620416,77.22399770919131,35.59961825172447,28.437377833935663,23.487024417543424,91.65438159528827,68.67792654705873,69.92759562641957,55.730843371005044,97.09740158915515,38.759138534795376,,41.61447350573451,26.718938860399245,55.026149690780656,14.911120107815679,13.036044580950378,62.976871933713355,91.41224255020155,38.37585044851285,50.60238698933537,43.41188034898099,38.79816923846927,97.92893265524486,72.21799147295896,,81.45016991883854,34.85201170364897,36.663250925751825,4.071113907459301,62.13579696443019,69.10431836043993,48.077281673319675,30.25555940611342,58.034556936165856,54.30818159986441,50.10624789411664,87.54516369160999,54.1792481221465,37.303574570036865,41.618342902001814,78.54643443421298,73.28822003275928,81.90517084854197,82.18731450905553,95.05263429996008,66.17203865707448,30.537541479477483,62.85195494545912,23.499319070329662,38.60487357304032,51.660733810419465,,66.0835462360835,49.29016680327491,26.610117496211714,53.84161013351911,33.18142769325632,30.429528668972527,48.36957348077661,53.186580413221016,,54.25329956846399,45.77716450563337,33.61116433342659,47.623984125908066,58.06233093210433,58.750037738972296,14.982668440689828,62.48177616645285,35.65898157914129,46.066363201391425,29.827399280710388,45.26560081570394,79.2980096652835,47.00138009229785,27.141306222856976,53.45266921834799,,75.33228339869146,36.28907960975866,59.53918989498952,,33.37231500110758,96.99939916770795,29.400899269209024,60.42727332292381,34.650966105442784,36.61840189096227,74.80404356513036,76.76532857540491,,77.4060244408126,,62.31212417388414,11.155709796192681,39.794472022025516,43.903803349577316,32.504325785502765,10.568249974586896,87.81160304136732,85.29772522851809,22.840330506203276,94.10067945277473,85.50947903318635,21.106421226661553,25.32683478582759,87.73610661429399,91.50414410111907,35.29229716525867,,2.928115155438904,,31.795388321027485,42.6642462645418,87.56464392593499,63.52925503132312,41.773752865230264,53.46173827251515,49.002717318781144,36.11565740184191,,60.76640713647294,,15.211064116107709,36.43433683769424,87.58425986470156,85.91683401977093,,93.18361109288537,23.583822950957334,19.773064378577065,20.800527158766947,40.05931236239191,52.45459417125884,53.027527310317545,80.42959508342969,70.58775171326826,43.408156068186884,32.00201349087628,43.28351531445195,,57.58431324914402,48.50323472899082,,51.80787070103485,4.234332321163803,46.89459015304182,77.41693814829492,73.57539920405199,,,,52.52101083713367,61.22996678807442,75.7534826451699,19.08113872209688,79.1305768761915,,17.08810613954912,41.15684788278384,44.302124031832136,86.2237476739112,19.23728276362635,93.13834190687592,71.04333495149265,57.82236790136188
1980-01-01,20.342325717363163,57.07416102233363,66.85571632778229,,,53.342790316342125,,17.384638704447973,95.59514938170639,25.81674757810366,50.00079204481966,69.49250607539538,92.08455859507177,25.298580781324187,10.460873468028753,30.824822184629497,18.897908105490135,32.489866254908684,63.59364224551305,91.40182282602717,,40.470062451672774,28.054617271482883,,67.33882644335243,,,17.70004452447361,97.53122335454036,,9.463764540393127,78.71858743067162,45.19753629731041,37.946094469724926,43.376828566313705,65.71558019069761,59.839462340027325,40.82897261043668,,47.72035942134277,42.997772433708256,84.05974313627064,70.44893943329615,74.36782381090966,25.8445356586289,61.94855851616676,2.347891018212611,57.15596525793958,79.47364395701952,58.9527935158286,35.8518448831644,35.80051516828362,,94.0879092046439,65.72535505688386,77.79442682200379,34.953003246431855,27.879407707960247,23.00108749323734,92.13112280020347,67.8884257529236,68.34792145101618,58.10474188730452,95.5821357888744,38.079316830918785,,40.90781669402547,26.184973474743924,51.816548341254574,16.5909269467002,18.38894648415481,53.4785381281365,93.4360267058453,37.69986185941319,49.206218164175816,42.61010234298064,38.117960248659024,98.16954107289232,72.35231158254113,,79.3682311208625,30.471901030703275,36.09332734388466,3.96212307476127,61.20503512444457,63.95513147834466,44.25064648017162,30.68278830180786,55.76219683833175,62.121273707842505,45.585774436439586,86.3295088440223,52.496400681343246,36.63859676911363,42.673295751254045,79.38541196283857,72.65578996347237,83.56077369610466,76.73565694095161,95.41200781475034,65.8048863591391,29.95167104751234,62.272480968053515,23.0131922588065,37.926588089340974,49.07449056122907,,59.020248638010095,48.5269119569438,26.077707923080506,53.05613599294059,32.562680495158894,30.521806701494725,47.61414624343606,54.66857889030909,,53.46625740002678,41.48790421472028,28.553657852125667,49.72342464337803,55.87722498519578,54.793333118777014,14.641671710138304,58.81049034882795,33.600503845846696,45.29687102206288,35.92156357474536,44.841675378029166,76.23748319367196,46.25256301008619,26.601342592847743,52.668745301324925,,77.07953109121699,40.446656313749315,57.884563022642155,,32.75129127091028,95.07646402572628,25.9950426930885,51.1852704741965,34.015031708825916,37.16952395347878,75.78882483370931,68.60257017301115,,82.27269252720171,,67.06062125355436,10.88938904011425,39.10456829841138,43.1778546753292,27.877743314407255,10.242755202537202,85.76907794477955,84.54181423441737,22.364459462044383,93.60780711661599,85.14447499952992,20.65829773021025,27.03327973875619,88.54647048821265,94.01489821694786,34.649106490518136,,2.8475602409807177,,31.19356386828358,44.846988356664795,86.66016978756899,64.32372700323883,41.06568920934854,52.677777450252506,47.02731515293159,36.768344514777205,,59.96498680330007,,12.507023794315153,35.468553070547394,87.01217363197034,81.28839477407203,,91.39027473476959,23.096392494854,19.3470388513849,20.357414467849154,39.36689365251773,50.99289554018449,52.13232080344981,76.47542959821526,69.08025881527693,46.751863721127876,36.77760607141383,42.562595597383,,57.387617089566014,50.27714727318373,,48.340738677287575,4.121368513392354,45.2699718107865,76.19576006599497,66.83873080966153,,,,53.32495139547093,60.42830826032834,75.00778864762935,21.90453682377199,84.23452316372399,,18.486368961295895,40.45428639968874,43.573024323594886,90.07196888476568,18.820325424578343,91.95869110989747,69.97391046375823,63.80766900328816
1981-01-01,20.619427665491983,49.45863575159716,72.21859211569866,,,56.69152630139496,,17.62965879408245,95.84755715588743,26.14762931051632,50.4845232701832,65.6446358194955,91.43162240193702,25.62467641413402,10.621786772085052,29.953375843625206,19.159614784905777,35.482695185876146,64.09606039090872,89.55662878595568,,40.6624796762556,28.40544878048683,,67.8247846240825,,,19.221200540753568,97.62296044231893,,9.611421140134036,82.33506449512701,41.06884196933397,38.739434831254336,43.8327946319933,73.67378434548843,62.12791308273038,42.755352825861756,,48.195806859803035,43.451813880285606,87.97849332962112,72.75891638939835,75.22254057107862,26.175672281027595,62.12571670593698,2.389991578917383,57.656441350879284,79.91303620653066,55.91072864102684,36.95380834410723,41.11263622006931,,94.02526009632994,62.041519282180246,81.33778024401698,35.3580074241825,24.418158079143883,23.305200398981107,90.8802014552084,66.90215430106991,69.98098505744554,62.02469912576309,93.63757762596666,36.25369120408715,,41.35061353797526,25.332256311435586,51.071183059992656,16.82696237800044,16.41638280843355,54.60169856685373,92.35164347420607,42.61083929592626,49.687218627857376,43.06799918399313,38.544100089743196,98.96541229956608,71.26999286367904,,77.57101052753724,29.679431679631406,38.16435410280346,4.030215932822823,61.70829155607751,63.59176278601739,41.89402119512478,31.05556200730054,51.78684606370874,66.1244452669746,46.14199514537696,88.32532989879344,59.39501318901854,39.38472288759542,39.35296088916118,79.82549332524735,76.2294264707289,85.24953204007846,78.34294363241308,92.37917191927552,66.30477751788528,30.318501696680222,60.99248433574977,24.429501110296936,38.351517157615376,52.411612259783965,,66.4132583649434,49.005445419503346,26.41097622934765,53.54877938780109,32.950165804847366,29.820741838791285,43.85000499988496,55.1648813610873,30.099822203740523,53.95990112807718,43.62813522917366,28.886913035581518,49.649208041155156,56.762755338818735,47.82117470225994,14.854944801064118,60.336989704351375,38.18400803447537,42.96152025781759,37.03742665331438,45.147238787589515,77.46014419179438,46.72196257768413,26.93935169257513,53.16040062990841,,76.1729400366291,44.27993566421159,56.6709604379857,,33.140207293145,93.76469156653154,27.52280667348512,63.966804277947745,34.41332026847227,38.20412458872693,72.1404274303044,67.22851991770389,,82.16050660775393,,67.36768604498027,10.512689473214609,43.24282300690702,43.63281489691886,28.22704052235583,12.196780270321927,81.75704392490783,84.56886201338986,18.560525525567673,94.28312109338599,79.83996151109136,20.341855629395823,31.86463596850311,86.28376006494078,97.30984029431679,41.999058980177125,,2.4260086334876085,,33.05902185065259,43.155908036125204,88.7057831400786,65.43583444144929,41.50937263072858,53.16945629155634,47.499976025649005,37.58859112731048,,60.46793858183233,,11.915124394963017,35.877160791632214,87.37270676304345,79.4141049701179,,91.88526476095925,23.40144214152201,19.613587736665483,20.634674532845978,44.24509717085099,51.57484078385064,48.16730449889507,78.71885722817173,74.44106009797599,41.8772504875078,38.84510607161455,41.97205897968277,,56.51635013851089,47.75502707515148,,46.998396644530835,4.191945222388693,47.71612990721962,76.30462005757383,59.49012728002907,,,,53.8182557888613,60.09715320929625,75.47658652406753,26.497228667011786,85.92965469162257,,18.285465589183936,43.53854128852947,44.02997259624121,88.57391404313648,20.16818972478449,93.43318686793613,71.33145752875005,63.33242336010358
1982-01-01,20.74369608387796,47.67248670948202,75.08430037484023,,,62.44213295235825,,17.73959785378606,94.60407973396705,26.295876966658007,50.70034358533451,68.55369573290403,93.17852908620675,25.77079244151017,10.694086757089583,32.57134417972303,21.5197733208093,35.10541302579799,64.31955588878071,89.90662919153334,,41.211547853174004,31.341912218288435,26.94902914170253,68.04570660127516,,,21.003425974847502,98.30078695386658,,8.921132380114837,82.21267439431803,43.05738725671916,39.424783182275846,44.036476916079415,75.47311375686718,62.35188483183916,41.50381999344121,,48.408023229485764,43.65465011585962,85.28256709750914,68.24053772898347,75.43099940758545,26.324033445400087,62.48499139438452,2.4089547361114017,57.87940649566985,80.10748880478815,56.13255798811516,37.13980600460622,42.806064399534364,,92.62211291108862,62.265498634711314,79.33275734584552,35.53918798984931,24.55924801004793,23.441519501616035,90.58980733763687,67.12392540484402,68.76574703795254,59.13921658736206,97.32038599781183,36.43760811743502,,41.548499213010984,25.477168052612566,50.02402934003156,15.064212395671229,16.520223548622713,58.333725404342076,93.35364911564831,42.811751717919336,44.86040333092095,45.06307001347313,38.73463352487647,97.8573284667751,73.06250778102577,,74.58493845636092,29.84133777231699,38.353828577038904,4.06086531068145,61.9322899514757,64.97204433718228,43.07000553132823,31.222443249613306,52.0044396709056,68.67763149475721,46.85634585220194,89.76697342888403,60.813059092793665,40.26258861399572,39.883869050252144,78.70737358258037,78.78604699969976,82.57382214925599,78.5426913877955,93.75858599948239,63.47171306485737,30.48274238555515,62.85282122948561,24.570638998558703,38.54151545319796,55.55233626027456,,68.47028578933194,49.21900682760919,26.56028662234007,53.76844344048975,33.123578677869034,29.983167760592888,42.38023424892069,60.374014222138484,34.64057129210498,54.17999291885805,40.660269809817166,29.68834861256424,49.863784327895765,61.27542515437065,43.68115226802403,14.950688346686182,59.41811799920846,36.95737001598371,43.16324428349816,36.05524659646315,46.753672453076724,77.66259188857993,46.931536535583874,27.090772760769788,53.379641221214655,,75.32829067863344,44.652612931782386,52.663968628444294,,25.964823609628795,93.15734516465494,27.676525018330512,63.756433133694124,34.591524646138936,42.181403250803115,70.26675809965673,64.71315933127538,,79.31421291259954,,71.77313673816091,12.344131077853982,41.19129819197156,43.83605507139715,28.383485049933398,12.278067658442716,81.94441102541268,83.91759552451359,18.97483778932223,95.05324502094868,82.873541245992,20.464834741062464,32.7926802374966,86.11177884561695,96.70657908279411,45.43644873458956,,2.4452364389565107,,33.23279879733809,47.00249973961511,88.05695109702658,62.80686246015299,41.70764905137045,53.388706970068924,42.33240917761212,40.500603275206394,,60.69186609516171,,11.994828371725674,34.047892548430795,87.53159293286008,77.432631949184,,89.82872721908456,23.538178916928775,19.733144494165188,20.759013531747495,44.44967706254668,50.00904919491622,49.00282277654716,78.79544794053221,77.5034083233549,41.58361947295774,39.036468092711594,42.17145868273428,,54.05571682536036,44.15876792851137,,52.98032659197638,4.223710757026533,46.7003933713747,72.3065674522404,57.588145387844335,,,,54.74899923361329,60.23358162257555,75.68442050652281,30.57766399620725,86.10208102401009,,18.39863202029455,43.74157152172643,44.23408648722792,89.8019451945276,20.290357941900538,90.88089077439187,73.86771440583529,59.217098785524634
1983-01-01,21.598852231090003,55.265663154366116,73.90895855873853,5.017336062822508,,63.08073411477331,,29.148089712026515,93.934381383275,27.313731691531352,52.16707642273168,68.91243913467298,90.36144714155111,26.77422392169433,11.193922105172726,33.74625710753274,23.176674209638094,34.0973249374013,65.82756663255563,90.84043707051362,11.919536395991326,45.984324929509334,32.48827613969524,27.98454733789245,69.61963758180605,,,21.86670102538477,97.41771144741033,,13.015732549873949,85.26698515258406,44.431331727482004,40.7388994569493,45.42485007745459,74.73223938595727,58.88965674018014,43.15422281156997,,49.851782925747,45.03748307744918,88.81568147067989,68.95003377704779,76.00432745696773,27.342655960642293,66.4352338908337,2.5408452890667954,61.78802009881106,81.4031666468255,53.79144749180682,38.41129403378174,45.25431841652466,,93.34428314256546,63.77861768609774,86.72042873224338,28.494306999448995,25.500361819830573,24.37855737612743,91.05301127522496,72.30489793568947,73.18720090029652,58.91720077176965,97.53455751030067,37.695231609612875,,42.8987886533057,26.472447234775597,48.854661018514534,14.711905582157192,25.4219296764995,58.71455726575638,94.48306201566415,40.29927762000642,46.27334618513651,49.32434439454815,40.03627724111101,97.4995850870503,74.85559648473301,,75.12784530841216,30.95139129124258,36.20789152428048,4.273674197440358,62.60033007942909,60.02542247715883,46.4435578197835,29.974917965404302,52.46327541927989,71.58503405939662,47.93867062377429,86.72277133756522,58.24293969747738,41.591374488403396,37.492099191692006,80.03676614466028,80.11571493623264,86.66437126844922,79.62854173891009,89.7012682379609,63.218505325875384,31.608513450076224,63.92804181003482,26.03799298410524,39.83960650080919,58.61346411747901,,69.95399214343003,50.67138137435063,27.58532892601928,55.25911229621234,34.31096300318972,31.09672214563748,42.90231594288808,63.8997733726804,35.86108876922385,55.67326266313024,42.02377058603122,30.88599590734773,55.52918554746351,59.950110758583655,46.33409175081016,15.611218641768353,60.63501273415781,35.202753930558494,55.28447913242738,34.443930411422926,49.842933903772405,82.99922247150806,48.3582631708367,28.130083618879777,54.86771861142186,,76.38174293568187,50.03695300050648,49.59330078065079,,20.097077775316997,93.50191031855869,25.135211793186063,66.09732008290486,35.810996744564186,44.28097633390065,69.71317801912456,66.21968467818245,,83.88862655957408,,73.48007483712611,12.908167564880625,42.535737833083445,45.22153402679435,30.531148793465903,13.45453833939072,87.25297852205301,81.83072471770146,19.48754234066239,93.19583010091857,85.4795932995073,21.311217440413355,35.61882293199439,87.48076753730078,97.90216136912436,38.783813024651224,,3.452451205072493,,34.42262381130639,48.430084503150596,88.4602240579791,63.90428119171527,43.0605141532362,51.71249333972627,43.9614744180585,43.59595307394941,,62.205989307320955,,10.778147565717177,36.61199674178599,88.57954282610703,79.29198131691675,,92.6114206557103,22.44767842254013,12.435076433947255,21.614649894574644,43.377207421253196,54.137387677392645,49.50311118254148,89.41109371734474,80.69871172285423,43.51809335526109,39.214249334959185,44.81307199443331,,55.20773085207578,48.25384533931912,,62.106480064157246,5.21583801736959,46.36391724573774,74.92151419417476,63.48698543253888,,,,57.630077182088904,59.56086381214449,77.07524257481975,31.705736110986294,89.24401586395906,,15.041682733265805,45.55350109972963,45.625283207751686,90.02315697673085,21.131221462300566,90.44436108015636,73.0635262978135,61.7498365036351
1984-01-01,14.234604671689755,63.28926769099259,77.66332286875624,5.0673709047228455,,64.21108588817883,,30.430622519644768,93.66866888898726,27.518330881813213,52.45875394670823,69.10726175201096,89.84522916334836,26.975968576628915,11.295119060861369,34.44992155056714,29.203432772344563,34.33439828909386,66.12517893295791,87.16789039748338,12.026254805308579,45.83394900486275,32.718219488773805,11.911337432039925,69.91222696682206,,,21.921367444227613,97.22942653941584,,12.819340603537066,86.29323725386061,45.256252357153215,41.001586279232114,45.701813548258876,77.50972175458917,59.27814852953694,40.827323887794634,,42.36689329306711,44.50802623505009,89.16260157350892,74.01930158875973,76.24940891467628,27.547407054916206,64.6448118583632,2.5677154057526352,61.475906440515104,81.65547215949552,53.98644691113588,36.8584906045127,47.57812404356666,,92.85202336717188,63.642999939233476,90.40545219112073,27.275225969143,22.539506856224378,24.567139716465157,91.20423068579629,72.37318799719003,71.61048215044106,60.50393176899842,98.26053855977128,35.12735351844124,,43.168455041718005,23.707882605553877,49.826669011233946,16.02715521487531,26.245074610714568,60.36965414185469,96.34131125603263,40.56046149617598,47.145872573674986,47.1131001789682,40.29654877898379,96.49557934563,72.93294626586157,,75.37877068686679,35.09210258533821,36.45377408619035,4.316953829524683,64.28962897898005,58.516082332317445,48.42438339411069,32.30286422715072,51.559591495857916,72.36286924499609,43.61964432652454,89.45256676848665,60.03691960454765,40.066020314699394,35.65934091739684,81.21519591683224,77.23132029273184,84.73462194261388,79.4661132067727,91.1324651563148,66.96300214030934,31.361814590320904,66.69380065043539,29.498831596442642,40.09918934595205,55.015012094640085,,64.72385881424425,50.96041216756431,27.79134994239385,55.555091344611625,34.548956142638055,30.441122330216864,36.358033786703814,64.1987223011144,31.796433941703516,55.96969482111229,39.08553205200882,29.18008839384254,55.82546343537429,64.54690771538607,49.53580564366802,10.19851472872968,59.36782023508314,38.726551464205336,55.58048678441043,34.011829916688676,41.99839545685521,85.06946892685794,48.64249859161765,28.338925816795612,55.16324232445184,,77.97049846088916,53.53856923057718,49.88020143304299,,10.027051783013563,92.71619891922892,25.32803748277179,66.0970468068043,33.79086181352658,43.897840342204184,69.49068405676178,66.51692783743177,,84.20721491166022,,76.9252350092072,16.67462845120675,31.17585203647354,45.49794521369406,32.54098970087747,16.044463824157273,87.46621045849196,80.13515838048212,19.3762958616423,91.22416462669432,87.75699856829686,19.169036538732907,49.65112382139672,86.82403021292153,97.67216707964462,39.039604741762965,,3.48808080991041,,34.66109517773148,58.606327099271205,90.7627485220987,65.13940582401902,43.33067588831667,52.00340477356748,45.795706066042605,43.0114584923704,,62.50547865195588,,10.876138747144214,40.608845972666494,88.78138040488291,77.3842466989276,,92.79436388501796,21.848906471656004,12.54566227479339,25.215829702396398,40.840987688400546,54.49168828751863,50.10542059621865,89.14609151939106,80.4144996549283,45.42077720119361,39.47160575452461,45.08835498044809,,57.183921042063886,46.82638122699755,,61.39884418424322,5.267650389005718,48.168949098370106,77.85788693258104,55.73293407116875,,,,59.90200412109208,58.62789124290357,77.34732763553275,45.561396213953984,90.75354684340104,,15.17114497830072,45.8308108377887,45.90278507013594,86.78608820031913,17.865143267636054,86.99800552733957,74.02121772048797,60.19905587811194
1985-01-01,14.529166754758116,61.63734551436977,81.62191182243045,5.187700030831122,,63.921553125919964,9.496976475146045,29.267768659487636,92.4112690597855,28.007298236850886,53.15159631420634,79.93400020943763,88.50540442493275,27.458174444279294,11.537954343877765,39.15059067836548,32.465309136042194,35.956093536584824,66.82907365958643,90.01642414523194,12.282284797258336,46.49383463481921,33.26709734126481,11.057845822629286,70.99863591869821,,,22.335852080531772,96.58030050149954,12.354772182008988,13.283515276338065,88.52107639377806,45.91249846085855,41.62740221841419,46.360877261670744,72.68913098624749,64.73257858949468,46.42863587550804,12.885779508531181,37.57479979418814,45.89163242090203,89.57567325031998,73.42146049705853,78.38649770156678,23.766568210431195,62.03502275642243,2.6324223697841376,62.97800056783971,82.24769086507668,53.50839908918137,37.44869449301953,47.45695477118588,,90.17513946845722,67.51887314004502,93.55287394964724,27.761174609945094,22.96414547634842,25.01813792010571,91.02576494919428,72.6846839513504,70.57815530859803,63.31503764587121,97.92243279476381,37.4529444230808,,43.81055977391233,24.14728086128253,50.50838839212097,15.367000927622698,26.284118483847585,63.92108235970042,95.83237324580486,37.01474355080513,55.389906276270736,46.495694762251674,40.91671587565753,96.21141996483861,71.81257407097648,,74.07420024063644,28.405071515748226,41.43317109893658,4.421073722042312,66.1036473535638,55.782213676836335,45.58677710350659,34.4837180361633,46.02126915569259,70.72698347110627,51.664930335609526,91.05108142926373,62.20479746261549,40.15679869649799,33.32732858948499,80.53427201131203,72.13673138559635,83.20279148146224,81.10386322228759,91.76834642241514,71.2191186734995,33.55605175983114,71.36309746805668,30.973160884737926,40.717744731367986,53.06702424433987,,62.64983869076855,51.64724863468575,28.283684220032534,56.2575347364165,35.11680796021248,30.964859085218777,36.94354484889655,71.52241440400975,32.33533999673423,56.673128390011506,42.739413560608675,23.377596338312088,53.79003656899306,66.21741588297476,47.26949018525781,9.655946755871014,58.013955207165836,44.127133423987395,57.660328649860574,33.51031715932486,45.88035702694838,86.30986126609346,49.31835584264556,28.837938842208764,55.86468476909434,,81.55793120275816,58.114593094377476,50.39709095395075,,13.507292987597019,93.75545900900582,25.78910183038683,68.30115205755204,34.35099092496603,44.54506023672096,72.39960165287141,67.95956507273928,,86.25450693243305,,78.12510697123355,17.009570963177545,27.558536413584612,46.15572853341294,33.631076455437636,17.084430727575185,89.36321827133555,82.52528246763528,16.088928287412585,90.02048115345819,86.88131404758428,19.543002339979388,52.100730146898556,88.1318981904583,97.63789549592117,39.64928056096768,,3.573833653940006,,36.72001675402454,58.11275964837404,90.99579666616684,69.42400382046274,43.97393440137255,46.10369189572876,46.87457634779907,42.65647011924384,,63.214714276368426,,11.111310792218376,41.23153622393113,89.25219349755159,77.08192725461723,,91.2856871565276,22.262357775020703,15.240349540885067,26.236878231253236,39.71861806370984,52.01005173593425,49.74467915560429,90.47122301088639,78.6862322940358,45.94527218415947,41.20813155251641,30.422745506719973,,56.849157719762225,49.93083976733516,,61.255343492849114,5.392243316633283,49.79206252676932,73.26062369876627,55.233529280910055,,,,57.204256299817736,60.20440309883548,77.98764835793273,49.93726482783721,92.13277101758506,,15.481471252634549,49.55848558183275,46.5630963944446,88.4306840188625,20.713499456487728,86.48250182011775,73.38900557334273,62.26161391978815
1986-01-01,14.277489247274012,59.93146018845579,77.9667603779894,5.084857439378521,,61.479575322713885,9.321376249423984,28.83719389793574,94.86939735135923,27.589657544142444,52.56019141956523,78.65663613943504,86.95501930124286,27.04630361312602,11.330455203074674,38.12171564005442,29.144839400672694,35.164744960781334,66.22850265631364,89.58495836316413,12.063515769435806,45.93045978185377,32.798343274414755,9.693081776431999,70.41072192261923,,,25.249460485978325,97.60673611269482,12.13491563991671,13.04987931535222,87.35333360614152,44.08177678493954,41.09304855033822,45.79820217936906,76.21997097034668,63.73333583247949,45.86560350614675,12.65800977249263,36.10439155676555,46.27881142137037,89.43355975680095,73.50035732650937,77.84374377460306,23.39562565002892,61.97195595776186,2.577111185280756,62.3726798391828,81.742801724187,52.168023548566175,36.94469705760629,46.50291060992673,,91.05943364659474,68.19488900541461,93.36963130846294,23.90079870346604,22.60259553705969,25.09299630005103,89.23989781467718,72.10433546679333,69.91298386370215,62.709884878921926,98.2497384494641,33.52928195171625,,43.262327729959104,22.474909049545253,52.72978217202573,15.103464430273238,26.21469497139619,66.8721588941411,95.22136943806507,36.514179194866756,55.216047689284096,46.83234693310564,40.38717621840773,95.74487654754356,71.03365922859224,,76.29083765319456,28.605420203278655,41.02211089602028,4.332081610372329,65.50169566755577,54.842325441278426,41.98221044046741,34.29581351350296,45.46040560253001,69.79893510480387,49.59617335214704,86.34568053831396,63.79892769676001,38.7669940253037,33.53730490688738,80.89268672019864,67.13907985499084,83.47510334818014,79.26157446672576,90.27135573768162,72.91608763490657,34.399647269808796,68.1146191035547,30.52577376995915,40.18957868347508,51.35172583951222,,67.81659913171868,51.06094555800615,27.863170473114995,55.65798881966153,34.63187087593382,30.51755189835621,38.44817838292995,70.93669181208692,31.875091986301985,56.07274485291498,39.85055058437075,23.225349204762736,53.196691892182855,63.196374310377344,47.83025493359461,9.477807591041609,57.341360615094914,40.66777112568472,56.734350185897654,32.0357920915056,45.32025528053468,87.55644755552383,48.74138825755566,28.411726169438012,55.26598614859364,,82.21128447384295,52.35803410137143,50.304767745118625,,14.759562365716228,93.56529816791279,25.395273303645816,67.48739511703221,33.872640253802786,43.852533513518225,70.82334512769566,69.86054785398186,,82.3854632937479,,77.2635679457274,23.320968623337656,24.94463261161355,45.59414360829598,33.84117058188845,16.797258836187325,87.54266317025628,79.99681513737872,15.81534744490244,86.8030377002334,84.71511009008582,19.223522829967234,49.267041178542826,90.03531052310286,97.76922032307624,42.09556251463589,,3.500536770292495,,36.22181384083925,58.71317417837767,90.09127847744874,70.3416742618335,43.42471951500959,45.542385502764716,48.46587317131541,38.70952726524559,,62.60950669796439,,10.910357195337749,37.148614197563944,88.85106834354602,75.16852239223091,,94.81461521257488,21.503618305261142,14.97859169965321,29.230316323323578,34.98906572493784,51.422450660577645,49.165874225924014,92.31127231367138,78.71355999195322,45.59017147583416,40.67660045893744,29.98069821833407,,54.68637473931261,46.71814515660068,,60.0508078384548,5.285757511937039,49.21305690889815,71.47709528064995,54.26852708231469,,,,56.60289092184519,62.4721294371456,77.44160170081027,49.841919336101945,88.99127216186366,,15.216331429130058,48.980476090831246,45.99935911892777,87.97214232998472,20.379253528795303,87.50405334931155,72.68400958956553,61.656088029728
1987-01-01,14.132451568975245,54.739261627999895,75.52788444545759,2.1268217881852514,,58.02318548326242,9.220319857009418,28.588227111592758,92.1592649685417,27.348235468633398,52.21633865908677,77.81909166063873,84.95092680779155,26.80824525998733,11.210970993093216,37.42538741412318,27.084624944291345,30.101304549880325,65.87788437479823,88.55615353576948,11.937516440106998,45.89507976409539,32.52706539376686,7.9462211710890625,68.69477244063908,,,25.188307758675922,96.99443812646113,12.008287491246495,13.584110403398508,86.39041568990775,43.76406244425175,48.71322977239797,45.47160680408285,73.36195641304164,62.56868000214686,42.35362076920466,11.780001193481649,37.5552498660235,47.669840720746606,90.86848211901197,72.77911304753282,83.43263625552369,23.181396671890298,59.31477524640538,2.545368225421152,62.01974242438166,81.44590368732877,53.3922547409269,36.652755852381894,46.11237916690051,,90.35810268366784,70.24822794626775,92.54891562373021,23.683143996792687,22.393828162668306,20.10791340144933,91.75079422569765,71.3063896958553,72.13027185888419,61.52998492822404,98.91380843208282,35.04743261862087,,42.94430644870917,22.267030659034614,54.887834178159146,14.951560813266585,25.98187630362492,68.24299836272563,93.05606468372866,35.261575788610266,53.34700336090723,46.502576515321934,40.080201737421326,95.83561866044269,70.81623227114402,,74.84244222263715,27.910646068992072,42.16163254678168,4.280961058589439,65.19491940574243,52.06018019053551,43.95804138562389,35.56840877743589,45.13488802001048,69.82625968356689,50.33507892698081,85.49593810988816,63.812160170991184,37.703375443259155,35.915136585376864,80.590524918269,66.72584728742635,85.56026901766131,72.88078986823547,92.86975076280515,72.5377008140095,36.341032682298604,67.30258999884826,30.902077695496978,39.883414261919256,53.632250308033605,,67.16007304654066,50.72019170119295,27.62007301903887,55.30911177786086,34.35111435895796,30.258815021135966,39.59493300893171,70.59413686623579,31.608790628711414,55.72334017363445,42.37615695574131,22.09242703006751,54.57923791737449,62.13798718973913,47.45771237817936,9.405089059325478,55.03792907368697,45.39805549067141,56.134140848384796,33.0744823674265,44.630785078085964,87.99027202807375,48.40625642861838,28.16530457853148,54.91763978407591,,80.67502266569602,51.699566242868066,49.965737431578894,,16.66617663675819,96.28383897723191,30.0804031723519,68.77147499579398,33.595743280701164,42.32451667857144,70.65355675527722,71.77733127764239,,77.90356612712776,,76.65411594101276,23.10343612966549,25.44974218010594,45.2681969291453,34.835905249611244,19.63256212824215,85.309608578726,80.50740683154905,15.657626272173065,83.63894580510528,80.93851527619442,19.03919036837135,48.93054858101006,91.05607644294346,97.05966229097103,41.78185626956355,,3.4584494181507663,,32.61874611202998,58.3612440980114,88.31298798010766,68.77644066201233,43.10611600622,44.9158136902693,54.66528525597762,38.7627512447642,,62.256608640870056,,10.794655861815894,36.85572842168824,88.61378341201035,72.78513154299641,,94.7069597903756,21.30258994135612,14.827718042686811,27.542261693392177,33.4762940801067,54.115013598009945,48.09426473157031,90.49384516549284,79.16278772435864,45.518655558439626,37.157512812292936,29.725033852685158,,52.73385162455553,45.14368987920798,,57.98944232772261,5.224562449193481,54.69509643343977,64.16723716001778,53.837470614573114,,,,55.84270197919228,64.04897360494401,77.12130049983666,49.380601842863356,90.35764574707092,,14.964156977307052,48.786101603511455,45.6721314086075,88.37356467691258,20.18634959265826,87.86359759031943,69.70219677110619,62.06302862121469
1988-01-01,14.177409547047393,55.47174107311428,77.68888982175363,2.135142105762544,,56.147254796118084,9.251633850112995,31.027710302229504,91.00874582174625,27.42312847020767,52.32316333290239,77.55469735018791,82.07998470423375,26.882092554982016,11.24800066347047,44.18287248906376,26.26341913443879,30.181301368916714,65.98692369976686,89.22299416500479,11.976567235197821,42.008883079649614,33.24612080200902,7.973731386225847,68.8025706503383,,,25.25892979190192,97.37453940569992,12.047533369085029,13.627619935447354,86.19206543230592,48.16000004630661,48.81757088612682,45.57302678132906,73.13850281401498,62.17798945417614,41.53301524387347,11.818616659524972,38.54722533472425,45.678223280959195,88.67783879405108,72.9527946889818,86.37512172312512,23.247838363487496,59.53057913413395,2.555197401380782,62.22059373073861,81.53840473981309,53.59443809168361,36.052623626854086,44.74672170506818,,90.26075459696534,70.41569184441347,90.20852401401706,26.39499585702165,22.254178687410775,20.167551167086906,88.57503787185863,71.7108751204812,73.90686825008288,62.34920121390901,97.03988303086308,37.89469772017405,,43.04304889122032,27.988533574525043,56.54516648520173,16.55399863625078,35.83085524698679,68.90151648466185,91.64344821622045,35.350114716817124,57.344227966734884,42.38825922101894,40.175498298428714,96.30154666566455,62.46543186167237,,76.8624963177187,27.98661260951778,38.828624295102124,4.296794268532745,64.29565174964591,54.002749923228,45.398802298992635,32.99714489048322,45.23597123910675,66.18036203565849,45.20993270627021,83.43689708228925,63.23206899024984,35.61200582157402,34.633805926339264,75.83298001700345,68.89403424032314,88.57634784855063,71.36601137065406,94.51885861107641,73.10477731804805,32.63073473199647,56.822368788779464,35.996733788645386,39.978458269444836,51.80224716922264,,64.98936645424955,50.82604324435434,27.695486893002496,55.41752016240433,38.83865147743577,30.339092353055964,40.21505545095565,68.48488968867161,31.691421166859367,55.831915667125664,41.78321491260093,21.673064954373046,54.68732563858176,62.35737105298762,42.8764973533813,9.436944960933713,55.37467219568928,49.40638332077917,48.40873251872226,34.59944609247805,46.94307348262551,90.22929239884995,48.51034616185782,28.241751990723873,55.02588031850178,,79.23262398031513,51.61288729413218,50.0710484445126,,16.965735950422665,97.66226821607003,27.122101385814744,65.30570038848853,33.68167104510517,49.989544957206576,72.66048702962802,68.70082236372374,,76.26522946748881,,78.75877745600819,24.57283452477592,24.000743238371093,45.36941421307067,35.30953806188195,19.69110342996727,87.94248544706721,77.66026361690118,15.706520591608953,84.5770673771554,80.0475839984972,19.024116136639346,50.995480130744575,93.16611778737516,97.17249052901663,41.879252268654355,,3.4714834858762034,,32.70307739295299,61.38914677499545,88.04380746248576,69.91282289140271,43.205040172921564,40.49217479382876,53.68692194267544,39.07566028002537,,62.36632350155909,,14.119805912942574,36.946634551810156,88.68782188246105,75.74424295023613,,94.20873718854146,21.36493083251696,14.874487130897563,27.6175268511621,33.56202923234699,52.98573911657165,50.301952674416285,93.01308277085477,81.78088870356224,51.40639921019869,37.24885250525768,29.891238980457146,,48.74576562339158,39.731459965463266,,57.293742941895665,5.243517963525457,59.704713348285935,61.632417519290385,59.91068341140151,,,,55.40158652612654,60.12817006323774,77.2210304508184,53.71844993748327,91.0991098093035,,11.945968674887864,48.840877047009066,45.773748988319916,86.68888826709822,27.299309833672925,89.92915943336754,69.33769414918471,62.73433834407673
1989-01-01,13.729329679351876,53.08643629831757,78.89141927702744,2.0525924389730887,,52.180085813367086,8.939978241826207,31.321043798452408,88.29757109747936,26.67433909925564,14.483995090429024,75.39885307640594,79.9996741498087,26.143848410743054,10.879237084332027,43.17928863427838,29.455064915986107,27.78065339378404,64.88564407084532,89.57735215912935,11.587595207371582,41.030317730316,38.10220524441039,7.700047773137952,69.0728261043801,,,26.95135916699034,96.94455850166523,16.324375015522996,13.59105776261973,83.93399329042673,47.117197658990975,47.76912201475935,44.55475890032301,72.54146132784656,59.203417740369744,44.21095340273655,11.433997963001685,39.05852371027694,46.71334572042337,88.68839134726986,69.75502909980331,86.24306082378787,22.58417644721461,56.15119490142586,2.457649040806864,63.38145877710222,80.59722516239835,52.51241721355342,36.63656906087258,48.79007571810349,,91.3387837869639,68.13939155117374,93.13026331253957,25.666368842812105,22.515877996575796,19.5722786659834,84.95223532458276,75.32938820279715,75.93904740433753,56.54348675998695,97.51005677506652,36.970177025284514,,42.052272328692155,29.815112204347848,52.81272476361174,17.966546750932523,31.522016434012112,67.5585784359131,90.92996658702074,33.63398971188294,55.377700713350485,41.40514934475685,39.21994625088734,96.48776392793182,60.727409871660164,,70.55082729384804,31.7595560804927,40.105446339199325,4.139507778117979,61.466466243389384,49.90579947664553,46.130495223669286,32.14807931578615,42.96121444651553,65.07965781827183,41.952258456719484,79.1635569219879,62.65304859480789,33.75560939176332,35.167760965623195,72.09953634879524,66.27434708886177,89.98080834301769,72.23613325959167,94.6410360590723,76.76398965874907,28.6238865014385,58.30347249560661,35.768199180862794,39.02548250230291,52.31722293377099,,63.168822535283596,49.76186302560735,26.941443488645646,54.32626954064603,34.34113197107456,29.535943099845884,43.772275420972285,67.08780662598784,30.86447740740972,54.73885416621924,42.607036286451596,21.482170480504582,53.5995263739242,57.29424121841509,41.964955263240746,9.371282881112098,56.30614410130597,46.66578149376869,44.66730592204955,33.35640863732166,42.03672737746966,90.43241514253126,47.46450525964705,27.477280471831598,53.93643971243001,,74.55527674374048,49.991095807958274,38.16031903968913,31.192452410584814,13.72054964873709,97.22984564108631,26.604052124754563,64.38817897961653,32.82134361136513,48.9316368250484,73.58570509280659,63.86558016259358,,71.8198434759221,,77.61885940902383,23.224154184957,21.67117347736656,44.353232228252224,34.34710688210859,19.87571808284815,84.0257799578179,69.88954030863263,13.115673615017354,83.8376673121686,81.62832077330519,18.455465179856667,52.91172864033389,91.39392015757531,96.18374420076145,40.90225694500862,,3.342057897933104,,31.85892076396224,58.40128341705761,84.0568965392282,70.17654320377851,42.21240163270108,39.53252392326514,51.14151781954484,40.40044183006921,6.359721290647357,61.25959107896086,,15.68950322426752,36.0357866483523,87.92991108874605,78.72941702952595,,94.64148348268712,19.16715148451722,22.635321668332487,26.44576427345642,31.349749443251994,51.66770756556518,49.24165504131973,92.24485418298404,75.41781119019682,50.404156515368136,36.33359703437503,29.096167585147693,,42.918589733162506,38.08040031527824,,56.19516198594117,5.055134368256731,60.93468191964422,59.08165645282468,66.92220286216268,,,,58.867948940512726,62.72755629431286,76.20888016390714,57.968929662808286,92.98288365275302,,11.096708103918761,47.96479116503269,44.75344673231386,84.26543871767993,27.83602539668997,90.27205947191852,67.66873415246135,57.63212453017255
1990-01-01,13.852826184569922,47.08854047214638,84.58430338854564,2.0752606864039014,,51.50357905246179,9.025776740196179,27.88103502703332,90.10961564007448,26.881240150266194,14.24361074331899,76.1129316488568,76.44358923471547,26.34781563460068,10.98080679928376,44.034944274521784,27.94949967385736,33.295534324061585,65.19241775837565,89.6195064781042,11.694748997672388,39.86587954823199,38.18347162317705,7.775367134426848,69.37461499110549,,,25.217164156433746,95.92505577501936,16.46664191023197,13.713522997224059,84.99146327671731,49.74953396398286,48.059988726862514,44.8370687418398,71.74007230631048,61.189288646070025,44.49225367198055,10.291356338027068,38.17328344906385,48.14787222452498,89.14434044769959,67.44854160986564,84.53061322233862,20.630779993616333,64.43687790372203,2.4844423248497227,69.38681065585314,84.324190864323,52.81290132907288,37.61237515988759,46.02780323640653,,91.23257988325575,67.68527770042834,90.59636755472127,25.86766115088539,24.22377256001045,19.7365402150233,86.13172634969585,75.61551820772172,74.51931033767633,56.84916064055672,96.93506827990339,33.397882926626444,,42.32682523773388,30.35919107969647,49.69501127565699,34.14726840410862,29.550387720488146,67.6594269372108,92.1000322577604,30.866182539920175,54.55872973528943,38.74887943809531,40.13211568753652,97.04193048168574,64.09355143515832,,74.99079402289237,33.33465561487907,38.10156408649765,4.182742974859854,60.75487964185686,49.561811508950996,47.085900352282536,28.7990620147878,43.23869388246677,65.38628816120638,41.617545338838056,80.27094985743811,66.4542453770901,33.99785641689712,36.924722638693396,73.74742847636556,67.09689238918679,92.0379537115858,71.73448937649152,95.80442093281411,75.08234583921906,32.24615911367048,56.604091219403706,35.47298098369672,39.28940708815806,51.22817398828525,,61.940368108839735,50.057217055208355,27.149806592388835,54.62943988196647,34.58598380771145,27.547531528513147,44.067713910798915,67.39246228026752,28.412457474285013,54.71019147706271,44.782838371532094,21.658621049206438,60.09707986430013,56.37606692735637,40.599565027475435,9.460652344278087,56.198828893223116,41.95905971197904,45.32522835873431,31.867189393712824,44.63589719087111,90.40755172649261,47.75463024490809,27.68854605684843,54.23908047811976,,76.71686953589418,49.636427425152384,38.42095913937237,29.166497845596474,13.843980765761199,97.28270602079013,24.7128089122832,65.26148220558845,33.05933356258872,53.95637753711473,75.394851960958,63.21685987403989,,71.54202009099902,,80.67226363074566,25.970153958828245,20.036843789774174,44.634952478395086,34.59198504800942,18.392182612472464,84.26923137278692,70.18987302569829,13.234568598411645,84.80392017189091,82.89789418690468,18.61234621457768,52.49457190340083,88.86577952122533,95.2614559969803,41.17293075347979,,3.3776225434175133,19.22428300129849,32.09239600120624,61.46403941094272,84.35679972134884,71.00666456036902,42.48747907703694,32.576909257995254,53.630704176132625,37.97501288130659,6.8506918228885,61.567580116948804,,16.645492764031655,36.2879021833008,88.14329337348448,81.26545693573588,,95.68443568791774,19.32875752146873,24.74939569081196,26.991844329235636,32.05975087587261,52.52312587135914,46.85152286057881,90.53018129924402,78.28072191623558,50.70082024252886,36.58694663864921,29.315955150529593,,45.17846861262152,41.99262761862684,,50.377356365196626,5.106935465866069,58.78597308969964,60.57616280078684,63.34863986613317,,,,63.77072126463783,63.009054623795095,76.49191275476205,53.436039813444204,92.39279700144608,,13.55843109153848,48.25612657818813,45.036331790926454,85.57406912868693,28.77853517332798,92.3955063392033,70.56862268832936,56.220319240695524
1991-01-01,14.085050320184788,50.310506744541804,84.80321581984627,2.118058399660361,,50.73324899886884,6.921185896063042,28.279040556564627,93.52530458133596,27.269215471313203,15.755499047539988,76.78966682793444,72.19702844000663,26.7303307643147,11.171936117038994,44.55802308514294,28.483475684182945,33.74325898618057,65.76257050485717,89.96080791402669,11.89634903728396,37.8954585910783,39.16342541197949,7.917228003853949,69.38312229993232,,,27.914850207583143,95.56880493510675,16.044747846523123,13.852640903125247,83.0153755973805,48.56661816526739,48.60301313878287,45.36449567215058,73.4243174904576,57.2021344082714,48.540751997973906,16.603441682028507,38.65912349887232,46.53818432967598,88.25521486151844,68.01421857019211,85.4433467344774,20.9499678334245,64.04917474863826,2.535014934862112,70.7535779306,81.09525701123938,53.37325710464149,38.094157407120434,45.00892985088816,,91.11580699720324,66.88345864521933,90.42040086015015,26.245196516580947,24.583791799969557,21.271327995781064,,79.93782015875374,77.3273957762931,53.90055902351991,96.34545174114044,33.84647261657319,,34.839436181443325,34.99501045297841,50.24477635415741,34.841637524996294,32.29691348121393,68.78378094279627,95.40722157301886,32.443979108808406,55.591056822456,41.5561117454915,47.91897924466264,97.43065246533732,66.45806641146486,,74.51182794383837,33.782711250011424,38.29490802240345,2.7327658059090543,58.29981553055923,51.16701431618458,44.173261030988066,25.09838555642423,39.670359118393165,74.70256715578059,42.71021985506391,81.76601603214377,70.68996252574186,34.641964525199775,36.756219435629724,74.24171230560447,67.66340903207744,93.2760487870524,72.28543803674535,95.07466307860584,76.7210084899557,37.976198372598226,56.77446332788498,35.93850766398018,39.78306753783782,54.77555981961642,,61.8246381468623,50.60836630222092,27.540502331530426,61.596214244484315,35.04441122619695,27.94222077033883,44.59097394693692,66.3568286954485,24.393923153142648,57.12740405002607,46.86582646546976,21.989850213999485,59.43998660962959,52.44063942507853,37.88474856456197,11.24634467118415,54.418443952601116,46.29248815412023,44.92113693184947,31.220136737445635,43.4521472659964,88.65563024838174,36.630848199775826,28.084641119083496,54.803260805489785,9.338373898879249,76.84195933708186,48.57723837913473,33.09273257883485,29.577009855633985,13.698351459086888,96.43747944601803,24.45710020765379,64.79575375358151,33.266627653554195,57.0363383939851,78.95672876477396,64.45544262667104,,73.81605567499494,,83.39576607124442,26.348757458870008,21.78931683055079,45.16130108434865,36.727555615836714,17.19315253635827,82.75772738761546,74.05061575852794,14.55198235683326,84.18809860570326,84.06727503269718,17.283939286482042,53.053985387746174,88.3244923053644,95.88173246917201,41.67901583706384,,3.4447186288683596,22.78177337873991,32.52974360825584,62.03708034633746,83.64255656578855,70.51303834328694,43.001654444139334,33.01848195670634,54.82892403153947,39.668530769592515,6.977593987425212,62.14061307125365,22.692220736292136,20.72528660906454,36.75976578594342,88.53524419100293,81.27297304025497,,92.62982690191028,16.561824169084215,21.456550982575884,33.41191183837036,32.49681157124593,50.99947840614989,45.74061539975914,91.48132007920266,83.65340275959406,51.25433023934769,34.54178236128102,29.727892853048377,,44.71088910124901,45.2993469182688,,51.6556137829548,5.204589828887829,58.96295394417863,64.73271849683321,62.695456343119595,,,,68.6990930355415,59.761456388576725,77.01571519397847,53.99814691269782,91.67943510272174,,13.635512213089907,44.79033073646684,36.56707632490963,84.94148260174731,29.185318755799962,92.13822177743549,68.03152729720956,59.622078197265395
1992-01-01,14.20001346170141,49.92929559193718,78.11301459483883,2.139328558517206,,51.365601406233765,7.4483796143698155,31.02603499078862,95.14153833281286,29.697953914734754,15.494064369020244,76.6020943952302,75.56227690864344,26.255953156267577,11.266620901718072,48.238401636413386,27.223160164552908,33.856851863897376,65.16894749525423,91.18973379464516,11.996203107233661,36.458560561473604,42.49420332894929,7.987567157764019,69.65780614597661,,,20.849029846980006,96.38203183268924,12.985433818515036,13.966034968686325,87.35420420611548,49.72536319034005,59.49062516577548,45.623956132364555,75.96203886297337,56.11921762491643,46.44233183844225,12.140205299147322,38.89845480875298,45.76667471806265,88.44718590248465,63.58078873765982,85.97713733414713,21.10775149156494,60.49364619944737,2.5601428093297796,71.27628612309155,84.0192102501207,51.13131449709676,33.80651180782122,48.89511829162391,,89.41195955953113,68.56067835985434,91.61401816569276,26.431627193993947,25.461752867809917,19.62536622749046,,79.32496637764311,75.58986140685319,61.05266155454463,96.17431837213903,34.06766361708369,38.716149356938224,31.119493660486384,34.88737550823965,44.44099168581999,29.37086799985782,33.540225601538445,68.02996561854194,92.77723266353327,32.85634064948609,59.84859904268194,41.80488831982008,48.58668621966281,96.38429510238345,72.75363273324183,,75.19037569458476,33.30102797263517,37.4372493750144,2.7596996207458258,59.54177033582499,54.75572034039848,41.786326103403425,26.239348012777096,38.90177534329475,81.36433509196493,41.3741037790527,82.58068722664092,70.76179494573098,33.11758850286325,37.159758496962894,78.33244167188494,74.40012482576006,92.8957456530728,66.97329916732342,94.71494563457563,75.28798067050668,40.528612821783085,63.67796420026741,43.703322031676606,44.240788246870856,49.64371755461231,,59.62273842262542,20.984853756956646,27.7333830434337,52.99706794050374,35.27040009454757,34.84021012444424,45.12163824040666,62.81374600654994,24.570757291102463,59.600416124250664,46.06982514974673,28.303431659370215,62.71857033884969,52.763064766750304,36.37773255266148,11.341564411065663,57.93409441882502,45.919606787297404,46.706471681357584,31.43015958210973,42.507074426951185,91.34229567871192,57.231332881339526,28.280166714860442,55.08021226219244,5.005066630084077,76.89085719982936,48.89977007550236,33.3108095066846,21.714399692567522,13.810699311956064,95.96630241272345,25.208226266617206,65.62057948185188,20.915847173016576,52.9502531055791,81.29829860306664,62.119693076334116,,74.62471177756021,,86.12959739324715,25.029234689061752,18.777949663229098,47.14334340738505,36.321847166014784,17.32832959167808,82.98712648406568,74.15957021899014,14.67007319302157,84.46764847880942,84.65080710278228,19.529585712442753,56.91344710058603,91.26856830089642,93.88686714824411,41.92816820105276,,3.478040790589798,21.94245099820378,32.74544665585965,67.64012857271508,85.04574789033394,69.58655004343255,43.254720987127,32.758784417220944,63.095826192318036,39.184608083414105,10.373696053846505,74.7954677349719,27.53723585621961,23.177359193958523,36.99229977480236,56.33889673496757,81.18410940834092,,92.89693247815623,16.69300894450989,28.080368553202504,32.56311177243898,28.251964536920248,45.80066165670566,40.79302472461066,92.86598609483676,87.4780139762159,48.83143342448641,34.98838214827138,24.82350227341489,25.478529158739804,44.571875221877086,45.27240999526715,,49.181697517153765,5.253052940288128,58.34504145849224,66.08520005393581,63.36091375704698,30.41372601531296,,,71.54413132877744,60.64063067061261,72.0540244988061,57.012984150343286,91.35150727366292,38.62778450420075,12.135665311386957,45.04830879956824,36.798894243890224,83.41601478027688,29.386077658343346,92.05703000646872,70.24162736844568,64.49011729854041
1993-01-01,14.101719530061786,47.55447481973477,78.38940056122007,2.1211390836091804,,53.058162949050505,6.029883428917449,30.502415065314526,92.07922522559574,29.52509250246176,15.388476798924088,76.94828618836243,76.4644020046882,31.15039346566646,11.185662350458347,50.815179734839134,21.340430921887933,36.51337682408151,69.36626828817116,89.11515149784583,11.910825381919077,31.364556678619813,42.279782498770714,7.927422376553272,82.04100267509955,,,23.268828399640505,96.44799446097699,11.498054549527081,13.892717781997865,86.47789253886403,50.986976536683336,58.42788774865595,45.40218359255091,75.94950754641594,59.68467147277663,46.21882775735758,10.586279211147042,38.69387405918161,45.54459444876978,87.41379230250217,66.03055080634806,92.31420612635391,17.42953475156437,56.87628772201341,2.538654614718272,69.21615238333828,84.63106738988931,50.89946657207105,33.61833982439714,50.67191375454334,,90.1808536451037,68.0486260208166,92.24002305091909,26.2722474406208,23.706915513396844,21.852048016290947,,80.44065190702226,76.89902118809106,57.2618956703131,94.29951071560947,33.87858062691406,38.51210643251469,32.76850490767846,36.068252391664466,41.55384469663886,27.362302219929745,31.752868342918305,67.78889827187172,92.6232567999968,33.645859862867155,59.699940238637254,46.46986371995355,45.49972037820022,96.93913440914905,71.75896848321707,,79.63407567027197,30.656628915341557,33.523989215384695,2.3047889727534576,59.302160315921306,57.34533990507378,37.71698886611833,21.99747444640363,38.69718483224236,72.38068829014324,36.799802192980025,76.88773160925739,70.78233404210508,29.96779979203793,33.12959479142705,71.52582716248548,77.66583459892308,90.8656306847884,65.75920238820537,95.15871453471377,73.24920675721674,45.02001480253334,72.7926445460039,40.584222833154705,44.0221231760195,55.47634649398658,,64.85925048731274,20.467168648362676,13.986716022901401,51.862583821000726,38.92133198942287,29.65560349245513,44.357440345330225,62.57386821048918,21.753005486901746,54.25999202867726,44.96230805199004,12.739199881779072,61.721597983758514,53.079217016263684,41.80669862329578,11.333756625402014,56.8831255333136,43.510382147157344,45.34036224369656,31.57990732437095,43.13598383817244,94.4168111504845,56.99287753282807,18.257958323573575,54.84351353581929,4.965392101649623,80.04974521716152,43.838525268768144,40.48498538798795,21.947959285677467,15.022975828662233,96.23890352563336,26.055289232902958,62.07126349520522,22.435657923363827,49.33685705239369,84.35984619918149,63.94345564341255,26.071526177602887,75.82207523774227,,90.45831117899607,33.25160126947748,15.656318544440119,46.918420086602644,38.527999954022185,17.953867144516455,79.83990121117333,72.00505362570213,13.373829556433803,77.19669055654201,87.44412452681523,25.475512225074137,58.379892289846524,90.27764387151028,93.2827351896029,41.71519862880431,,3.4495458628639564,23.839306912203128,32.56105272160249,74.8337850842868,81.75937792673173,63.95489008245852,43.03840848730256,28.33254056130261,63.34179758347962,40.051769539155835,14.216948220741132,66.52160105717249,26.177254936332716,22.863886746880425,36.7935257895857,57.67345387397134,83.07796697703267,,95.27080420948755,15.402834561316169,27.442900042974273,33.066165298321394,30.39899137077159,44.77995535961785,40.583076182323374,92.16361184809966,87.99766824878049,52.7572431344824,40.338456221229045,16.732438027972464,20.16999539237402,43.44255327079553,45.460001103104986,,45.067396331551514,3.192176667112201,53.04867318176212,73.89676374461483,64.81006274362913,43.05191857877655,,,68.83938709991365,59.85320789277318,76.53438807847928,57.056403749189386,87.2470197762867,38.42400360699656,12.211312807584761,43.8511618853793,27.91257277912189,84.56827694391129,36.27901044315027,,74.63014672318661,64.67000543965086
1994-01-01,13.99755808392219,48.759471902638154,75.13779929807973,3.1765121515558437,,52.233933170943445,5.241998749914845,30.813433205774963,92.2853665633225,36.41338250921044,15.276567521342987,76.90103516331845,74.68692012478625,39.085065219747506,11.099905782855867,52.77180109869208,21.003850686682966,34.07063176684837,61.35866197189617,84.20033737525276,11.820378311829248,31.173454431777927,42.05181140456722,7.863745700053826,81.2476881856188,,,24.0734900614478,97.43494050208619,6.64617905739906,13.789835834934062,88.08427977972823,51.567376182513726,58.17295890586125,45.166306891183595,72.9219481528308,59.04945476120549,45.98108535983466,19.307541443575726,38.47645671514108,45.3083862985309,86.2415297027658,68.31057843952631,91.98195013713193,17.3057812856093,57.49737708382143,2.51593217791769,70.21294464071055,89.89753155002066,50.6527009140481,33.41847716936819,49.94103418189961,71.76356176243158,,65.12512644109447,90.62520404914231,24.445409302650177,26.83388301450238,21.12379350880721,,80.00047392079456,79.15333536296669,57.76380356938673,94.56118585116445,33.677744434570165,40.48520984388949,27.67039403555851,35.17446084416409,39.39066092857201,25.904302740607065,31.63382459398636,66.97884580018936,91.74908644384053,32.725626711168765,58.016542374568836,46.30290956643742,64.12253010696472,95.40585414542522,73.33418773550149,,74.54052070905846,31.279316001253044,37.362118351185735,2.284014234206988,59.04682913047144,55.33173669376146,37.50271417409865,22.318386594740915,35.2962548297576,69.2548959059616,38.24925480333907,73.26165437228138,67.09907047209455,28.81609733498971,32.931581787707586,70.60938918404234,77.43460238855417,92.11839150898085,65.43204271511718,94.20456685963583,75.1506628759838,44.028801651293094,70.58119267357068,40.36104821053843,40.021613727140426,52.12728216040474,,63.950504977537605,18.27421608608917,13.883257886184786,48.48823243162534,38.70319922377441,29.47153638308998,44.07150523899498,62.31811889117145,22.622302108546055,59.68097634641183,42.37903007198833,12.64348807296891,61.46578824369517,54.49646694439465,39.79652005250571,11.247035850805187,56.13322586876463,42.288950204543994,44.613569120835805,33.6929146134246,40.84412214347657,93.38903180012429,60.14586641607036,18.12954922318475,54.59144953434396,3.620738266124368,76.9607543389145,45.19813434618154,38.40762983303227,25.5118411061267,13.060993078795935,96.00465127301263,23.48736366994295,61.81546380639187,22.285058630355547,49.7789868795773,86.54801921275086,63.68806244790408,61.87746963924774,71.28559360598581,,91.43129158546532,38.82491594683064,15.542824189546412,46.67914713538776,38.311108224632186,18.01855508034731,79.61669402805785,72.16698871185947,13.274150102912918,76.39436238018654,89.59024181613715,26.180683567725616,56.33042159473052,89.52374775021777,92.85782066568333,41.48878574011614,,2.9593308008478925,25.747498600348173,32.36522629558542,71.20909783526824,82.29642341170963,59.6590037265007,59.00970835049755,28.300566888027223,58.38353077607954,39.83017310954078,13.973581875118645,76.632195925202,49.87434469581279,24.885352102509316,31.704803399506165,58.7438534202553,81.8136020244707,,96.16616426999744,15.290840075725109,27.274275304417582,32.86839437936967,28.73831605747421,45.407863807537474,38.23547551857735,93.68137314558169,87.96645490821679,52.50771058508978,34.1330291848122,16.61266945975859,21.772958614813255,52.29971176465031,44.56732941868642,,50.5148321619757,4.61476329654853,55.09622857314551,67.59911877636485,69.06206003353776,48.73381682333664,,,69.73818562038576,56.76249173471775,64.11630851312957,59.485721735961604,87.30969474138577,70.85958114743858,12.338032541747157,43.869840773788326,27.73602941995942,73.7448930560657,31.684910551944235,,77.60017038688171,62.80082772230884
1995-01-01,14.458029452796595,54.53773224602367,76.8786502173074,3.3014692769320897,,57.011019733057154,4.762770179382669,27.772349876274106,93.10842837022149,50.17408173591289,17.881682831738964,78.04723398725928,80.307933673735,38.47102819578135,11.47928319869649,53.86749496622962,21.045112284233415,34.87234604507482,65.35758462531771,86.6187884706987,20.48672948956918,30.09541205545283,43.053799010906054,8.145697490969116,81.06426933078855,,18.835817291344537,19.77544802086486,98.29556540171114,6.889367190957496,13.497129917669849,88.3223978957995,54.74686530116879,59.2892447913737,10.843706726048952,71.1986661000904,59.846580665236495,47.862373634948064,18.213579941197644,39.43276561136552,46.345857086017716,80.17857526921382,69.0096508908659,90.761204589643,17.852455606871764,54.09111248932985,1.564965737119317,67.23575758112091,88.95713166626975,64.46274125195366,31.412053543348517,50.983365576387385,86.16425213990682,,70.99432937176371,92.6457271912196,25.15690191910547,29.053455423854825,21.08794323026627,,81.95866046235203,80.55120907929536,57.21740069848293,94.15869773189378,34.56197721584794,41.46803746903478,24.29837584771718,36.08248278931393,42.22234725933915,31.458327572875746,30.94237551352287,66.60668599940422,94.87747755990415,30.954051052210076,64.58657741294529,45.58953194818102,69.43047348187721,95.6837364608086,76.0623713637105,,75.68184931191708,32.77151172800803,39.101035367908935,2.057731935607243,57.39033896747108,53.330057206799175,40.077750811069734,19.778172990613307,36.20616062010008,73.26190894847156,39.07458416225917,72.77381454689194,68.4914306411509,28.102766400256364,40.24930490979286,71.69255744148174,78.28768870239156,85.46059232260836,70.09556959980048,94.51996315784075,76.67345736478576,50.83560736395025,72.16234743063943,41.34230001554147,41.05214694224264,54.416188846594025,,64.48809507848286,18.844908983445606,19.229408458007025,54.02025271033231,40.261852503675534,30.282617914726263,49.004147208509465,63.436720354941876,20.802826293243072,61.56875481557434,45.20815102147383,13.06674271306173,62.58492609542748,54.63727465689126,41.085804886775094,11.576538727240104,53.51870589002339,41.3907577243821,45.673275446289274,38.13718157900319,37.76004260949832,90.08282188577297,53.840201129201674,18.696688267096405,55.696198298148936,4.485125793216782,76.5056712939325,50.42575597036583,35.1169108910269,28.388537955747772,13.585375545987654,95.84804010925004,24.50465897495844,59.859144897969465,18.79011229166001,50.85531467265723,87.44731336815072,64.8046581597322,54.33555921559625,75.29208044959161,,89.24171735727114,39.78598105833269,15.69423302932369,47.72976449757341,42.73015286651616,19.00976644578627,82.56484841824717,76.75646289544918,13.221868818932892,77.64807726004412,91.59524259635509,22.601731550614957,57.4418345850582,89.0052733233723,94.94199369101393,43.95305315854054,,3.076424148522805,20.239377174274274,33.22762809923797,71.493967522301,83.78095384546023,62.342746539154945,88.71444863003506,29.089634371526863,63.79623867472694,39.89049788569214,15.231007901323423,68.92630848671581,62.171682593130015,26.096261451210868,22.46920635790425,64.908591535728,80.63320856429222,,95.80236908502714,16.383207604813578,27.190371739017305,34.11792147654682,33.256047854948825,47.328858910096805,37.5141281233486,91.04563219765254,88.8553793357907,53.59068519448209,37.5123500631476,17.141821264357525,22.42603237501457,55.62094374263433,51.180471061085875,,45.68741937183736,4.790289190911256,62.616322885177354,70.11843633793558,78.86681435009395,49.80210718379543,,,76.72053601651665,54.9309797030048,67.12505551379283,60.604063783390075,88.78542172297801,66.66831095537877,13.831052379446906,48.348464106250134,33.41007208454386,73.40868275009866,32.535641152814,,75.77277488305494,61.434545614072064
1996-01-01,14.04469363218761,50.18536406709475,75.4971947163602,3.1892531044627415,11.38634350148534,60.83195072004513,3.874025518829738,25.792184444741974,90.51738624553995,50.18026143931675,15.673425528599294,81.66971073472945,80.95933098680362,37.396043939161316,11.138708256257623,50.71873743720876,20.48680414282057,33.818364762234324,54.56706446054434,83.12316776911408,19.071497844810214,33.50959463977908,42.15506973153757,7.892553474600272,79.63149473121129,,41.5580026468619,17.016252246288367,97.77653656912014,6.671015148756265,12.005637729036744,87.82011071150728,51.57107584355198,62.192636318372216,10.450614484536036,70.30374726930111,66.31862242464011,46.91907518122604,16.501626773336532,38.57492306402873,45.41538749646327,82.42209823325763,66.82745863940218,91.66457837391621,17.36178940987303,56.69891142391184,1.5211697977169258,68.05150869408236,88.1163870178024,56.417591040570336,27.2741657524572,50.769482747104355,90.4634911700058,,67.16777663239783,92.00473921826573,24.518429541972775,28.527325288459515,20.638933626850253,,80.48453258551916,79.02077348330992,60.47326703363891,95.29752324534468,33.76868717635344,40.58645525836111,29.47865206726008,34.11913194168381,42.09544874322822,31.68633580806973,30.203993133572048,62.78208952501188,95.57505240271911,30.091123234978845,63.856111796092385,39.78587907481925,65.97794245426745,96.80039185510377,71.6180767444359,,76.35869364309663,32.707165233954385,38.24724469026152,1.9114331439626708,57.13833648090423,53.31600345077017,39.76582627835135,17.757953470166,40.89755207014928,66.5846241376392,40.01108305036465,71.18493181999612,60.90925381498798,21.824939791230157,41.51479582126709,77.78309679900654,76.27971375203767,85.07333097739816,67.84429404647746,93.39705879331544,67.8510644119378,58.29509536710542,76.86693981780196,41.515326304029124,34.0728967306537,52.44968335309761,,66.48789829559587,26.936398005382877,17.905597226932734,52.72814780702082,47.68979739476592,29.554874527154972,53.42994631009314,62.4340502130897,18.371216005570567,59.69069789857051,43.728381203913024,15.60237054654845,59.79347489378124,52.65597912095363,45.39137122487755,9.999844698702587,53.95227762022192,35.09154580352241,45.9239795045753,33.71995398972704,34.26511706129267,86.88460312963058,53.12478092417137,18.18766605338653,54.705672591196944,4.336643620880853,82.95828554812879,48.82824431552583,27.26768899413976,33.87588555191827,11.23038697943427,96.8101781739542,23.8783903725426,58.15073052372463,21.902058377799282,50.222246106432934,84.11818749597447,63.803839806631714,59.392134039795174,73.42613507454823,,90.73127525284697,42.55692003900731,15.60625548009581,46.78754188931149,46.27692406844205,18.27065444799203,84.3942043663535,75.47044102397793,8.803980708104774,72.76607598308762,91.40903373174075,17.580554289881444,58.752176222138864,90.39131965025942,93.75568649599525,39.84050432754803,,2.894921301213216,17.109291083491897,32.453896781822536,71.14021283471013,85.18712815618584,60.00509910859086,90.11753227110908,27.964684893922588,54.27270904731005,39.026307809565175,15.206856967823047,71.12797425024844,61.193314116265604,24.785707053547632,21.88226048051749,74.63958547601588,74.8563684715106,,95.95053488940604,15.943619335830794,31.854719291638943,29.157836297979866,31.526584833854532,49.241089244912885,34.834214158398844,89.37707504780403,84.55183247500051,53.435311290083874,32.77743362310387,17.356072270757917,29.561549658879937,54.03674648520105,52.410952312007055,,49.527269820789535,4.1276634086526265,61.008437101800304,71.92329574998799,76.49416748526006,44.01249888105703,,,75.8521920644894,51.7396922159475,72.99266937584288,64.17741909951846,85.78183039402438,56.956640813083425,14.134110251807497,47.9995841524445,33.43681866575998,71.06724744651109,29.98933262269481,,76.19715480957134,60.11141083192377
1997-01-01,14.095168128969116,55.072356077298345,72.7411532688377,3.2029092811644455,11.976419761858015,63.61985973789803,3.7371588406206913,23.78470847986962,90.55244717609642,50.99443239292769,14.629204748829084,84.00052951581793,81.89033666190689,35.817343928512344,11.180267500971187,44.742086295577884,19.252592175009077,35.416591838569424,49.579662359661505,84.54515167608015,21.566869495860598,37.0684081442142,43.63072885743987,7.923415559005442,79.36723325994704,,60.613738406223796,16.688529024813292,99.32421451439474,7.217599523332696,10.118554270156011,87.75393623509382,48.915754205927996,62.316431015283946,12.911523344461262,68.17111544486704,57.40699136977776,42.38137405482594,16.559196866128122,38.680218215081176,45.46392213436994,86.98345423529466,65.66014118278518,87.75194326981315,17.421752676437663,59.269903852216224,1.5280360920823965,70.19052987383748,85.46436674810016,56.604074958905585,26.394926236939508,54.84840883233861,87.99765450621366,,63.51589594242271,90.87111746773576,24.596574266403014,25.561120166357366,20.7075991311358,,83.96520902204325,80.21833491163675,59.87612655219807,96.20269530511774,33.86596287093661,40.69470988991127,33.65059735764673,30.44241855617471,38.90842624740636,38.148954724778925,29.374032639896885,63.86864210323986,95.17788600097805,28.409609944340986,57.79419301285529,41.482448229098765,71.64598746922579,95.38385268328851,66.68018620436924,,79.4804751015083,36.69291040172127,38.35203536656184,2.2936270365289446,59.36978881028805,60.27842070147096,36.20336933262265,17.856084893579947,42.22420962173222,67.22010748765445,38.72077069834019,66.80327902649132,59.42989432182672,25.76956083601818,41.46949990683836,78.77654761424778,70.5156812553606,82.86177367505088,71.10217758695315,94.17391362401638,67.0526426489265,61.9902329023196,74.74593206289812,46.81440783302945,49.146345915898934,56.52543605060458,,68.62006273420549,32.46564830534564,20.223025937890515,54.094823555179204,46.31773585764769,30.522312051049795,46.89332318599207,59.22650247707859,16.761421504160634,62.152322951541386,39.09595719994661,13.71737875613368,59.91716683185216,47.705315025230036,40.00378435534958,7.89986193190898,57.32771267670809,32.97281493592952,49.77448065042036,34.9058051774779,35.39383056487389,87.99776712952135,48.9007325270392,15.296644425952021,54.82769712917295,4.354722896708574,87.71173278574595,53.91504744074271,27.17143374877129,41.50414610464528,11.085904967428117,95.52158810124736,23.045490529723743,55.86136105457511,21.650165805158917,50.34128582858904,82.25437427678955,63.927441183102786,59.50225286359232,71.36542914299243,,92.70522358535752,43.57534059653383,13.95591776532379,45.78697623589208,42.264384444280935,17.72365464419846,82.96548629185774,76.62647775987152,8.795832208791342,73.4668506763283,90.8266158037254,17.64111885986832,60.021869918883006,91.54091143248402,92.51602113521838,39.94768913345962,,2.9074136613343238,17.094987336772405,32.54874882309142,69.22380046676354,83.91366680078289,57.90603779720798,95.58751014329884,28.050523969696606,55.39841782175334,36.029512616571566,15.49283455103625,73.97320093373563,58.52183698413447,28.63401904457874,21.95405952628183,75.25458719278298,81.07701075569703,,94.7958974646094,16.08867163064427,31.139223444970664,29.939175425484898,31.17846336821952,49.35929704650687,34.93338192434135,85.84377597264549,80.72952501921067,57.55059638268693,31.278874354594734,19.632180657827014,55.96351994451321,50.75759478373703,52.59797308205991,,51.787126164508294,3.3220976787387113,57.862063866404824,74.3791279421485,78.90524395159392,39.36298371433205,,,76.8941839013188,52.25896288288698,73.5822841808635,62.0441419221091,82.1097173511749,56.883006671138794,14.184849893464458,48.70450837502064,26.398447615406752,71.10763974998923,31.783854947478197,,73.96639648407093,59.0804694887123
1998-01-01,14.344604898142489,58.55611049934295,73.22468448569032,1.9417765503566886,26.091576608722022,60.68448087505551,3.1462692905962375,30.871365662891172,93.69645195325029,49.621092829660185,16.18237152696479,79.83238202038366,81.6202541640243,33.97749289354456,11.38576942135263,43.98586665295503,19.57297031635332,34.87236630147634,56.349471126310526,86.34229003981741,21.916448911277907,39.31296588658346,39.82107126235269,8.07613776216094,79.89736919904502,,54.68016944901668,19.73640581630527,98.2703901431484,7.233211751843549,10.546906436293014,81.83872726614287,51.33253219551494,65.44127715832772,13.520300604227176,70.65196669306673,58.18245971321983,40.62674047931557,21.66250973072166,39.198361224480905,48.24859479936542,86.22870284146761,70.99768836581572,86.89095434872851,16.25158974106059,59.796057131191716,2.2225952915111202,72.17416386767866,89.92090650381887,51.09173181911218,26.333047105668996,55.5202915026146,88.33660952145289,,66.06640677634819,88.82589816449843,20.746488296884948,23.950122216212776,20.7886777427823,,83.81950672046622,82.13247586166977,59.00789679658178,95.77376558495239,28.598789338815354,37.891658267524384,39.52335024470231,32.26161122954625,39.42825698671055,38.28765195676158,31.36338541092101,67.05724049920036,95.32372044676387,27.361748575965738,60.73336601003936,41.43365364819469,69.26280373800253,94.67229871203992,68.152841993691,,79.89769602863608,37.31785235827627,36.146915225486275,2.4972431900679104,62.80766032981639,59.6386980610778,36.70223387660647,20.677565733679405,45.8372938627749,66.40236819355067,33.555232752589404,71.3851679674045,63.19708911573998,26.814542572145726,42.276357291138545,80.30238656199839,71.10412042188696,85.37665026174568,77.96193170815182,95.73734193324911,71.3247593914045,64.98437092079581,73.47546490509774,47.32717017414666,50.643547543673264,58.687378126805065,,77.5475539006377,32.932123875859574,18.424904704344446,56.83937405162036,46.45018444789416,27.887396545185528,49.11412086900202,46.837780870980176,18.19942403489694,59.559216659615146,37.678497893588656,13.961285086313568,58.96237414868779,46.175767987120594,38.02056352387502,8.78306821055177,58.15910430085252,32.28030274498182,49.58836411049838,35.39387280024195,35.53536077388608,89.13525932033836,53.114397470368104,13.00577426772942,55.42635582085709,4.444282784023235,88.25467223671734,49.67020462182074,27.831776080019655,46.974890734109444,11.68700362661811,96.68473121098799,20.55124845285765,59.071005671863965,22.00076690907683,48.877870542969404,81.24994177687653,56.82010727179243,65.4504582743022,68.62732109118379,14.82328916197384,90.84797580216332,47.232437499899305,14.203321577231797,43.72695100770556,42.807286806630195,18.18662938599299,85.55882296768347,77.03180845165996,10.080716417987256,78.15304886387945,91.95876401987792,16.51936541463335,57.44613467449937,91.61059691432723,89.31809497343998,35.823989576548854,,4.036148147062402,17.006868438289203,24.77793579596539,71.63913708159912,79.73208252549333,58.7181769050205,95.10154310262146,32.77501137946122,55.99838169062665,37.333788238495025,15.762324578777553,71.77913424753984,61.60351917022264,28.253664335110184,22.30837098305951,74.3693827810778,78.57573866514282,,94.8801381754907,16.061337822556233,31.243762915855843,31.185227826488394,32.886593230827444,49.0594742406023,33.676231557836275,88.12989060666293,80.52152387681294,57.36756897299882,31.30393393300468,19.957457105802835,47.52974808782021,47.151019483419745,48.15403388561078,,53.249839122496745,3.5450779364458285,58.63736962124597,74.52854225070121,77.74709001258108,44.22635308172447,,8.346445954445691,78.244278447258,56.487079692077046,76.30638047882586,61.20926122183079,82.8098586834518,59.29259332260124,14.40378014049939,49.282251615896065,28.19089308494935,72.32226529357413,32.24399831039486,,71.72706915487862,61.31454732967474
1999-01-01,14.368459638636121,57.23957209216726,73.18913130596279,1.9457820225418088,27.241545323970517,59.174073400943804,3.152531623154653,29.875047846998413,93.64677663546594,52.2517476992634,16.208692522506063,79.88247991679074,75.25957509530426,35.60531791667309,7.767666913265014,44.03823925619108,21.000461984662966,36.608201307483434,58.85360793018477,86.34911708741022,19.888295311577618,39.36240617845801,38.72801511541499,5.215729060684682,77.94340231609519,,58.85138447337754,20.07494305730355,98.76528041899537,9.622459818062845,10.205185054511546,80.68304712431899,54.84044824614593,58.145110448115254,13.296053662273799,72.767496226793,59.16578694522683,40.677065980792484,22.090690378272537,47.52760395391506,49.32654552401017,86.64948380045284,71.05343604762137,87.60500275131889,16.278001659444076,55.642163829643465,2.2271373150498985,75.1873637319629,87.9505867999042,56.06586827253073,25.064689340279944,54.76815086703113,90.0709455979101,,65.73297803651754,92.44405827259295,21.635391587990995,24.06755349359543,19.451158818584013,,82.13086476302475,79.71277059725055,53.46244987321145,95.31435353079496,28.969664955941887,35.30729427229839,44.277359221747005,38.175053081426455,40.02051793470856,38.00048205094695,31.40648245992905,68.33698244344757,92.36440100923451,27.711293850136553,58.14831588675804,40.70705264281839,64.61418716337425,93.25902526365574,69.17312012418337,,80.91668268864058,36.87409752144977,34.98150525356463,2.5023035168826313,62.07138065148994,60.619582196934175,36.74977647026667,20.95057108512881,45.300996676059114,71.2628824752781,33.08060118710643,67.71920059504217,67.02455957032423,28.428340423900412,45.98594895082538,80.90454168729275,73.17665216522636,85.0171840522576,77.48223658788146,94.21701939272839,69.49645232102932,62.526387549960695,71.33585857191616,49.51162543867665,50.69902401155972,58.983432668830595,,77.30385525659193,31.159802301902527,16.39148525623626,59.71593220920563,46.09035974162826,26.32731449401502,52.058960518067266,51.76405759177529,18.55581595029947,55.29683108179799,37.61144174692156,13.984612507016047,59.09731173317003,42.457354022009916,34.951261555495506,11.930578411905834,59.957318348501396,36.618434569814774,46.956961770697006,35.44039572541211,41.389650127574086,89.80766978567604,53.46578949408782,13.027767299100413,55.48323029423354,3.981805399004046,85.39204857559919,46.77686196959792,24.693820480706453,44.70388903638769,12.193630291585333,95.84314486732023,20.58303890480232,62.300381531777596,23.981403020016224,48.93265121401388,81.13995074943368,57.14682382963589,66.67940750109412,60.42141467571873,14.847796086970543,92.56024635940159,46.439402571507635,12.208573066977223,43.779177023383234,43.57870940055625,18.215526780417022,85.74080394030115,79.28869901798312,9.550981931157331,77.21689124778035,92.89098837380267,13.577636315119978,57.50337596591795,90.79609064916771,88.7630234798046,39.748320105035994,,4.0440127715471235,15.334237338145861,24.558799853632664,71.62884962260452,79.55459567901647,64.55193260204398,93.35770644496311,32.819357008707875,55.94384611198093,37.104033704743685,15.788090782757836,69.68776176243085,66.28068289728837,28.293826256329034,21.786178629407914,72.29832468622888,78.62583424913254,,97.75336112616363,12.509454130915575,32.94470668282439,32.52448428679213,31.5230035908165,46.30692774243259,33.99238273202919,88.15319443788881,82.83512083946981,55.50443669593847,31.346977248309727,19.988535715592228,46.07911914721154,46.00534921528558,51.59642580883557,,53.954842093404395,3.5520644717950467,63.442423484418576,75.36197317733229,82.41666116344449,43.095355529935794,6.815177334839239,9.227584031567893,81.6863262939035,52.107967113878175,77.351074624583,59.48497673080186,81.72565013897743,62.335397174389115,14.427715883539571,50.28607689219,32.7420334055175,67.9152153424151,32.28788040605881,,70.09734954487139,62.465027624753034
2000-01-01,14.606732456799653,61.32570630157601,72.03241515911863,1.973426038143189,26.899673992911822,61.51660339784466,3.4670912638924967,26.96077917866414,95.95320812335548,55.35090725909883,16.28478361994282,80.45802485679371,75.6383042049076,34.77471499282494,6.7786539031464255,42.987652209983864,20.91033032474352,35.68124534830102,58.912507288697725,87.1517923807528,21.706145304061998,38.969900153792246,42.4310004832544,4.479272676349866,74.03055339154298,,60.98054131815216,26.20012112587855,98.6771319595126,8.775479586840085,10.035394117691766,80.46638082359551,56.98268714869445,53.04031505484412,14.556058562630959,80.20223916905836,63.22209935841008,46.54021253879167,22.069193493383498,45.91118960344469,48.97735256799872,84.56659251986419,74.63321107922182,86.60586678051182,16.541734187256285,58.863689212428326,2.6763014569840538,72.93657280034475,88.01197251124265,53.91073394619232,25.949078475853547,58.16990680930709,91.76532878785567,,63.37228570810402,88.30197822651577,22.92120318048887,23.337116385950484,19.764151165984345,,80.56442012439521,79.4508184053756,55.23376219363898,93.66933354747442,29.025144625575518,35.092222118880855,46.6088002458105,32.97601753743405,43.30536725682628,40.632492716355564,32.54771342437035,68.2637146978708,96.02054893497446,28.10588265906777,56.943516701939515,43.450286446113,70.46459746346419,92.86465626494471,70.00323337506617,,79.98728265677252,36.26751308485774,35.441108185414194,2.2950989232966124,64.28574387403032,62.59688342107845,37.531497848904905,21.85180375447242,47.03297859761092,79.60614254807484,33.85704075009994,72.84239030949557,68.97720513658643,28.062983461103073,45.330049170442265,78.90411812176276,69.96015274639205,86.81763252479347,76.4710842006481,96.23742913826374,71.37256890659972,62.30716429457264,81.36658117935539,52.4001518366465,48.886665235685726,55.16756257689519,,75.25781060594696,30.096355045298083,12.39382761141642,54.93835032936447,46.2504315020748,35.10087462933499,56.513926185418214,52.880915619929006,20.621985661391417,49.59437716697638,38.43862410462429,14.047691836055021,62.65673239200859,45.29854516609683,36.69103040557915,13.535832607718401,56.3173848729976,37.86975624532308,47.492643406380495,37.196003734562154,42.17314017195479,89.3729944066303,52.56582514156554,13.339386773079065,56.04773919682702,4.728417415740294,78.66240894851241,44.65112439698991,26.00716321753912,48.32799386479768,12.543243782240921,96.70794351761818,21.968860742456553,61.10636389964621,23.057478931322816,42.13261197222933,81.5398682734366,55.27617181606532,65.39436200156847,61.899571910292025,15.09256367762396,89.01410880322675,45.95868344882808,12.283354046105588,36.39264290628654,46.08447623649244,14.42339657932692,89.39699874200353,77.2462726754024,9.652173990631919,78.8489570924135,95.49314487708833,13.489355100650101,59.42327753668286,87.58045846598604,89.00447969549207,44.31023757806455,,4.12274230469648,15.712726758269124,27.721393122567783,74.78323651995137,80.50817448925872,63.0843670985556,91.12324132203626,29.09131704423704,50.014486405059074,34.79080826625201,15.410414501786352,75.13434045315532,72.70836679612009,25.913442336964042,22.07272036701795,72.45139211514572,80.01101667626487,,96.07288250675722,13.553686563408164,32.68546172610033,35.12458044290907,31.579498140850916,48.719276050814656,35.57522072351924,86.6864831831019,82.93302569212044,57.837030707320466,29.60350520471138,23.520567601097262,47.59988888406158,43.881653501545934,51.70977526460965,,57.037663101126036,3.365877997974953,65.20308150252427,75.59910932703036,81.92135476500003,43.70250582393754,5.328689418052446,4.299817546608919,85.67061508060019,54.05830926866955,78.04986386954306,60.25905067066848,85.33745365718686,53.50429716143608,21.55569430650097,52.38320002343837,34.415850401307594,68.28027561351931,33.766722561438634,,64.0296474894943,62.365584654117235
2001-01-01,14.842599307576943,60.96833864726372,69.84886625691846,1.2064690542806678,31.632701421916344,64.36811614100854,4.2252394458687,25.290409225127387,96.89339402370672,53.019895045530355,16.273256075558418,82.64734143894422,70.99717125481573,37.84349081144454,7.04841287139214,51.46445764187029,21.402134279223606,35.89000611706767,65.22929920728376,88.9607978351582,26.687680569614592,38.757180534601446,40.62729994629591,4.694986494141828,71.74853739823557,,64.34031618208944,27.258701865095336,96.20763015925229,10.088655015644122,8.576916536619827,77.30759750091585,57.24244833169394,52.29150941505261,13.668767738950628,80.07281071905783,63.050637257176476,47.42667411525955,22.43185612224452,46.429478354703754,49.50920850411901,79.05225922033678,75.56402003023294,89.68215299531369,16.80265636005489,52.94890918978321,3.4571002866928824,81.27779243936833,87.52132347449592,52.30956390560084,26.317018680499938,53.966177150767194,90.33488988892213,,58.43992716354751,91.49711144406692,21.644649577467067,22.205223240726625,21.323761597453505,,84.68201350872869,79.44323738291106,57.480427254658714,95.54329930795951,29.423013959150836,34.218931686290354,46.69113296184455,35.37731809569252,46.13915298322488,42.8134526778409,35.728200749004515,78.52831558712823,97.73197184722197,28.495063705756664,59.21818777536825,46.10307877773868,71.02429083850122,91.51950384171768,68.71789663686963,,76.1184981617468,36.62816277795549,36.08061175589241,2.3407889614925237,63.44591210338659,63.59523364493911,43.28038729314767,21.91604275710106,50.123906908437085,79.93986639407561,31.81295831885803,71.58808832466012,68.33234767655456,31.574601360588627,45.33198894637304,79.92738663786236,66.76530772784916,89.12552429262264,76.61854594423653,96.16921639995762,77.76498901562073,62.71729629153211,83.86617184833115,53.08370876839261,52.344100426006236,55.213263528248405,,70.23156924829345,31.861486357370072,10.368582373824042,55.67116775085217,50.03569823275995,36.97582694607936,64.5551061197595,47.80088259599701,21.250712983461572,52.998499887862735,35.52189386472509,11.421982520971474,52.35563753720389,43.76325071154673,35.73341986182426,15.693083045452582,54.709640459581756,38.08542217343221,46.04557474796663,35.433030643553366,42.555202443598894,87.94017132400725,49.655145712128046,13.553995210043679,56.600202687569,4.039174980765948,79.84906285695737,44.13199011446037,26.375691232711773,42.620201600274285,15.679174646908711,96.04450229350559,22.294421365981055,54.96612894123574,20.69356706588964,42.63054742210559,84.7191346986101,57.85907594195541,59.64415514679695,66.52754778107182,15.334824833341054,85.83110442819678,50.13108575472926,11.300849813326963,39.095410109844984,50.25275396727827,14.656832104238148,86.1713663511488,76.78727915794063,9.251201415831979,82.31893861774769,95.60499892441955,12.91404218252189,62.49206429939793,85.55337711367424,89.43545693758601,44.38297037775669,,5.624607568225248,18.390361738924852,28.10687562485148,76.36029077701146,78.8548770946036,73.33468704005139,89.24767901682901,29.48980340202878,46.52400836176134,33.21181398543245,15.656821194075532,73.80810226776944,78.12954505451623,27.31470019297557,21.492037906673232,72.52683854912026,79.92310399927327,,94.99643498503262,14.860024876450384,35.54025231160104,35.34190466721522,33.24952932695886,52.146694306988465,35.632302794649206,89.35379135896007,80.5385789425628,59.94254583855492,31.89429971079263,19.394394543311666,48.12598332595187,47.62867521084729,49.45134171929079,,61.20509517548059,4.134609737617623,64.9275413012948,83.154127175883,85.15273640134855,47.68871327861392,5.427334877438417,3.6144293487620716,83.91013873734805,50.96964451415946,78.60143412291826,56.314346777992654,86.53919752604337,59.00263715891456,17.530697620762346,60.55382259454583,34.85088797873148,68.58833590594459,35.93321451669746,,65.2015095517803,63.08865289035648
2002-01-01,14.835193009888602,57.390760090923806,69.18336620548165,1.1341449142176052,34.12896668809394,63.03759579304709,4.327548580153984,26.904671209489717,96.58123735881273,54.00713872024714,14.750523397265091,82.44090631191486,71.27168845156369,37.10069237554683,7.044496900008113,52.66051336597055,21.392233009346118,37.255927578146355,66.30248411269535,86.60564032118903,30.04200883334569,44.45263943061551,40.61210015654789,5.4530567792879125,70.56884614401989,,61.5492455981407,29.53640025601445,97.64957574153583,9.442489829771084,8.572264429527166,79.34213665969656,57.55445493497619,48.91163421819008,12.778815230321571,84.4616693564326,65.58358803182745,48.69755182034018,19.37283368918048,45.92849784671319,45.97178442917597,78.47542812294486,71.58843430135103,89.44153787181482,16.794465536576595,54.28200943818409,3.4550396921215865,80.56322040197571,85.11047549999408,55.58987896437995,25.42649172704371,55.36536594838244,91.2656363979626,,59.98831866633003,90.61173434838602,21.634663034605296,21.458157815879975,20.726679570118044,,82.87125114107374,77.86442247038157,57.643463636977565,95.23932842634149,25.946621490938426,34.591819089173235,50.75291432158444,37.031139769665366,41.18875973107172,45.713521336118326,31.928761129398943,76.72031151276705,97.0457449429219,27.82311686663046,56.447511164534504,51.26032263992997,69.80132202366588,93.54320138553864,67.35031939120019,,75.02670241307963,33.0646960542466,40.11032166847946,2.339350704958776,62.546170939723325,64.527738837216,43.264690555462806,21.9920046428986,52.207135166096606,81.18834201687768,31.799822025260426,70.51497982438411,66.52191646083749,31.544502815863083,43.23616412556017,79.05566319890643,68.76161781371215,89.76112975426446,77.64564176156155,93.92116353419763,75.12703335836521,63.61040069984221,82.71250054035032,59.91201940829938,51.97846455234767,61.08031309337252,,64.65013739267604,31.848337001555784,11.648308941367436,58.45566969173439,48.99280637534248,32.935217265803864,62.146913018214356,50.276538967067964,23.024471567328074,50.65322016505671,31.528880036762384,11.416030648171716,56.393449285026364,46.91370145148889,37.06972841862035,15.525173066916508,58.42109787316223,38.32390078426449,50.713488663972804,33.548949785853296,41.193053640451524,88.0433100760524,47.87254149330843,13.547123722684006,56.582950218205454,3.460864568401878,79.7005664605345,42.867809214683675,29.256673326565853,41.45145915543811,15.671429298714013,97.19279408756607,21.80609671975422,58.49182261684778,20.16518933508258,44.30601724704859,85.04910258258,59.75162638974698,61.78483643607409,63.23330326002592,15.327218278140919,86.93473667232274,50.86032360371411,11.423057512818835,42.959368864058135,50.236039601597085,16.71172688448397,86.06394712856135,76.77138983373075,8.568868185681044,77.4377872648387,94.99229729983237,12.416956708144689,63.14591043051012,88.48080467072022,89.1763099347983,43.548039126981685,,5.298135092661271,18.84626843308057,28.094791980959442,70.758235945253,76.70009545655844,80.2894670514687,88.77627328060022,29.437964705290053,50.72361696997938,29.659318793340272,15.649084823271142,72.84612017067911,73.97768598265606,25.93070997214163,22.965560372121185,73.81803063448238,80.1829302944945,,95.50527217417586,14.736044493154921,38.76455942845298,35.97951394083007,33.23601426176683,51.477701702988355,38.26337475829394,87.93569200826693,82.00538358838239,56.11074733775521,32.79033759709932,19.12302296273174,48.10953385203132,42.92506907272752,49.53383508098139,,56.23996371929862,3.8492856785060203,61.160695894222194,79.94867143240415,88.64516112850622,47.67232330763406,5.42423239051254,3.8722325841938465,85.93960648672417,53.35275281643812,78.21192231685419,55.12220374280194,86.17243878046884,58.085296403264806,20.323197166686935,62.265895654902415,36.07159724430888,75.45776308401788,34.464290286144525,,64.59805551468101,61.127233101000925
2003-01-01,9.393307267188,64.1528589546812,71.08107753357984,1.1426923873269934,30.78154624240874,64.64217346898762,4.357151123549197,26.94926411756804,96.9249245680814,55.32058464406053,14.836712834111243,83.19356832999992,73.80835527954818,41.734551801184836,6.981622820270628,55.03951769946778,20.58030590630837,39.00780162111267,60.963985044254756,85.06432780768202,30.189818603006056,48.37529892326258,39.75404700267091,7.538343523205904,70.6382795898878,,66.93812521187408,35.260305929654145,96.60704029894215,9.501658786871914,8.617268984371684,81.0431646642273,61.84978597662263,42.644042163241494,12.855347941541172,86.39722400574709,63.648247440639174,52.18834815905022,19.480050603724187,41.04593422288594,49.18580250917388,79.83710350746512,69.95989033445225,83.60188773932504,14.094130203459542,52.01930536830284,3.479149842818674,80.09150039497291,86.65708665898782,55.13822047776573,25.55805846662629,54.44678951679478,94.84076655151142,,61.13965328016955,90.24311964419867,21.751389449299698,21.574160023431745,20.83964838931822,,82.34357804512025,83.48334824865714,58.6521203443944,93.38555812601521,29.613632246016188,33.032487081425835,51.86000728503664,34.554701891178816,41.660400105488904,44.965591196050035,31.568566284753175,78.70393315743225,97.74052002827035,28.869108978120828,60.046332152877866,50.661056771260874,70.313140455883,91.51825415909481,65.11957491157507,,81.23607150876556,33.22207029935713,41.412977222523104,1.8967626519966752,64.42416604866746,65.3738824589335,41.67576167356537,22.110188058995227,51.86450557946556,78.0555054195092,35.19932419996572,69.96686303493,69.20789409697193,32.936746605136044,36.89902048842881,81.12944161619716,70.06991540422453,88.58928850577885,75.02504270452249,95.78681008668343,78.29603416307228,65.21236542016476,83.07073790468176,63.27681405999146,51.87297891747327,61.1857173625808,,64.965305891484,32.26553766274941,11.520649988187825,62.97947892176043,48.258099722117954,32.75254688633418,59.06594818330346,55.552195406391355,25.363195372945512,55.51884706611811,32.242026311403784,9.870078218103618,45.63888445181035,45.292723650773844,36.97796197647102,19.201296911755705,62.42630053415308,38.37987508019782,50.43188368148051,31.973051295767974,42.92548461128012,89.49169112858854,51.27387624824029,8.643299702243755,56.78428372447619,3.485011929553139,79.0203090758751,43.21947176228107,30.001091436118756,38.83326171747552,12.857081130741687,96.75341627804248,23.998613011728143,56.705484195104376,23.281082134039554,40.4022348498966,82.93983804032054,51.75128581886377,62.95965535503023,60.686657761691265,15.416152170888452,82.3330530552203,60.67892669609067,12.665530776145284,41.397157498353195,49.67058719732634,14.648238707363713,86.57870227324048,80.92078922827916,8.623260402861167,79.17981039004285,95.01235798956726,12.491669969814566,59.60184858998001,87.64740048099198,87.90988654374199,45.1982729182489,,5.333671250607786,17.374059260169982,21.60167575786098,70.40528063338292,73.02180336949553,80.13102331451736,84.1535849144381,31.704715530563444,49.809174859328756,30.306299525904823,15.739535085631307,74.82934945837299,74.82632677251739,26.237374038962958,22.17951859278805,74.50617925625646,78.33786733801634,,96.08603383715963,16.62382275784262,39.109648388170214,36.08304832324593,33.39390515186116,53.402537877883915,38.43520188209942,89.06230216029356,81.6129700805631,56.34495530054904,29.505464075610487,20.698816287475232,48.89282368620956,38.3683761601332,50.62964288943515,17.740180464312893,56.77163965359489,4.34614692309786,57.00479475454969,80.07697868388958,86.51212454243556,49.149831278929604,5.460526921151554,3.8989889285552137,86.87951491439435,53.95243887578853,76.8688774937575,54.75360675391086,89.27447339063428,58.565738231592476,21.9598706895362,65.12731865695565,35.40773554359947,73.42305531413706,32.980150533660144,,63.69154108994945,60.97213421118
2004-01-01,9.4969687957708,64.63635133199448,66.17887093460911,1.0494662690122225,33.164789555124706,66.89242161907589,4.693383396076289,24.64237734933411,96.82454875283884,52.98635802495686,13.474360834209032,82.1544011101709,72.50957853455698,45.87037424210355,7.395189992091744,63.324808760054,20.777946859604725,37.56290863574405,71.20602044448916,81.41542170012357,27.627719497526538,48.716644268484934,35.59232261309003,7.623923744985461,72.41545182943246,,69.28143809638212,38.96028533638207,96.93082629427985,10.750149936992791,8.713466767613598,79.75281838965215,58.505653474726785,44.773835658809055,10.61829199190324,82.7699643401813,64.67837202584423,52.432519535633816,20.08490441753534,41.35971439320709,49.52610931020024,81.35464970910729,74.32293664759264,87.7412614102238,14.240208335432703,53.175975693133125,3.5531896776207272,78.59909695648865,87.62557472801257,58.272378673245704,30.463917803914665,53.918279796097664,95.20128316222242,,58.86442031151522,89.46146004425519,21.957549730588,17.83001716422867,19.662324068056126,,79.95780412197315,80.9266642149521,51.05299773621812,94.77962072851079,29.871051413234785,33.309025163161586,51.27191190671785,33.55056514958651,44.72442052519764,44.98234025274682,29.77762594163609,78.99428888224335,96.44977156888618,36.696313986796405,61.79965698532612,51.00488175001247,68.34590141065387,92.32871621397061,67.04870059647286,,85.7211450212054,39.28191045752987,45.48578644452256,1.9211460663448032,66.42062924516854,67.5285307036954,41.992010443017435,20.185234277501262,49.32988037852489,76.30373841052953,33.616050086794246,73.15821184858167,64.96650128293939,30.520023596684343,38.60463037913775,83.12180985886528,64.69868807677955,88.80427865235674,76.15532906641404,94.25093890860384,82.27648832183037,67.02389544617877,84.15066770286805,63.70388689964941,48.934136870644394,58.03456606773678,,63.8389394853889,33.39775900358821,12.331053622320043,61.69712736889743,46.97286992677654,32.60166940299503,53.89599292228602,62.1782311998148,30.104007601108506,59.51997229101356,28.020984082106192,9.97825637906422,45.07082318720769,45.45211864107001,33.80238745182788,22.44662839492205,64.39166754853147,37.016006792282,47.110917230725036,32.243869527849256,44.577582348462705,90.91458953829556,49.32302710937536,8.739750141044633,57.13817322261497,4.182997430931157,83.34636403403016,44.72407380210868,29.36895870497106,39.46691914231377,12.992437040505367,95.3403547465381,27.05503513265697,58.54416970076872,25.152166419073495,40.713421881623816,86.38754465025814,54.80276896840201,65.91936627516336,61.161720406271215,15.573362755994458,86.13135807222211,66.18726012863236,12.799199341926592,44.50870885914468,57.96548250953164,16.777728272372716,86.18954172385344,79.80295755508685,9.957286606552529,83.6751974418767,94.73055419035282,14.215866530748745,60.52704072836934,88.6587793552611,85.67935507283279,49.82997196502219,,4.744614085668896,17.72034184074256,21.806759944073818,67.00567251638721,69.96512366354621,80.6995866203083,85.31390670225535,31.97405582514399,50.15101829379671,32.12077932205377,15.899418710841463,77.28050371690904,75.22690087609277,29.087632354442782,21.427276472108236,70.7233920120081,77.52102254083219,,95.17524201753285,19.175182433632575,31.84443159941164,36.10000647332585,39.15635453985977,51.28671073985445,38.05069639951111,93.50847174273974,81.05152112020616,55.1721221931063,22.52657626615485,18.79707768227965,44.84904431692984,34.97373322339862,46.594343661659025,9.41342771368998,61.49608412079317,4.389062402968902,55.84999501482968,76.7196640948231,85.78943225852058,45.19022991871099,7.401249971895041,3.9332734459648244,86.90701888328746,51.382610265236785,81.1550968436128,52.99133806872061,85.50495543859637,62.890651683986356,24.721811858228094,71.79552638828032,35.47498687382833,73.00997113650203,34.078053037575515,,64.95533756846194,63.673164542512836
2005-01-01,8.894821860809799,63.71804122412201,63.46583533597241,1.056899556796409,33.36543075209237,68.62930932962824,4.723196628837545,25.561654676378353,95.35982360969064,56.085205648897144,13.549214237237583,82.54493299209159,75.09433551491497,41.35174540157338,7.439930276783513,63.849746196064515,21.76111598416437,35.80791559157548,68.7933077183547,81.1683514708789,26.576874349181622,48.29631570702797,35.280859684639545,7.1782761672739674,70.77915395607984,,70.48496732713213,42.38567142757723,97.75614885341443,10.812038954815906,8.76511270411945,77.38439221317698,59.748860030181625,42.375893211265904,10.576868506776949,83.94970924001406,65.04405790005532,48.72361500365766,20.18809269178896,41.527439395403555,48.816107752137086,80.1051473381628,75.18529737678621,87.81169598870426,14.318564395981515,53.013752620682794,3.5763367851113115,78.87718100173996,89.12870046697918,58.202743945354875,30.603543178339066,56.96543574233133,95.39925277104349,,61.09081453304823,90.38385922296608,18.209153048825844,17.1147775655206,19.76382526399918,,81.9136504222773,83.27947432411767,50.941333466081986,93.83429501960498,30.008849492659586,33.4924981534561,54.99020644432455,33.95912797166483,50.78500355814437,42.88981544818991,30.140243283178457,77.9171403108657,95.87826888405093,35.132443301156414,60.08513859132864,50.90908308309503,62.80070224019314,91.8270473854449,74.40024866301225,,84.62719103119598,38.734151175497814,45.799380049754156,1.8636777516933156,65.45923657222122,65.00087612332382,45.03331029852693,22.596192351608824,50.29582379769906,77.80777418637949,34.99372892993017,73.39150671306437,64.75501373932826,29.874352624736254,38.629558712731985,83.296308088132,67.70327912709497,87.45663073414765,78.12731855792599,94.27300336564673,82.61704440048076,68.28395117038335,82.94779886704012,63.12086889480919,47.42222185155596,54.23580139166497,,59.4023004436208,33.54597718386656,12.400564030765226,61.31415514395753,47.11171766198362,31.66880203356999,41.500093172405705,59.72520502262606,36.59988897146126,60.80789591355769,24.910653201362198,9.652764152009441,44.88680535881283,44.97712971193374,32.40186339126397,24.67283744921933,64.52971441284154,37.95497260549361,47.28914894715211,32.38879747431096,44.75897809177254,90.83669517662732,53.53722073738911,8.251881530737105,57.326910472661005,4.209857159106301,83.61217678976467,44.71414250135185,28.946957506781956,39.64694828965452,13.20451081359817,96.09889377974834,27.183736672926486,58.81385268037096,25.58738952926374,40.87977475804436,87.08762274471485,58.29252490322705,62.503013886390725,60.48266400798592,15.657674150694145,84.7912252524454,65.42916587772436,13.408674682605303,43.386019324553125,56.77999490510648,16.867268616879517,85.72812425408416,77.51858189661942,10.015246846255332,86.35548537748477,93.7695057756874,14.24488439681808,60.14263157874675,88.63764586292935,83.67421001386141,49.0753071251157,,4.774721201473753,18.141078216911254,21.9166540412145,69.86304674910924,74.87763391816445,82.86250696153115,86.69032971030953,31.647211554564734,51.97887049849022,34.58318232741857,15.985159717919517,76.97022965551243,72.36514916172072,29.05199197571925,19.634655147183622,66.96307452751826,78.13787694077992,,94.90594159060176,17.608349021762958,31.98819356737377,36.25547460051812,39.31924643932374,48.399035508151954,38.21099855654011,94.45579226659115,84.27724440118551,55.582609277362785,22.6391943615596,18.89507310191898,44.543979544212405,36.346168774388964,45.73418681410806,9.4686502026886,68.60595348398182,4.417120297808452,59.953512200925,82.02911854335002,88.6247932057064,44.47537799170773,7.446022529415986,3.9586704210065715,86.96390284638238,54.05772642241568,82.25421276594506,54.46857797479054,86.49568484846168,61.954502857345986,24.84245229592603,72.69292824424423,35.628835050517395,72.13279263420912,34.22815661818197,,67.88087377217454,64.5727895398848
2006-01-01,9.435375439355498,64.03490487550087,62.73453372820186,1.04136052535988,29.73844638834079,71.41911960689318,5.696369423723146,20.49719911332729,96.19973357200693,54.001670842493674,13.392558897270224,83.20795248754887,73.146562229891,41.187856081591875,10.33157677945601,61.50780019689446,17.229858163421618,35.76656981076014,67.85752226798878,79.17470955869868,26.311627026069207,49.10478691703427,37.094849040989274,6.833139985501891,71.2225848940834,,65.21832784509411,44.21066086249319,98.18604167437138,10.682536738729464,8.339446277155705,77.92703778379962,59.9826457210499,44.13896861868538,10.76558819636051,86.0568587326578,65.94057442397585,48.42981464365269,15.203041813713536,41.17593703801739,43.87562076400793,81.28236739274254,71.05525713141141,87.90086896468256,17.026707364338854,54.352472991063514,3.5279292896228442,76.11395126479933,91.20446288484908,60.032107580009075,25.56023193779915,59.27906271080992,93.9202588112639,,60.458505988936516,91.28664149471481,16.74649200827697,16.361779011892153,20.954033113233262,,83.17666145293776,82.7194072843794,49.48687353221969,93.84812934417747,32.95964725072791,34.97573737106296,53.63533125794157,33.61518682107696,48.797001629229754,35.73840651291016,29.850765913044285,78.246324059333,96.66580065518944,34.812862268657874,58.06553478142036,52.59695384427572,67.07174637252812,94.17452666019251,78.29368531257231,,86.34105243188294,36.49663039450658,46.43659368438704,1.8772117992105875,63.7063631355415,68.60389306286736,44.66757170562007,39.85927928917542,50.08542296132559,77.99544558866504,34.58325306430533,70.91057301118742,62.55410189723663,25.020842711610026,37.626424311159234,80.78288753008793,67.08633432576497,83.48775356767196,78.17317554012473,95.68091106800198,86.69833632550183,67.34986796463627,80.26223386482401,63.11781881242644,48.092068883702176,51.25864180780779,,61.767287686592496,32.057122722314915,13.100576193818036,63.22894685276494,47.076066650985304,31.983119959984187,40.85816202027694,57.71188481281237,36.16141398091208,63.72008556696991,26.63636674578216,9.902845460199948,38.940651140297874,44.915761127458644,31.523334810223226,24.421476069586024,65.7215140690812,37.96113286922538,45.104620138357866,35.30557722004038,41.874477033550896,90.21824440143355,51.037257555908596,8.149370410717294,56.931030734639585,4.15368167130894,83.1426258505961,43.89958661052902,30.943182218447628,41.13695333861408,13.068028141908194,95.15529764883892,26.91420136040947,57.81244780178749,25.329276416928415,42.359108190763564,86.36767540294716,57.73961626718713,65.93233367998776,62.36548036266236,15.481204433721118,84.75655187467638,63.84349095240478,15.08010708489823,42.56580078657952,57.510315602915355,16.679842348781058,85.31544695109015,75.83664513720582,11.860857501737065,84.27887411261928,92.97237330506798,14.081588849981063,61.446450713610325,88.7774787418844,84.09167785068254,47.25098182676545,,4.71175051739432,16.60553860658598,21.68656471210415,71.6802053237677,80.22819719009007,80.4970175028008,83.56980539836682,32.508732555199614,49.60587792559078,36.61043480922497,15.805694585324837,78.72036798929689,67.91527947814939,28.769672271922573,16.090305325009812,64.15145771942095,77.30691627353877,,93.09217744143633,17.13585168789176,31.278630174967947,27.978621120301305,44.682431166172435,52.40123527694913,35.946906636438094,91.66869759122224,86.59655589603052,55.49103101800035,22.403393397539507,16.889872988842203,45.86128669727979,41.95552186111053,46.268539510906216,5.971993764649863,61.97111784977503,4.358437698289775,60.280446119452535,79.13975243464405,88.31362018939828,44.11174617795361,8.575176274176332,3.5389363174472277,85.37743775007476,54.13404358653493,83.82211572651373,54.03626328945159,86.94633915075904,61.870240513159146,24.58982724630996,71.85567419811359,36.83408710011784,70.20514279285702,34.02138602929209,,66.10441087530407,61.836465205163435
2007-01-01,12.210886865935223,62.67163710919552,62.17058020961612,0.9457553860265477,27.4586884557097,70.29909880318651,5.785423553244362,20.927293924283653,97.02619583052349,56.92089182145905,13.579325014485777,83.14616569831792,72.58487849959097,41.81931998640559,10.481637988866233,58.473246370885,16.905222154060983,36.65726603785316,67.22130139600257,75.90831364583805,27.115017507301566,55.98539518551515,32.75382775184731,6.9378368678699065,69.8637547988714,,65.94821944144518,45.62481659193573,98.5434516219038,10.836939779328969,8.464159605268517,81.47619376687175,52.6163722846793,45.9172864136573,11.761875961462398,82.30305091216984,70.88950400525391,45.99887743062715,15.410340989825833,41.594790370997735,40.84088927462074,79.99872687144862,73.22290962114644,87.22817810148209,13.887382459662312,53.270632076914026,4.1245019098843265,75.75442759439403,91.4134685281265,55.54278297890596,25.86990507736018,60.90609284836768,94.12865110639478,,60.16160238278445,88.40999678426394,15.0339826872689,17.21172459643111,21.221229955758346,,79.95807494276048,80.7416125183498,46.85271153362747,93.90590930769693,38.532916853479705,36.40613396413885,52.266617467896204,32.26533278909236,47.28699224920532,36.58208740659907,28.486878405285765,77.48261883422674,96.37243828102609,34.82777684039201,61.1969088448536,52.192417375960346,68.00933533204375,93.04580697738514,79.15189786155717,23.56222183667569,85.86803451988543,36.88842294980699,51.13337156492592,3.051465959629307,60.982737422228574,73.63738392187574,43.42215884109943,42.33366945249182,57.10900096287368,77.51285722544782,32.086198046227544,67.02882156669203,56.91287369782052,28.440794883857535,34.51426839700433,81.12953029863974,69.98208239553026,83.33194200254583,80.10474888248838,95.06745709893451,88.13382176425132,65.05673332871864,81.72651965688159,62.17682028758398,53.077656035606104,51.43998499733724,,61.084247704354986,30.886819201249338,11.89624638342892,63.97416359443471,46.76125138864736,33.638460955433416,38.848065787178754,56.92849897711698,39.69202436169201,66.59789229240225,30.12773162534631,9.053462108204801,42.52746309501357,45.339370444562675,29.78205637042164,25.7263869529452,70.90545358440681,38.887859878564626,44.73387217357141,39.12047155561411,39.5370541986656,90.69718448481848,58.10009115367427,9.498593431863544,64.06169014115721,4.22067103739302,84.22584274966437,49.875068038776284,29.800239214677315,45.93516199942233,14.797482040176979,93.63356874838757,30.060235637472577,56.81463538365068,27.570098607576064,40.834472156020055,84.05948180018153,56.98482856947713,67.48618445952022,69.10453283713227,2.56504412552907,86.23034133757915,60.92179104540645,15.454064609752649,39.5717306631508,62.743955716575314,17.134345667934348,89.27142949636358,73.7875407812492,12.051518635447389,85.7604804364462,92.00927712238432,14.276268708647766,58.88686186821368,90.9326165451831,84.76838691653523,52.45465147766204,,5.160235993777285,18.04472291397321,21.96083584021783,75.81394649099113,81.86914060659272,81.08802120832446,84.24160771908882,27.435642465466614,40.36681670582878,44.56370418870412,16.0196442945565,79.28650630503743,67.50531616534431,27.333914873898802,16.00490349536583,65.75172987246245,76.72039499478241,,94.26820692308237,17.10904241026119,31.6012674842704,28.30871023430892,43.49985051943346,56.670079239396685,36.33519853031005,90.57845704412814,85.97847695000733,55.698546892656495,19.573917904645853,18.21066013613326,44.51723623314858,42.83948270326148,48.046871402564264,6.951485749948549,61.761239036252704,4.876783794234263,59.386966207814055,78.64838391179698,87.26682079000814,43.8440971988581,8.702953575055016,3.596828414327502,84.31083379224826,56.95888850684769,81.94315407654955,55.45562765581315,88.98729805738603,67.29620231553278,25.129953994763852,74.3636757093363,38.914900603152766,72.51095031908261,35.999919163921525,,69.19705301610438,56.88632752741112
2008-01-01,12.19355455915615,65.60244270654695,64.22641889496464,0.9745003357059079,27.699423168380587,71.15009836504798,6.691834667093333,29.549823198131598,96.45815304411403,55.20926740875953,14.322571209299785,85.45938481201507,71.01620125758494,44.24307121155708,10.222367455620851,60.933982077235505,16.78188027166272,34.78835036315646,69.10753787930201,75.99727246387936,31.86999966316657,58.35691164985099,30.72825170907574,8.661689612533019,74.02888338844261,,74.10263016236898,45.13381184341579,98.29646969066845,10.98749513127213,9.474898594177471,81.6060458660048,58.625740987660244,44.77583018242308,10.905082877781958,84.42908285576506,69.44914209678323,48.28708394152989,16.91030642178322,42.30714719513917,42.425229871728895,84.5794662417053,70.62181188004469,84.79436079170023,15.169092066343282,53.48994236654248,4.237487555123243,79.18876781692515,90.5514967358433,53.31267353306306,28.110704883498492,63.14003070564886,92.19121769622411,,60.855727097694114,88.47076746869297,16.262121132977224,18.022224325288693,19.699847692427152,,81.78787743952408,80.56234901542183,56.14094340144795,95.42597099045426,40.07345110323393,37.06831633780414,50.60412043875393,32.20664447111376,48.042269442451726,39.686583062835304,30.84494199680352,76.44275988023638,94.02280045275647,32.22857478064658,65.33156528202571,58.12792466981562,67.57466616855237,94.02993744192393,78.45739125942607,24.056657949536785,86.16033109784412,41.362430217570314,53.22035507176195,3.457433134768817,62.95820333412732,71.70316183724191,44.14970445380846,37.36890661610438,49.825381906867364,78.24894384116932,33.87233797006303,70.71711998637203,60.6456177256113,30.61907688410961,35.93933968213965,81.97988188191623,70.45731820877873,83.35115290348953,80.62550369765967,94.36019670751105,87.16772085098498,67.7670440772712,83.3774235451681,62.91385998074004,51.7623122038045,55.819744332810785,,58.59740626348076,29.486040986534135,12.1458979527719,66.54542956954339,45.948488755686746,33.61566939675207,40.57478789789266,61.06680315335369,36.96306258285635,69.71883500055878,33.18180494647367,8.68204507988144,43.14261595653613,49.606626683186704,33.40849339196805,26.358241152812578,68.88494080228119,39.00434887837534,40.87240047710635,35.97133264975811,31.248145649401103,89.62224268848784,55.61943943234666,9.73541447896814,73.97583819918174,4.5506237698791585,83.51114198643276,55.299581628490024,28.679454153362528,47.10243960480983,15.423968022892875,95.87814387586229,30.279832559295407,56.60793356411351,25.12371621447812,41.598333416787426,84.47995133972495,61.62978720279722,69.53227014238173,69.65557802631415,2.4121922794118067,83.74446196371107,61.47439237779422,14.399843171806758,40.24944578426768,62.36188541917051,17.52133323083459,89.96237891403524,71.05951447278667,13.055711006664028,84.42234626647085,91.35566436726667,22.06328682499764,57.88519694446792,88.61564155355491,88.03894548916041,56.9595158290553,,5.29855926864019,19.114760375442597,22.430012362484252,76.02017025864505,81.1348362672862,75.64764037066489,86.36937407377573,30.954142765088775,42.00274500468005,46.25408614707289,16.386313234184435,77.99001706053541,71.93679639524242,27.4150350376146,16.911931124166802,66.22100281921222,80.05296349602231,,96.89995185711604,17.89148204151281,28.926008215733667,24.177175742985103,41.49967208717884,53.6685453528982,32.52743611515601,88.95531149056879,83.97936761411094,58.90934997563888,21.074369486728585,17.648587045593,41.2842348474743,48.648799795602905,50.12164007461391,7.032363115927964,64.76353158822855,5.008253497893778,60.69348592930446,77.8835989821934,88.0506591958788,41.756519361997334,10.749527821250126,3.709220658619572,87.82970043310131,56.71085054307123,83.67378409280573,55.79010839702805,91.25385906337003,68.50561530692055,25.045745041182876,73.8093984024238,39.99883964420376,74.62815993430256,37.29241351084489,,66.08767136400641,56.81126614707666
2009-01-01,11.516820184515842,64.488752461868,70.86482397784606,0.9922255415578007,25.104029022791032,67.89461325366506,6.796488881248552,30.41622755279456,94.05990113746552,54.14174423922247,14.523588356417394,85.06558772475088,72.09591259033049,47.41676352089627,10.373782343163974,67.58357679723943,17.515797252507358,36.43724827726831,73.47921080435202,71.47710195514605,32.767107398138215,60.7987219161753,31.08639546137789,6.100592144056282,74.26854204041176,,77.69992828388654,44.91896216139892,98.47977741208732,10.682184550766593,8.047244583158697,82.01262620972146,60.193205841894226,43.164757725436274,11.360172663524404,87.18911299840404,71.42274806651172,52.25586367842068,17.077377933603643,42.73951261527023,42.858193938609304,88.35021219114668,71.18021712070856,84.4975058657107,16.661707089012047,55.034308142638565,4.56976091437753,79.7018538705203,89.11651642212752,53.78617789699918,27.724155399857263,66.26486228225605,90.12827869037564,,60.36067733968042,88.88358017547982,16.51470261189352,19.004151179626028,19.959288529454213,,83.20224949498292,79.91108736287,60.14846496694452,96.65071155711622,38.173886343003986,35.14935557843351,54.841608267973704,33.77368587176666,48.416385102302904,43.21278594526432,31.203984172375275,75.45774957496228,93.44348055525917,32.636381190977204,69.71077279796796,58.60944120316174,63.534859257424635,94.12465082593087,79.50167320086959,24.35838267103534,84.92958689878219,39.00330746982831,53.62195716987137,3.735805458481145,60.380080561922945,66.51981607231458,44.59103528754027,37.16489257006017,51.1243344038079,79.20141845414747,32.81629533568904,71.78477193521296,61.821534985583185,31.320541761989375,39.677398697164264,79.71167611479902,69.4744773259159,83.15247653753185,82.28021898406215,93.69487793012603,89.75941805011402,68.32431612285701,86.10870205452294,60.210004365379156,49.86012310821164,52.67109928445195,,60.462509408088124,31.196513555586947,12.321165148234602,69.86757384461467,42.64049049024232,34.61589090583739,40.99799549094415,61.55467825711867,36.95409097809175,69.8274865753589,31.542241014476314,8.103969725508154,43.70329355374017,51.33461449035228,35.030274902674044,27.39980419740227,70.74211741574472,39.032059720928544,41.648166412694195,36.36684464116669,30.45726631868453,89.88201002468877,57.300159526308114,9.356587707768549,70.25174444067667,4.624718812530205,78.35972112883174,57.4288824405061,28.93432698365279,48.519726715937374,17.46731587470265,96.85279215267542,30.634495634419444,58.335169601691625,29.481740273847347,42.02703654147331,84.74642858902325,63.46830883623651,70.364993295072,72.37296887646254,2.2679606962617616,85.52677954739931,65.18466752042413,18.118519720233238,38.80475742295355,66.23652214925964,17.757961356832542,87.57904386503395,71.0474280127394,13.097830511563568,81.34950094082014,92.70888538493385,22.346208771100095,59.87705239726948,84.13283498036367,87.84903578999223,50.67709161008172,,5.383544138117491,16.591000617762365,22.716461736838014,77.09332149246073,76.37454296205503,75.19027457670909,89.67346814931064,28.96473284975203,42.43355207482657,45.552481691261725,16.610599323491048,80.27938068780436,78.6628687087677,27.746404368295195,18.085270361167794,67.06396617206842,81.87064696678756,,97.6702525904068,19.0668201973091,30.56337348675107,24.480008253215924,39.99306635469553,50.56576342909849,33.79892932515074,89.41614379239397,85.50857931660896,60.205154067105184,21.347624663183463,17.691846955616064,41.43753728760515,49.21586998789949,53.10648805002489,7.1417119156696796,62.601835282580694,4.847838917073521,60.07121433713978,78.55546937044144,86.94031199265106,43.832172136636906,10.907586436283967,3.770755245255608,84.86959867357136,64.674450656011,86.81065085532491,56.57301306413507,89.65922054252408,68.54030313460969,25.356464171288195,78.25567119592326,41.502223970233885,72.51305063005266,36.803301019966405,,65.22511258238481,55.65471708597662
2010-01-01,11.645623442916131,63.99285854003431,64.78208956121705,0.9804254067903639,24.716012889367068,64.14609539713216,6.873889101337893,32.23601464110442,95.00252803519233,59.157266240291825,13.819583069918773,81.41549201321578,73.31852808331189,48.32824188095189,10.273056517294988,63.195253491404024,17.418618892233273,34.360761275190356,76.68999233804234,73.15144485076416,32.973977290194846,60.27070269045329,30.848343535210976,6.037339787098306,72.83538496585966,9.489924522955329,77.14605521462327,52.31849986390795,98.53111259117858,7.31911121066563,7.966429776920192,79.06293836352114,63.92736667391663,45.30423649550196,11.68557613950022,82.39560640406569,70.13523174031859,55.142045343914184,16.90057523476455,52.259315718079044,41.1803856552463,88.59843017300987,72.33295176744411,84.5256151747235,16.782629462356834,51.70512662594857,4.520984981361142,78.39999351556844,90.3630742511204,53.762047680823244,27.423625483725722,67.1606621143623,89.00977520996658,,58.353646320336324,85.57370048081272,16.36623673898715,23.416774029735276,22.816205961587155,,83.18910543327432,82.5422022766884,59.4674946902427,95.2050272505286,37.3885006425797,34.89187067170336,56.60514981659854,32.12672748443504,48.37985583524396,40.83640124572827,30.965336111255393,74.58890725432362,90.86367663739492,31.553634039482947,71.96865980436766,58.15627035707216,65.53569027077448,96.76035813415098,80.87376253991901,24.1577817057125,82.51291238550421,39.720120213013786,51.74310383721499,3.6622274741137995,61.22692830645418,69.66055215878065,46.111905050258926,37.126424278434996,48.92073404368942,77.53700312990097,30.90020560550075,73.99734887483807,62.27181669397201,29.169747104167687,40.25403618260013,80.20023814122972,68.94420274103797,81.23823943151895,79.33401581682706,92.42442476046759,88.53675943267329,69.53266663666142,84.87215204298502,59.738628894522506,47.072990922612945,50.19623058729699,,68.36264226587052,29.65568732870645,12.942909175534133,67.2133374311305,40.3765286418986,34.36082032198833,41.76170469446764,62.05004332091877,37.76847373076071,69.99787032774813,31.95364957434932,6.912099512068936,41.837902040929094,56.1605105428673,37.19776386044893,26.746833561715853,68.7138801113585,39.83945533656525,41.75217440826921,35.79021654481785,28.312346049995508,89.6400187173122,59.29706946613322,9.264431783373883,76.09711169353642,4.898977516360981,76.65886944285957,52.57719940674319,26.456447381591918,47.0259742953531,17.31201191385311,97.17426076383148,29.011100379896604,62.80196724780258,28.228040160068325,45.776982840671444,81.662351300239,62.12608311727765,69.51213049272258,71.95505639022532,2.2485021813300143,86.97044770837611,62.62737403126748,17.958624122744183,36.77095287125805,67.91049462271481,17.600599799333683,88.49410105471401,72.45244955049151,19.050390769612136,81.11632044659746,93.97199033667889,22.67398315732134,59.484794069248224,82.13084392957299,86.8874499417582,47.70330649774991,,5.326993567108628,14.365345122809215,22.526004818562086,77.32826619224045,75.47425040088991,79.53292266287703,85.7254292248794,28.737781278804274,45.639103445985064,42.57642970881559,16.46143850504489,79.07653556770147,80.06964329805865,27.52612189325323,16.42029312071078,69.70658928450284,82.43530877387596,,97.50962763047913,18.224578851717045,31.564637116908546,22.675249791211037,40.099705279156716,51.6874700372687,34.50803899841367,89.19676987945762,84.14352931891753,62.91231915217237,22.00548637433838,18.539770750194762,39.59874179881165,49.290381413421144,48.9503685606557,5.750535616674002,56.03088706252171,4.796385203167852,57.648882338123045,75.3319860795477,86.19216919010763,45.87114574043084,10.80244371869128,3.729803948211763,83.62861039289145,66.6164508211897,87.24546841561369,59.66341556036896,92.36431713668874,65.97298208205696,25.149890967668686,76.67645943663604,38.751314663311796,69.36357254539212,40.600249457092886,,65.8867180195628,52.48554075455638
2011-01-01,16.91050819121589,60.34851449504772,63.28478052255675,1.6652244890394297,24.413540472431183,65.05177290264335,6.3603946038403025,38.0776563669255,93.08672028920678,67.36189518961106,16.366657006120523,85.1345025636473,71.8452935379472,47.35113027001632,16.13464331698744,60.46637660400545,17.594755524167894,29.299660492347492,72.81483776042906,76.547098724134,31.16219542506611,56.241431775535666,33.49158164169105,4.802179744173996,71.3160026498311,14.006881493905588,78.78746339498333,52.63280636870034,97.9106726140587,5.7648401678639605,7.805703724373236,73.83593374807896,66.05617879437105,45.125568900136,11.158132251470466,81.96536930969557,69.22360832384236,52.91697327888423,15.91716660239304,47.002981548783005,38.68904739946339,87.82806911799251,70.51344023501385,84.96055614318354,18.375967862889397,48.81455368429628,3.66207508580777,77.25501831783794,89.47915075440984,44.41434808551088,23.703942702963676,60.22525369664653,88.91196095638219,,59.91004397419746,88.9442547264177,15.818515404677802,20.75011346817727,28.031778385779326,,85.11713093677258,81.15477302608771,61.49423100992233,95.11498589624084,40.24547088746677,32.426434034772875,58.50714300978292,28.973003219632766,47.02670094713913,40.644735745046546,27.921914629042664,71.75494949606156,90.97030000885992,31.07032026916181,70.65568708328664,55.64829656591572,65.34818389274277,96.30169858121282,82.35480201095481,29.402135560904576,83.27536189905722,32.61036205755643,51.82467851942085,3.552483271017448,64.76610800352127,68.89591485903355,43.60625161306353,40.340543935766114,47.06055667281615,76.30103198178466,30.495572253232893,75.48585837257488,62.170852474473826,30.93943684434248,37.99059782002144,83.47468310913804,69.06071059856014,85.89877738180743,77.72339634506392,93.14309018292853,89.21792002293512,70.50682186544167,87.62403151514427,66.0052040935403,49.01802777843012,52.2923547480086,,63.68255327973269,26.551567757710693,14.143873120271788,66.62822652993154,41.42572795648578,34.773514603178114,41.63756039083189,60.795888681651356,39.85611219452328,64.45479406873693,32.69297271319053,6.5573731904034815,39.39676812018946,55.68964040375774,34.284416437212315,26.092731702024153,67.44091106112072,40.11169547732953,41.40671045954991,35.26668917982192,27.831641918595817,91.14646299526406,56.96275643072115,10.287844200130259,72.1735568545055,6.237675306170509,77.8406491756503,49.304013694289935,23.427482285127777,45.29405787932842,15.752352791358582,96.68731437130398,30.103838004584627,61.2491299834405,30.56427057022828,46.88749173542119,81.52917626514582,61.37144511769124,63.82802093881161,61.91003630206444,2.1975281376425904,83.94219476935801,60.51742193629088,15.972429368324292,34.11838698355648,70.78265831698623,17.653942505203112,86.19248834913894,79.46848605468749,22.928064882130627,80.89577263954291,94.1741006432062,27.70524276289129,61.12957645257069,81.20649739852954,86.88448895286649,49.33005406152831,,4.646592359694878,13.547691137992457,20.064671403168997,71.80020018015509,78.06241450275118,79.74694375430268,83.43260926603824,25.15513271729467,48.36396738304679,38.26133722868368,16.164083073054414,72.72363286608079,78.00893436979618,24.40682065855453,15.603990108331667,69.45515716922633,82.62605976484619,,97.88384148640449,15.205676860108808,30.65300058700369,17.623284665530615,32.67841683595396,55.3807882235237,29.161073140391558,91.13375385666191,84.4259023227768,58.57876823656798,21.949006722801233,17.25717556754566,39.16688385206935,44.02205789542384,49.8496674570572,5.563591791478572,54.670839935187,4.3381836400564255,56.79833131124256,76.14173731841262,81.97884529969359,43.825699605438984,5.9343828472924525,4.225346150169518,80.00798922563503,65.005867491873,84.92522713239727,55.60874611100446,94.39668462257616,68.13633194600008,22.524258561543363,78.9516240450898,40.42094221521151,72.62265134238339,40.121132988949796,,67.55469802448646,53.28508431214374
2012-01-01,16.729267608074817,61.49536591894278,69.40461299889975,1.642220909034986,23.32364508835527,63.21253735590939,6.001921801953092,37.996648466292356,95.58032534812094,66.76834962356841,18.1748161650381,83.24995786375693,73.0535342642445,49.701184396718034,15.960145063638576,61.56181671100271,17.296440982301963,27.634980237887063,71.05136093635562,82.18456496033701,30.876561254138966,56.00698085187528,31.971434830239698,4.807076374440388,73.7669788738276,7.7491861608409485,84.80878027628607,44.390553842342925,98.34789068441897,4.462876291778017,8.69811987165534,75.34149237100037,61.28952211772698,47.660534781157,9.56869111551092,73.85941716106504,64.65830874969087,58.46462161570389,15.744579138408032,53.17235781862419,38.97792429695864,86.8577765490411,70.13209928322087,91.07032444717889,18.182305336263983,51.786725195824616,3.6143348082686155,79.04031703011769,89.12875955345953,47.003380450865905,21.795077729655166,57.816977444234396,86.6249703634584,,62.805010003347576,87.17026745348994,15.646797746669394,20.757631906777984,32.630579863853285,,86.07818148254461,81.06885767301264,60.14000108780737,94.46173964158037,41.95611420459811,31.546719399892464,55.5579244117028,28.774123827276156,49.02311551395565,41.537484194256756,28.296820981521897,72.4415241014082,92.00577366480383,33.98430238196379,65.26248555426454,51.73924440619804,65.78099110765743,95.67335780164036,82.0086667653451,29.127461232827724,84.74425062557987,31.729686726851035,48.26736833212143,5.931285633978334,64.875244316008,68.62933918891041,44.636485790579584,38.52099513172762,47.17463948783577,78.95029547009908,26.932783597906273,76.90389777231886,64.3894828337148,29.493492561277613,33.21579640067116,79.02381430833182,69.88040363544906,79.76793071895185,76.06133610033781,92.04389370178282,90.04297080452079,67.14644632894509,88.12612979315854,60.919496639134096,48.33608747081449,52.25368366443004,,58.22504636731409,26.132003736363085,15.432488422996471,66.9257737214687,42.55066475138706,29.18151810207594,43.14144538593675,65.02017357074321,34.55407210006619,60.411584799922565,31.73518710579948,5.691010168080202,35.55380822990286,52.679865388191274,33.49716684082465,26.122990203969042,72.84108678666426,42.179652928646284,43.309650125330414,32.70523681872426,27.567200588467777,91.2814822039645,53.61787794715909,10.168077039234213,75.32517608917846,8.334682045796416,72.71736575212793,47.173359422298745,20.808877890640744,45.612981726458415,15.457595814267112,95.9071156260688,36.385782266737344,58.764046103050326,30.740835537950485,52.079624879962495,80.27388823950314,63.396975223209196,65.72841444823712,59.47523916449209,1.6958416385316477,83.91217026916514,59.76045331766046,15.426019392594725,38.00757911016617,71.05082917105243,19.634194474548828,82.4417056390997,77.70976346492368,26.31910105777817,80.09049970207836,92.70558718844349,27.76092889997086,58.51410190355024,82.07637569893944,90.22671835119115,47.019520512236745,,3.700231540815324,13.789371921513172,26.222710239222312,68.92249033665114,74.3377450069606,72.67328760027463,82.42965916788319,23.59692478476083,49.0158842196351,36.35326783611899,15.989326863402942,72.0419951087047,74.37222910133652,20.461841573664728,13.953739300760615,68.98653348581219,82.77130764767827,23.493506005291522,98.94494652597066,14.525625541055941,28.847315126498295,18.96120962401209,34.427196182877886,50.06921032345557,29.21970960580571,90.65672723380109,87.00635794066136,56.52985964059663,24.166800982286173,14.296919182536472,38.316551150514734,48.946625729442104,48.258677903558144,8.199819847392554,54.670348106043164,4.282470926261627,55.64605534071732,74.6414831311663,80.4715918550725,43.475270297435564,5.860487806523906,4.170951927263178,79.77469990604594,66.92860383155828,82.45925320332499,58.96159413862223,89.32909439170007,70.65465402295987,20.44968092680204,78.99599867140189,37.93966211537193,66.53569778128443,41.18625828467033,,73.68034981060563,53.02659667071885
2013-01-01,19.134875876588133,64.15850955973805,70.82876631564162,1.6353563183888697,23.035114813209578,61.92336783912342,5.97936881099116,37.89925148558115,96.0803785856299,69.57207112571673,16.498770799679118,80.99444205618289,77.9946523951125,52.69197436514066,15.90792925852248,58.04283985469838,16.901803120539004,27.555604294352054,71.65625116351234,84.50133283720103,33.012186055497516,55.789217322205296,31.88382765030888,4.662151726019181,70.19208585388137,9.450044212345077,86.61234194202532,45.77220190331133,98.97144007273447,4.445602071072052,8.666832600514685,78.05210893997918,67.96966278134704,46.97655708725718,8.29368848991182,77.71565036239343,60.787628533268624,62.057936595065335,15.692936540211788,48.351663857111774,38.87911657547103,91.05169709953098,67.72743356718183,92.57597273869149,18.12433872010699,52.63542993583184,3.600078921149663,79.6686745475776,87.15893209799015,46.166288795643204,21.137066366025515,55.99286366570881,86.3886564992431,,63.17174796134752,85.4484097809584,15.595416065987,20.261548646405313,32.47969195677318,,87.30959466038559,78.3494537350355,58.72348952819417,95.01162270362698,40.36829690825916,28.574681783733602,54.49937776993343,25.89211005191404,47.63239618553895,38.96598864459748,28.216124854260592,74.72087655099257,92.84552224912008,33.89321057075454,64.44908061353058,49.20673070126836,65.54587969258682,95.93302474342524,84.4318636939944,33.247384136543225,84.5035105912878,31.642512410733215,48.15785245557513,5.996711341963246,60.28038585964231,69.97829689734745,44.530573809579636,38.42283784515131,47.83262612491256,76.21335342565104,27.109533128511053,72.53076525721333,67.63965215566019,27.26842689774672,35.29792790851348,82.93133361383694,65.80741006859176,79.70202344574984,76.44807349743611,91.0042676672259,88.11755378047256,64.56405771432085,85.23323580173357,61.81896210870921,50.42313405820522,53.76387180070237,,62.633759017923474,24.52493438009472,15.360060722402924,60.529881689553264,44.33107154013736,34.82458332893066,43.77464529705022,67.07597973471104,36.53040034978577,60.911456434796804,34.199786383474475,6.081243025660454,35.460147915512216,51.70617160122109,33.73395759230677,27.987567401532832,68.89873972949478,39.25634525152193,45.816352135134586,37.090567676915875,29.594985633518235,86.7151951711966,55.81987967014328,9.773665806090115,69.10033206308267,8.304537728021144,70.73034024865387,46.877174937777596,20.91211781650332,45.34548395448248,15.077750939907375,96.7009369274637,36.68985763655825,55.785860375191646,31.89927120354732,47.597212099561595,81.34782963970825,63.138902104436646,63.355221072519164,57.00791861130556,1.6723995701179661,76.67774124428678,62.60737646371268,16.38605588953257,39.54253012655307,74.79731911993224,19.572622703357624,81.32702760660034,78.27864035632112,27.478588828547302,76.07428859550429,92.09052278454489,27.681299948502257,60.91016784568979,80.84276342999246,89.57703530077204,45.74348071307971,,3.6856662500521997,11.945296705960928,26.146228552766836,65.69280873537322,75.2655568734934,73.23417766306032,85.79445129424005,22.644847536665335,50.115848447527014,32.87499078598467,15.93703367295407,72.64083192582893,77.69597690356433,19.85263297090716,14.275494050550709,70.72929358230678,78.4090548039862,23.3361612249534,98.18647628674364,12.664943727226163,28.765538472477314,20.681915014834896,31.552670556019734,49.18095711888844,29.588607583068736,87.01733900389607,86.03878382326238,56.129219021438814,23.389210921291724,14.912575173814114,37.36341921285086,50.20935778785225,45.57309075029919,8.170102246714384,55.12554102658005,4.265831521264252,57.92319853274215,70.84322069512137,80.73423544386682,43.82387737506892,5.838410280477113,4.154706752579651,84.63830995967281,63.71898712385398,89.5919695289519,68.90062000000556,91.87038129475323,69.81889960690361,20.386135855225508,77.17580008890666,35.25142992659613,66.70114430996584,34.884953845344214,,69.29282153350378,52.66207631654043
2014-01-01,21.28732879982923,71.45032510548582,76.56324075672426,1.6422141680435987,21.425330399795484,61.55253836280315,6.048809373911657,37.421305516991076,96.1138644651623,68.55840620737912,15.787860443481282,78.57215433630897,79.31740280574749,49.50750745678653,15.96009382039587,58.1052430716511,17.023602433629048,27.906974440803033,69.47175718222243,87.10534851772431,33.1016884758212,52.90298802270876,31.971348892185713,4.680168209148761,70.65131416170229,10.682119589064165,82.83009327363052,46.91257202629199,97.70128871403759,3.836412894446495,8.027976041932504,74.99552290357168,67.1031648201817,47.81716579298655,9.565949258801243,78.18683814506106,61.48252086247581,62.727925084780686,15.744528457371644,45.295111533771035,40.30769260669822,92.90504556680209,65.78240970253925,95.32282359153302,20.839733011145178,56.08333727761434,3.614320811217231,82.98612861252533,89.78753692968726,44.49827530101349,24.964646871015304,60.77166886522829,87.0548504712588,,65.03064476693345,85.0432413892647,15.646747321545584,18.618842998223418,31.114341152253022,,87.28903013604328,75.84925348187225,59.662579911620625,93.8418812635422,42.44348279654635,28.6560050319842,54.00063444746404,27.28717544959032,47.8456202206729,41.363939789976435,28.296741815198324,73.25588623304313,95.56642591573622,36.601904779952754,65.46510012030771,49.31703591481388,61.38422441941782,95.76575610539754,83.07735156524312,24.198974716694,78.3679067258834,30.579256753787853,45.679581271122984,7.157293368950313,60.84472017472373,73.4281004515952,44.600105196448844,35.4939695722845,48.413903909485455,72.5676137515899,25.41421662025376,71.99767122207402,75.6647022785212,26.950752614462793,35.016216573476086,81.03515197022551,64.94385069919468,82.0238472998995,79.67893244811219,90.17887334189905,82.75612957094613,63.64393590865176,82.83043059829727,59.562897138434344,52.72977048553744,49.90133315086055,17.630912569671963,58.17539565647869,23.460469076523395,14.196051848575287,56.52635578323108,46.400364614091714,36.01147503738497,41.74551471413259,62.76979796406057,38.257290321875146,58.765902431305214,35.546974665167205,6.148544929984379,38.35282042654119,49.93642971528098,34.52161574899062,26.64850462660405,68.87273428525621,40.3711317372223,43.99546568269641,36.464927827838125,27.627282638126783,89.42995163073597,56.929561550449904,8.673536587384367,69.71151287356747,7.765159174426839,72.75860296880911,50.857567767777454,22.157978472915563,44.300253589183015,14.758229317133864,96.7887623645298,36.78534806372756,55.35104583601252,31.184357510761007,45.98910633163699,79.39295950634285,59.09426690494932,60.60483200464015,62.70071428735633,1.7971344640786313,75.53592916942328,63.32297374573197,17.14417221913288,41.702325959042206,74.54989751928267,18.38649746405807,80.76858564717398,78.93614941232043,30.74257286186688,82.84046120169128,90.69169876401463,26.180357455091517,65.83168003612761,83.44650961418819,87.87157151812907,50.26055493720476,,3.700217240053638,12.820194767681647,25.781289036622624,62.39316250935234,78.05941766238985,77.48134164915267,82.17062076393526,22.837241758600225,48.57397006159179,29.994090011659146,15.989275544260595,80.01706734192639,77.7223420107013,19.914827030648475,14.323240715759077,73.80160067255683,75.41685020166807,20.192116825128636,96.80158479781038,12.256196258009144,32.05937827257483,23.37665030588545,31.41233677348072,47.05280546531176,28.82705209262182,85.57110914678945,86.40835342019733,56.709391064021155,23.459655368557964,14.425916240010006,37.532865303787354,50.02803537533793,44.81564687960737,9.055912273212286,54.979947424802276,4.282454589611174,57.800465426787206,74.08988842098513,77.29211670990685,39.972524538469,6.134926664230123,4.288069848946307,84.93634653682507,62.64843032957215,89.13450597106109,69.36145517738683,91.84925024617165,69.52822236196565,20.449618573285953,76.91274880504028,36.11372851531538,68.67397073240689,36.71553827025109,,70.15672223041497,53.51244003066624
2015-01-01,24.535523768415946,72.67505956444538,80.01045452606117,2.4278603946796817,22.083793785754846,61.195507303907036,5.7219147567239,34.17035236897297,96.49168731048522,64.68605459461843,18.758145107644154,80.1360883772307,84.28115198303638,51.411119399961144,13.182122822693355,53.17186393444035,13.568763059635092,23.36246006339644,70.77719003841136,89.26835650061349,35.414455769041155,53.305977777730405,37.848001072066054,5.593557258054515,69.00984053693038,10.391450129159308,81.66069809318643,48.32856404654083,97.07243003485085,5.094073888779671,7.671072856525374,72.48931173878196,62.24922856703592,47.480352379804735,11.54047265794178,76.30038152346683,63.21955514931952,67.45299034638477,15.345542048477313,43.31715222726928,42.18467307422863,93.02801109516322,64.93982778584608,94.27590966592805,23.619040000118186,58.769412417108605,3.9118067361929576,81.81599158436667,89.7673132594474,38.3351039605603,25.589674027429265,60.60423880690864,84.38769878840021,,66.56112499836127,83.93888283695776,13.728379136893466,16.621793557121233,28.637434755777402,,90.20448910200034,76.7883507305963,57.711963879898406,95.27909949267229,45.04284951995974,26.20138887244188,56.332966435834166,36.84981096418565,44.626838731103504,43.47388784015982,27.786326111151705,71.45388954363074,95.3591456263869,38.19478636213041,65.04308228558887,49.380734283290714,63.111833897267246,94.46107084666333,81.04920134769597,21.99481492193378,75.06587967507753,28.845920282722904,45.010140665866174,10.67222500475884,57.04153937017327,70.30099656823498,41.865607339239496,35.34278141285097,53.91812695707407,70.25943799407005,30.691767669964953,74.55652799068721,76.99318207798945,24.618953884606785,35.126182898942716,78.81154796488845,62.81759503128346,83.59826999382982,73.72511740162932,88.86504423391327,83.16104111527196,66.50129256292713,80.22820134408121,63.00169524776265,55.499099409078,52.22612906827586,22.882109408018692,56.07196821944696,30.109252716212808,13.38603095123747,59.4953133276239,47.086474921952934,34.15251582646589,46.06763361329895,64.5935527245915,33.31088441937104,53.897245628337174,37.85225116503854,6.02834339236048,44.18644776038381,47.6108911607794,24.764458293268532,22.227633035137195,68.30207140167526,41.48750630715923,44.825277930048216,45.026904863271824,30.64275831525626,89.77622722236973,54.507839754795604,10.883588767071517,69.3760738847686,9.43121688738291,71.92419299143297,49.35015016254384,22.955973787478754,47.22922613128661,13.965131799060092,93.55628028184202,36.935881971518306,55.78117987349489,38.05245243904084,45.29710777588735,77.71227472657509,59.9363656548199,59.785784338111235,68.12456362010657,1.8089323714876704,74.34113631415993,58.075860879654265,17.971552331071592,47.98213993367719,75.01436704696019,18.478714989111566,80.67190373060787,82.38890537147874,31.727464657807303,85.69481168798909,91.06358211835726,25.7736323870966,63.47658506848013,82.79558028148777,89.3014794340466,49.407713819789315,,4.1675820378456745,13.349306735139043,23.757000179641953,65.22741746386262,79.38218639691492,78.08021005694438,82.57984324705545,25.452023034438433,49.30674744760726,31.24348544235851,16.07175042337553,79.25395535627231,75.38225234054654,20.012985152498818,13.189171056304005,70.9794268187099,80.99329831088917,26.12604585389551,96.90995072222762,10.343312999601672,33.09753284519762,23.424359709424824,29.150988883798156,44.69857037511409,26.866493115050403,84.98336115438391,86.4688334765874,59.69305366010798,23.570807015085816,15.500160222705517,36.590285580109814,46.44448444472166,46.094445320700515,7.893955166619371,51.664746406661585,2.3564270587390523,62.10498752754135,70.51937218824837,82.98168974396256,36.4583265631458,6.6296204263675325,5.15520898739068,83.72998298350629,65.0974115114114,89.43830962000835,68.58102911556725,93.7533099553967,71.27126082742564,20.92978057131085,74.87979023450112,34.469611872004414,72.02390472806263,34.28149979242108,,69.02699022766872,52.606123073532494
2016-01-01,24.326781689840683,69.67682800988294,79.55381674753113,2.3422144087312247,21.813380233009628,48.97098104264887,5.161888739078635,30.840027307627295,96.90698433453541,63.96430004473359,18.110105364335038,81.29561147489028,79.01484534628352,49.106883550314805,12.794029368336957,53.70369432299624,10.191044775802338,22.585128419002174,68.7088116515145,91.74693852012794,34.673305818860236,51.66488821282596,35.07340930893703,6.372143710073597,64.27345947518566,10.074311379730727,82.1398771863913,46.40793636925681,98.02863088305523,4.582942717563787,7.961645182793453,66.08312665642164,63.48649831369195,44.217249750411014,12.888240730607524,75.37658097987617,60.953536382715946,59.451164226346705,14.905369987668692,46.19704520619038,41.28269710743818,94.49730152445848,62.901661454072254,92.4826280129577,26.230377166905004,56.47288219866973,3.778893326205879,84.90475264953776,91.05313905679424,35.78902180946515,29.391794188184296,56.690774637914785,80.8838668425425,,71.74493667903427,83.53355278204873,13.101089850185977,18.165998143409155,29.04070872497595,,89.19101355465328,78.81801870558665,53.15557257694614,93.5347006223709,46.17691233182221,25.53456713644049,48.75814775730974,39.341843170916405,42.958271355836075,42.81078248461425,25.737502923253118,66.53031606680484,95.25257529042031,41.349387227892386,63.07087149307704,42.96753542679541,61.76059486840722,95.25839428221306,77.08245006896387,21.263352098227795,75.62771831232116,26.898438900500764,38.95580119713898,11.787307946688285,56.80248077503287,65.07160103632896,46.275556140845055,34.49562695341726,51.70417681562607,70.24330747295838,28.982937912539875,74.6963731531728,79.96091524119815,25.757427294427416,35.45580503822201,81.07236347360396,60.98084282362058,83.70723759349627,72.8758800763754,91.19671070221005,80.65674144625568,59.17505708950992,81.48423783530802,62.194221979850404,53.02755887240633,51.360417548605874,32.09481170198658,55.0660323276537,30.58251863330794,11.82629722178936,55.9209270588316,44.99659686707087,34.24329718305737,43.66089955627109,60.230601773530054,30.064144247195813,54.98678353845045,39.88023981974269,7.290938811224812,39.965581345662656,46.6193443719873,23.86115885726543,20.543297636915035,67.85195917676657,38.729609125933884,44.215044259614736,46.54229157222712,28.901051512262587,88.11204882900108,50.08714678003321,9.955858305897314,73.75156078987408,9.139544915101471,73.58197895000349,47.82817746798437,22.286426304481964,48.47137969316243,14.337632948502876,92.51136672167046,35.58178921909754,54.017319582902616,37.51541804342814,45.29820726842887,77.81035050430718,55.52469946053438,57.23555811639906,73.02536015906489,1.5662705423803658,69.01166653488323,52.55736110718616,17.471384717740722,47.137382939571104,73.88733715872023,20.60365127382494,78.56500122982406,86.9540790450328,31.85717134628151,87.04808387718937,92.42016713325337,23.640373661724865,62.2026356016862,81.5309405063134,84.90472732108827,49.99613615094547,,3.747165908513328,12.800209859840129,25.95167438208572,66.50223968093962,75.87891123658696,79.21848487414509,82.03837492196388,24.47763905718854,50.935373307199264,28.324848802208614,11.624536469104086,81.29831057291416,75.15966942143339,19.308329351883213,12.800903898100756,71.9393317766961,77.81158666199916,22.40557896758384,97.07106410254394,8.849153249986763,33.1258652008503,22.810254936879815,24.32941102669418,45.12289979151111,29.100046693326973,84.47744233842732,85.66160540816551,59.823381310927594,24.244375698189824,14.56414063949647,34.87404067655433,44.827302676177105,46.74812073397953,7.014425152558124,52.63489365564149,2.273124103217694,57.69506726163232,70.5896279996119,81.03619461281257,35.14732687486797,6.415661980418708,5.02533493141728,81.28722866693688,62.70726500612012,85.46458302806379,66.05751199325944,93.30475491375867,69.89853391457098,19.6841551805636,76.13959910970422,35.49882676867423,77.93203301951338,34.055017798288304,,63.61028099664292,58.347496741685575
2017-01-01,26.195498267320726,70.70854134900446,76.26151136411747,2.342399555237684,23.012569461297428,47.85745653543848,5.162270292904525,30.841682912266076,96.13201896604906,60.05411522546458,18.111223959872614,78.79883760674088,78.8001353684816,49.41856845010365,12.794871845406064,53.17146090483389,10.191739501050101,23.712182195673904,61.557452310676155,92.35495197154764,33.78404277892702,53.91310719284335,34.02848989876832,6.209369532512743,70.33679220203517,10.074999268594475,79.38312662311431,44.26330969592116,98.56614760876663,4.583285424377836,7.739268211932238,69.12524076080781,69.52924788013198,46.84459957689836,13.004112970146464,74.96112364714507,62.14836995832136,57.076736703899925,14.906326074927057,46.10242446401137,41.28466874576995,91.67529384231781,64.66977795504864,92.86252198628138,28.617010570644197,53.75198805871258,3.779180908534052,80.96276753914111,89.46006339444573,35.79084125369214,32.922378903386154,54.80976694113764,80.45297644448416,,72.67966623952677,89.9780860104607,12.381946240300845,19.692983455503366,30.68357451888869,,85.9338414784836,77.52216890761389,54.59798215538414,93.33107566911232,45.22943531662895,25.53601934029541,55.14416118443284,39.598448511728265,41.47901113623939,41.902265399426476,26.175864894457767,68.05691040942304,94.56499958952233,43.435500190600585,58.128295485965076,43.868064776414606,63.40262715543983,96.12918407420369,78.14788473124905,19.661806415843465,75.17912456685045,25.39787005271854,37.07825772134683,11.788094320992371,56.80470114678027,62.89410636111874,46.66512097090326,34.45647060187157,54.47788470326953,67.02444530273226,29.514174953506945,69.43617614799034,81.70961146398905,26.4224225709645,33.26298281650226,82.00839018661408,65.13159286237165,79.98918488779562,68.49904028733096,90.4806418813848,76.05093770401132,60.94080434337072,78.96020858077132,59.54841764968286,49.03985115477997,52.906976566435596,40.611195451365354,53.41019965421261,29.01105583585839,11.525878158522973,53.07323055058863,50.956860924455974,36.5130036116728,42.04768093550461,62.37444340679033,27.130560375543933,50.70226783204652,41.331025380530086,7.730000629441958,44.334328871364484,44.997091691521874,22.42328639591603,17.92980990473182,64.00401998842715,37.476955846627504,44.06611280661195,45.13023071382795,27.20554596617111,85.98036344939831,49.053822009342966,10.031057810618371,76.10539492446036,9.140177374743775,81.26522593722476,45.51850867470125,23.796988710738365,48.76675561718591,14.178845227411596,92.07515007297087,29.071835087886065,55.84387524113599,37.16984754723125,44.558382897199486,78.21515602676075,50.7766559047351,65.98958734893843,74.87395217195665,1.5663977525299133,70.1573236579154,55.357469982301225,17.472471849241366,52.67203603999071,74.28550083395709,19.05281518376467,80.62887972190944,87.63727736117725,30.190287126966673,87.66950266103525,94.02953242389994,23.993677398965097,58.27338413494159,80.32929801120406,84.09889293867977,49.48138877636875,,3.747451285808878,11.546025821536643,26.12428569042473,67.30898183923057,79.1210841930083,83.04965850237079,83.79948133339805,22.596082112065407,50.93753298009916,25.91831848798163,11.625313651260061,81.56099024612632,76.41049012743798,21.81059188176525,12.801746753896648,68.89222324071025,76.82835205354975,22.581657029969982,98.15453112239858,8.849768236548883,31.990659290713563,22.934201550922406,24.06732205843326,42.74795362622499,30.59755105514599,89.72975853205487,86.13191704175784,65.39307842992889,24.49654049813662,17.765496588209974,33.06169243054469,45.89797845177296,47.186744909622526,7.271489738620341,53.65404354798531,2.769050874480894,55.205691056902694,72.90710713901366,77.95050191510364,33.797228012298085,6.416125473235312,5.025707382981515,82.19661009923878,63.78198082091975,83.19308841185286,64.42888593641207,91.03992697617956,67.47410783664701,20.257401942722662,79.30192285072893,35.10299391676806,79.45030205306605,32.651607039603356,,64.80751679735152,62.42952388276757
2018-01-01,24.955784199099707,61.888727749073034,74.4653543249223,2.2806956191260386,23.76503568135684,50.07990883989972,5.209393287660458,30.533824455100465,94.47369742409208,56.9386049565566,18.727454799363162,80.34484247399105,80.3426114437912,48.843911851957344,8.988523152979722,55.04702297122586,9.778623929427843,22.133893976092867,61.82593870293114,94.59620646475533,31.94552668976389,52.968561824310044,34.391145306607804,4.951833023907925,67.905590020419,8.910448182312237,82.42882232890229,46.5478025891936,98.67319290697532,4.826260443131791,7.152910284755054,68.96301394687919,66.66997568525011,49.86268423165079,12.500224104419278,71.50450961821339,62.28410590506175,55.802588533386555,14.489034246367915,47.60521464423743,40.62222806998135,90.72766584507303,60.556610762196094,93.4302214942037,32.14959169468832,52.88544222370892,3.6832760909434437,79.31043725555979,89.30208425742873,38.36822336006007,39.33732476855691,54.27583280664323,79.48699520353281,,69.14834695284378,90.09357417071327,12.107980206763935,18.83778799670641,31.924537459491663,,85.58756504406516,77.41530847780936,51.9717777580506,94.03596840066561,42.747659539888836,25.04942403079886,54.53981901657625,35.27164025131708,38.32168319049647,38.3419524134162,24.789961451459273,69.43236530855793,95.2457832262979,40.952573449925225,55.372522204697525,46.04587561544589,66.71870783860729,93.17311680341585,77.63919747793784,20.861526788833785,71.47943013862022,20.36731248543515,29.55422950054276,10.570132899768659,53.484606618147,61.885589213590464,48.53835346888761,37.699583880997814,55.6912805676143,65.42695563217423,30.265768800243762,69.09414796180143,75.10240153674846,30.048690786801213,30.0454073271198,82.90627948258128,64.79292029865043,77.56501252516598,70.55691604182984,89.51773872003645,75.62682962105394,60.09370583153717,81.17400315607405,56.75830580620727,50.102157349363694,52.158765242858784,59.447575160785206,52.274679249950175,32.761768259376446,10.424880692987715,47.33643234298114,49.267482289627495,36.45459602859391,44.003563261754365,64.10646597830653,27.31324820716362,45.73112812778519,44.99454206788119,7.304851222372855,43.76933424307532,42.8200285140831,25.22727491838075,19.295286009630264,64.4915887315608,32.306094222406514,43.26140149138595,46.95922629772791,25.61270851711153,84.04571516270349,44.31300723181357,11.596610261567807,74.52275744289176,12.473509330142695,81.44144952178492,44.247799935832475,21.019598585799404,48.489158342062325,14.447029338723972,94.24342384840395,28.67159612417106,53.104532906470524,37.11406556141734,42.75812219549119,79.84031958062077,48.309768527802156,63.54845109516432,71.53226442567632,1.545649591221443,74.07723849957479,54.259924735533446,17.134903036386916,49.290241763797184,66.96882989019524,18.663181386032377,79.25320125200288,88.1821202980075,29.464340864083162,84.37901557887486,93.24949729592954,23.368961704745484,60.11929764213924,82.17443034346553,83.88932883143279,47.163520334467634,,3.652283000276091,10.700444142241183,25.861801281534458,65.62201270566632,79.6877161366775,81.98750916831258,85.00464894952047,20.495832106208635,49.200661879072314,25.667608026107036,6.111165552564424,81.74252195949688,70.43105036654417,21.93145778881297,12.519989713657132,69.30512619062755,78.26659193561758,20.416240859658565,97.64200590311903,9.13489844984844,30.841980331114303,25.065334569099484,22.470047590023235,43.765571486244106,29.93288509369776,89.28946810196052,90.89876523453972,64.12186309209548,24.068235488184254,16.839495334833853,31.35364993099774,45.742255297764856,45.60364661537434,7.923156441339662,50.53132455254408,2.69699756644296,54.932988245076665,72.99495833323246,76.86346121535527,31.803188670188188,5.4636745380148515,5.063401732139161,81.05709797391081,64.06142917305428,82.89680937071095,60.89927582304715,91.57361901685175,65.192306309531,19.66253259770292,79.96208758538842,36.70494570227424,80.84265873133197,32.058109615088796,,59.65734831715721,61.72255936228772
2019-01-01,23.494154501096354,62.981933315408135,80.23282450018525,1.9083805512279284,25.20890333441126,49.439681681474454,4.253807715855029,24.948622025665436,94.17161510965748,52.68544751744173,18.57938604061039,79.27479089191507,80.46489562306111,46.979277873723724,9.800401323860841,55.55187373486665,11.449182566156423,21.773277154146896,57.945521531762644,95.2495416130795,27.256569143421416,56.82213919400132,39.30676624374485,4.417735133941026,64.45549891873196,9.07650458750865,75.8183801424049,44.67517968545949,98.08130897624369,4.3660629694901365,7.010970845954645,61.88987338338914,63.23413655414009,43.374634057926976,12.449418649217648,70.29547559901323,67.40010968278764,53.54359773679705,12.827316812345035,47.06799191542782,36.0360801798842,88.59151244105621,58.166268476750375,93.61577520278502,34.12896267753362,52.6125881980398,3.4957501976245364,74.40566134249869,88.59329092552473,28.704588917637196,43.57316967836995,52.88837100286787,77.8235688031644,,64.40740057100551,90.07125404007171,15.977997747245688,16.5737699384221,27.702977713021326,,80.58288251644292,73.30198253196872,49.46153187884021,96.60260067734448,42.12065810841662,23.32899500037734,47.07947185784186,27.954324024209132,38.61847665229692,35.0255870574457,25.487117723476803,70.46284079960871,93.43382886464849,36.88740188592651,56.697671475546365,44.40934490208199,63.565190021840536,94.7343442615845,75.36586275964575,21.98675376285251,66.78037315382002,24.02950101849627,28.51008759245882,9.774728244502295,57.54301842155489,58.913458600363015,43.62229065664722,36.06352956391101,57.6340955927422,66.705499908019,27.59861214577701,67.30724682990467,72.12476427068341,29.622505459160877,24.06624287376666,81.94773657737518,63.785670694162164,75.02281844136881,67.43892794913468,94.49641926866231,73.78201586653417,61.928513764840254,76.29500586372285,55.81674057928727,50.59531280056526,49.90698602498655,64.01385786499615,52.92006266831555,36.69501160751576,9.603355106732714,39.99454686260591,45.654292555913266,37.269288134140474,44.37607852739796,60.51591611490848,24.7245707729582,41.26805354760348,46.29743393333939,6.662977710517759,48.28294626823374,44.478297881902485,28.648899754525758,17.7253949398128,64.91789118206262,31.74142089998535,44.595671475864116,48.277521153665504,22.961992519165797,85.83679179630023,37.115718483029035,12.3157658220999,61.20610181132542,16.408931706408147,77.33676010905225,46.005386668698364,18.37582944753241,44.469717559546865,15.201455792262808,95.08247487480281,28.005691710783708,50.93596340173519,30.186382991402382,38.588487145774295,75.35359825188883,39.946085728808356,64.05319447926053,70.55928002463199,1.4619673938408018,76.37197511687245,52.634138389048935,14.273804569211102,47.51676402926457,62.88245686816381,21.65095978188357,78.74966861181005,86.07192717755213,28.957631312619135,84.5166195895942,93.59842237887315,17.46161583870206,68.74552336744766,77.80505367655034,86.253365198403,48.9058052470671,,2.6946944844352227,9.629041852760922,26.469182566891057,62.92105984484031,68.95602656563452,81.67958303311713,79.52380450977454,17.64394406937948,45.12841580115291,26.50264413019947,5.795970787694271,79.54337890355998,71.78740569132502,21.10057315960998,15.885332150899778,65.70361304606709,74.68009145264432,23.333201958839933,97.13447069816407,9.188995844704184,28.598512125458097,21.485011965313028,23.276089440776715,43.423774824737706,34.053050633018664,88.14617031519992,88.98329590127436,54.25469884210972,22.310472877919317,13.913163874882118,31.413535118805324,45.644714511258336,44.39718366755911,7.228388467420932,47.460882973030635,2.0293484063169664,47.12573865517016,72.74329510089544,80.20074240329869,32.396765500202605,5.194246141569248,5.217208023365128,80.03286656912188,62.23632697098842,85.67850994180509,54.929817820295426,92.17242774647431,65.84765810714607,20.78059305077986,83.68825356950123,40.61767337463817,80.1688445203239,29.325385991961195,,55.726736602574924,54.74223187548306
2020-01-01,23.37648079723018,63.05188482039392,79.73199121927166,1.8952195720377873,20.885730399917225,50.456043179619556,4.226250660981778,24.825628076986117,94.05459911446745,56.73795807760846,18.481101826960767,79.10480722595015,81.24996933349723,47.342908746241406,9.742584004369458,56.505933017812104,11.662284187499816,21.586639830276244,58.15131034348771,96.14232500243754,27.125517006179845,56.48380079402382,39.14123967671046,4.389215634222787,64.62809510334218,9.02239889448484,73.57174295734583,45.44409608463682,98.54149494108152,4.337846310867621,6.967822433574966,59.01296540919765,64.53890922780619,45.839832193294725,12.378539146630963,71.92820375371429,67.03961955286628,52.8307614347407,12.754637270625302,45.6237333585299,36.68342633408324,88.49909360786454,57.974044349753264,90.01160538949465,36.15146484452802,51.14014269949521,3.472711042613308,73.04628382392994,86.08715189976695,28.568719932692833,43.398551192109935,46.60890599036499,79.3329779080302,,63.43671959692831,90.76196040434766,15.89088779553698,16.484043247652135,27.570421001931457,,86.69296879816294,73.69537617026776,47.98835485646676,96.33228409604058,45.261118547885616,23.21193733825814,45.928793347051524,28.122610625911392,40.30715650203334,36.94854812295415,25.362201616869275,72.15749143587944,94.87539750077808,36.72776675046124,54.53047114776353,45.76787128995867,60.30634350941699,92.29320301185922,73.99252388028196,21.08788369359551,68.58515270168412,23.909847212568113,28.374854939116013,9.717041473524734,57.4376137156001,57.70892143962483,43.56149061060546,35.90602012850176,57.44211424090287,65.4527329237923,27.46640562263092,74.12148113422161,69.86645737986754,29.483678088484123,23.94645410586751,82.56329607328908,63.83944556042061,72.01386565218625,69.70390473042374,95.3695867885619,72.80878598962927,61.2981164283197,76.09446940954103,56.13333542223722,48.58230542223344,47.86530811710683,59.53604372656256,52.73161797648633,36.535867458641306,9.546541800167752,41.889514525845385,44.9535833310189,37.6944790808208,44.1999379158522,56.92370369272586,23.4383967226375,43.192149348380205,47.743134633651096,6.621732354186305,49.2333517657832,44.05584984857385,28.513212624227258,17.63070759222397,66.02024238706774,34.1349360347198,44.419125163398895,46.0699046573619,22.846312503542578,86.39544349185506,35.9265564367671,12.245526622520508,63.253811790812264,16.319925545247948,78.2870281417331,42.0453125125285,18.278396323674208,44.553801790207295,14.757830516056803,94.31269104828412,27.872124674778075,50.74972146630541,30.795596043421547,37.21161959521635,72.49313573763503,39.7790904809989,63.06832880077966,66.44385601267663,1.4517120151339324,78.38192521398642,52.44598575048529,14.194374086891148,47.33526004449566,62.78919290119842,21.540299945668927,79.71897662174202,83.21436223063857,28.820939428580814,86.28020910768079,95.57609464768947,17.368053482916867,67.29741475194942,76.33474167180084,81.39345803680418,48.987507011966315,,2.676561732265703,9.333849271410632,28.028506631692917,63.082906140777894,71.01898603083706,80.93157645637513,81.0514770024151,17.549603393064295,48.14050001493607,26.374172740270097,5.759544268111194,74.69931245366928,73.2960633265354,20.992067178434404,15.798632330123862,63.04734457840473,74.56933015922047,25.959362284967792,98.10584702978475,9.13430917429292,28.462989771404324,21.374998643048936,23.159229630933286,44.492083592202,33.90098101847372,84.73237751004113,90.1349832013733,54.27564236174496,22.197268287649095,13.83539619444164,31.58169582468462,46.11422571210725,44.22100386575061,7.184059772820561,46.54368063734092,2.0154111894394644,46.944850474773695,71.97199294456325,78.53862543343052,32.24944491981253,5.161232604588095,5.184063165942254,81.72084802152617,58.6938255882236,81.41492301641867,53.343229639550806,91.62769822295789,64.85076829492367,20.67335194332308,82.26819197851505,40.449175341126754,81.58494042300588,29.18750814999087,,55.00200200956513,55.24414016748167
2021-01-01,23.89490003076761,61.251518494347955,82.08653818110983,1.886182568900585,24.565036723365886,51.75469781101605,3.960384650565296,23.808860758609075,96.32251440848712,53.36651197153919,15.09387897955543,77.76483419509475,78.0079465332784,45.40562450532845,8.450269081101958,58.55484503641275,12.559400420195367,19.308868267585254,54.89301200097716,95.88913390962594,25.76457017190886,54.163181947302874,34.70522707454926,4.3696230372948675,72.03107767434595,8.985207234385495,71.67272222046448,43.79446774555886,98.68012459176036,4.728857076979798,6.938169545361195,59.31467710589769,62.77774622474721,46.40926201203149,12.119500566453322,72.62668316752061,81.3404407881213,55.87719208829795,11.533699993663726,42.573063896507094,32.211335036746156,86.56412912703438,59.28413289995269,90.99673198666271,35.59267504249474,46.14974488410216,3.456885808634791,69.41579033127414,87.76607901092287,28.667901772067683,45.76628574498211,43.02335259209811,82.71005746432876,,62.950341285951986,92.9774496157327,17.922878111379315,18.147450420039647,27.084545212391518,,86.59069452256037,76.68596412605493,54.41433486678171,96.82669175114735,50.33642710149102,23.1313752268099,50.53870817629424,33.61137004859596,47.81074925220129,39.27145204251201,25.27621715570597,73.82975586322765,96.0201074495897,38.86478942030194,55.809329999892654,46.225279228505045,61.21515842319485,92.81057122424434,71.3700798908825,19.975824738232816,72.12974927759694,21.018448985085016,30.130921523067578,9.22322952544593,53.750175876421345,53.689636363414394,47.75401586294502,28.745842406572198,56.59128129979205,58.68798608286807,27.47633289100948,71.4306906024178,64.70096809905141,29.62408656351918,25.793536253091087,85.96034326890494,57.09737166205788,76.13953685727388,68.93070276375197,95.86638985077315,74.53305032401383,62.040960968750895,78.52389959088157,57.556946304257515,46.8410616751031,46.67937288345081,58.58325917424061,45.157121714702264,37.761193141446284,8.825318483386447,47.16433632242819,44.61652634034792,32.16208624365582,44.999960190266364,50.66979084634144,22.463611978760667,41.23698518304326,48.673949839092,6.593388501135644,43.299414774929566,39.9134173206128,26.24315698606643,15.926669912343506,72.67898490230328,33.89953740516254,41.505920125897624,43.00013917030782,22.766700740943424,85.82368915101,33.69201872764484,12.368748887095006,61.76572699486751,19.526988675928525,85.61011361966187,42.62007410073569,13.815668744640618,48.93834007323702,15.817367555426143,92.32423351053784,27.78016820471201,52.93997830876871,34.41716797652183,36.45181644741816,71.17510841656072,39.66401696148212,69.76754342847667,67.650841129782,1.4446710521150763,76.38545480621077,54.33367178476751,14.139747586977435,46.232477135029804,62.31865764803102,21.464150730925326,78.15747334913237,84.84942507232476,29.0609386858522,83.70960439281228,94.5402938383875,23.718933496588967,67.58258947615805,74.65140941812321,81.17629522360441,46.88401286688209,,2.664108558549505,9.435721826542798,27.6533039737747,69.10940414635472,73.88238927464728,76.96628578455883,83.0083121342291,15.92156194376596,48.333513331635636,22.360572350208095,5.734514696983972,75.1750492558876,72.02254855004948,20.917403278734838,16.260072731033993,64.79317786872323,74.68239876445311,26.683443251192006,96.71525077319316,11.073376880588482,28.506599521771705,21.299295285014573,18.179029833462135,42.87494968326126,40.95455751682159,85.9860658059167,91.56488854163574,51.23674573267052,22.11936399581884,14.165611415946078,34.71310020976268,45.189158199595234,42.95818753106764,6.919101360822388,46.931226732290945,2.005840882310872,46.26511817399942,74.24211987966942,75.36989801071803,31.94275581888466,4.188724731963767,4.722739159716294,84.71152635563512,58.01674045748535,80.25651564034379,55.72117267776966,87.1051304867341,62.644488766823045,20.599560241328252,76.80492595761757,41.12870846808674,81.35184357375704,27.81216014325356,,55.36907885461606,50.09648598648848
2022-01-01,22.257387478113742,60.35271559773601,79.3308941356353,1.875031744988065,25.88676775182568,52.733527617619714,4.481686761159798,23.511249312141167,97.26592804863705,48.46559526536445,15.321595958980083,78.37474709782526,78.3828243430714,50.534897665045484,9.099101411286203,54.79651454282355,12.65728495291979,16.840120363744393,53.043180405268366,94.18924223987906,23.672787502813954,52.11895407542204,33.180295956498625,4.345436717800633,68.75873536846804,10.006562220109416,70.39536544268297,45.84266437024517,98.96863660301243,4.817826759610789,6.1861014305549356,58.80417276989902,64.38347682352352,45.59029003934051,13.043342208431818,73.97703957381654,81.43691495130075,57.17501476177815,10.006737426521251,43.13820059617114,33.204524602029494,81.90906699062178,55.425990159253914,91.41626163066027,38.941605919979615,43.20099709205649,3.971029251757241,71.08275156918849,90.05931951810047,31.92983020559549,44.36898224990309,44.00959967540942,81.31236318255556,,59.80650175192872,92.30818375407762,17.4665896090908,16.361734760272228,27.498018571255244,,85.94669012922816,75.24490003344168,52.91464883330368,95.48582391452467,51.427138056340894,23.03176101551293,50.0846405243629,37.81712802622128,47.83904786768135,40.09847739246541,23.86966672556633,73.89357367849297,95.57629924960202,40.13401092663984,58.20078825182189,48.91909194587672,66.66837223474874,92.34052755641612,69.05341875364945,20.78312241772401,74.41979254539275,22.594286890670357,28.867540521007996,9.176239952271438,53.08303808011552,53.14025298503344,48.936504325051246,27.436488096273216,57.9931147515234,56.10361224160349,25.171997728841887,77.50916437554434,62.74356019611804,30.50737670671011,31.14355444468365,81.58629284788695,58.133301382747014,74.55255808120312,67.98931705684046,93.94717529206167,74.5543929996268,58.7049911033193,83.19280735410617,60.186205199009656,48.19119852479974,46.52510133022878,61.84918733142799,40.87789846818308,35.866756452383065,8.171672637975579,47.591751007211236,41.95361251178785,32.568898846824936,42.47075874659097,48.903763691880705,19.243473222534124,36.522191912924406,50.909372675844146,6.558389250773578,42.19993814645881,41.94678543579875,29.614855490199886,16.374215616581388,73.14273841424792,34.83084404513078,39.4399260054721,44.81214206279772,22.009266431573728,84.15387172751491,35.169178250193134,13.272724081354193,63.36044845590254,21.738705473799236,86.57472641249576,44.1437255596362,12.589561142739282,49.63195814537366,14.4962280197928,94.621440442009,21.504627269748312,57.133575919888656,35.525187844832494,37.0545862299086,73.4591481643997,39.52156818624455,65.75506678979227,63.99606019928732,1.4359841770450577,78.35609458212554,57.47177809737121,13.87972172477413,50.586716244581886,63.926268722798405,24.865738841089037,76.55376041307181,85.29185928227756,24.81160881408433,83.3060727750176,96.2841658160868,25.879402783126803,64.83416047707371,72.86936572849298,80.44031320898158,47.36503796482262,,2.648739909477804,9.214497907850216,21.790370054842146,70.0140371663974,75.33295014470889,76.10562121343247,85.43178205929419,16.432039151492404,47.86496240760175,24.146236229900165,6.69464579303678,70.33635155733084,72.18442223399263,21.090359783348568,15.203465588180443,63.54742832412224,77.34599509566283,27.665064936987516,96.7586913847185,11.783207334383604,27.74393652136925,20.64084334305064,17.147232333140593,42.357099348460636,40.55736708376369,82.72262766572422,88.35279401059653,50.44455706297859,21.175627597980196,14.645142445368254,38.09478985362187,44.46356920106953,42.460838905613485,6.815948964937013,45.67703674466753,1.9940316734171848,42.81094170923452,78.76740234469565,76.23442450660924,30.195345926284634,4.10354225520998,4.448155618756189,83.5694449484268,53.915536714522474,82.31606483575746,55.474581740995646,89.91363224274262,62.07394762304619,19.44060880062134,76.08182710279611,45.042990937907966,78.84066525189355,23.70438918010955,,55.67452770106138,49.82881646260212
2023-01-01,19.61914050710932,67.11190947023388,76.92933706158779,1.0326493548047266,27.373932136623047,51.22370689231239,4.2091192823142665,16.658644436008995,97.65905333720623,54.3933960266759,16.84373882142003,80.53289353846715,83.05969260904205,53.12401579361647,9.45205166809384,53.058093714644116,14.845793075139223,14.600923885035078,56.65339000164351,95.21106658661758,23.08013496335841,50.96818043732871,29.228707794325448,6.20829312472182,68.5609643718876,8.542303987526068,61.358212696533855,44.587773627534666,97.85424546728841,5.662530826708245,5.395097410784344,57.37253993502809,64.10375112865142,46.46836665275698,13.243656315390663,72.86906948714567,78.82868617732758,57.32216920143776,8.93698709975228,48.457557453463,31.515274244740176,81.16092140748445,54.32092098104453,92.8807289001541,40.911691140672815,41.51111412529147,3.070676146900597,65.22229623284646,90.544882479061,32.19998286947647,43.26685674447628,41.30153365337386,80.31601119363802,,62.700149565282445,87.35897494457198,20.11359303621958,15.707631793646604,31.806750763914195,,87.56927115581804,77.82527338474134,50.46445753059121,96.35368165430111,49.98691332198886,23.559406253784708,46.448781788662764,38.369333350701474,45.475832556505424,40.21825692312155,23.82897015682166,73.16778412538761,96.47888179246978,36.27288641825336,55.67230666712415,48.28145954832627,68.18487651230647,91.09649514672687,66.012347669973,21.635918024688515,77.40384955136285,21.34585269562893,38.133429245875575,9.801676688880079,55.21904496134804,55.91191933550306,49.25365082314516,32.52608493014175,58.20165568028279,57.88095553249739,24.295268167036742,78.99626903616323,63.83244598325013,32.91712671592313,33.65624737328597,83.6350616854951,62.709243096959796,73.04305722836108,67.60900982927272,92.88493376454166,75.32124949079623,64.33490225858026,86.3270633483717,57.58657013680511,54.43991001896764,48.21034554425216,62.91961785651803,43.405401035051824,34.508355359982666,8.423892798979061,47.12013319011107,40.528685371821936,35.63190163126417,45.07801093730569,48.773075335867524,20.97284993057218,42.19387289859662,53.160345155301634,5.919009344034665,42.30983737212824,43.7289037506912,33.649866546923725,15.734754651250714,73.46808210102051,37.781536764100544,44.06006888375261,46.944910249316685,25.958928613300202,84.64689045907353,41.616225243357775,13.136607409797296,63.0437270770692,21.360129582758614,87.15215631247747,45.60213001364166,13.915516816997009,54.251283033891795,13.4412759455092,91.51731189209742,25.781989327982345,56.80520424340647,41.62000957176919,40.31699037171261,71.31033879979991,43.786870870344295,64.6165920797288,59.814283361798836,1.7919825302613601,80.22205748467522,55.74479038814333,11.577698189625462,50.4612786131172,72.3624125020531,19.189427940796765,77.15523608578418,81.61603467045701,23.79292335618146,78.58076522369137,97.05770757754924,29.309279027523306,65.16088810974321,75.90132672833771,82.20852415496718,48.43994345653121,,5.663753753420031,11.90424375425071,23.371371020134536,67.88308988484016,79.75921887369876,78.09122097309343,83.10227446786325,14.647197832540847,46.60694120242634,22.17880921329285,11.32208056101881,73.77403073003023,74.69372386197533,23.279922090294637,17.88827455943103,60.59687638665747,81.89419148578195,29.4966104431848,97.19737246257219,11.70864794266594,21.421392253214798,22.093052615525487,19.10736358996813,43.17406773735992,40.75549878851228,82.05856871115151,85.1181841908857,49.099404491615395,20.92407590709149,16.8095466889832,41.63480498937032,47.01352826004975,41.69081286954652,6.4128746835264705,49.801920421101364,2.330212857024161,45.2734394136005,79.34489954085143,78.84361319616708,30.749925305774582,4.3592834680004415,4.672593014314696,84.83364774280241,52.95696843928233,84.14781403055208,58.28913137110294,93.02251300065801,66.74072136463636,17.970345167436886,81.27647272491146,44.6288018252164,77.1222668224301,25.563539690218605,,58.114298837938506,51.986635229006176
2024-01-01,21.969208792401474,68.57393071367541,76.04004670997988,1.0913932531018022,26.013117027435694,58.419881918880215,4.060122584454106,13.909614926135895,97.6479707479888,52.0825881387474,15.46453890568824,78.14809475737562,86.46191202476041,45.043736518829114,9.168194762656023,51.512545135161794,13.507689130940426,16.046560858283655,53.96673911473591,91.66673282673209,20.477702188838244,55.10756243233443,24.194768643249287,6.089395260449992,66.46551843270663,11.07996925953908,59.762564956985976,44.33330323410638,97.12868271739939,5.6367381514199515,7.279776217560885,54.42895061971189,62.439436920297034,43.54602138078341,13.93957103724861,69.54516252943526,79.96683956915986,56.03106241293303,8.974271637270615,44.35093063489839,32.33094870118036,79.23658639677241,47.8892953324812,95.03679284332365,46.65512476194601,34.74818727918547,2.7115793113529296,68.62491638652075,88.56353999569633,33.05264697429598,41.31208270133774,38.47176655211906,79.01515804421078,,63.89033100036381,88.28471758550934,22.133879678178214,14.046574804143908,37.46698765143118,,88.90674114162663,75.73595066326672,44.38371775584984,96.14517691991455,51.165078066417415,23.162831848396117,46.471341707052815,34.30454144345971,40.62588266877872,41.21351748579647,24.9827615405952,65.812086020096,95.557540388285,34.029770902986975,52.73494048620104,48.448546099478584,72.1369939336016,93.66559822594277,58.36415020018608,21.583771763904956,83.73188187504633,23.066462866083693,37.334109635437194,7.9575503704224175,55.48716883078069,59.91330451340673,45.51615971108266,32.15192559968452,58.492917317721925,59.61180471799861,28.000580894244152,76.10166767698308,65.93309823748524,30.051430621444585,35.9773648326677,79.65856455907672,62.6507400005488,67.73790586014069,68.88449742539613,91.60508204019764,71.2294821661168,60.7117954253767,88.61458870374224,64.80563411636366,47.919624543270714,48.246393813488844,63.77445166677893,40.623801195966735,37.4583886151234,10.116866359872944,42.166102567132135,39.61516158531941,35.258341991302025,39.9556906914538,49.18214868689871,19.181547187089866,40.874852978566366,49.8854605802422,4.865993268414249,43.340272332991326,42.38646797180853,30.35306419622783,15.518400642877106,72.84518328174912,36.623338212283215,42.90242998633561,45.783599901259095,25.758518122273856,84.00225752811282,42.08231915586348,10.734132545420561,61.60321930329895,19.15915413813043,89.99079971449522,49.33506573784842,13.597945072997152,48.54936068977488,13.112605213964246,91.78738151250197,26.150080699553047,61.73077659084862,43.18865902820246,44.32496958647165,68.7539579043259,48.565399066819616,65.98663273594845,64.48255133489612,2.218500995329875,82.59543780371823,54.39197303076071,10.715164158086743,49.599221500288834,68.32719218181289,17.140885755449997,79.1342800197618,79.2862400907263,24.694771258920067,77.84243793100215,95.95102345273449,27.438603321367694,57.35686664861337,76.8725643606061,81.24603450379826,47.40772661062954,,5.264735812274868,13.178327589812511,23.164297182352456,60.861393591637444,77.94072609138634,80.26459173624615,83.6843187449173,14.347012920951375,43.86985658792022,20.313832450841986,12.585485206502279,76.01589011215292,75.4103825634967,20.18708703395593,18.55918367968068,67.3160458677188,79.54554334142914,28.013793218409756,97.98441940885266,11.401067177226487,19.74746412291899,21.13103199952985,21.14365219285861,47.25430879585908,43.06987593156606,84.45750563406035,84.85865059901145,49.61959057751418,20.416850882843953,16.796682222673954,39.821301325917325,48.9541132175907,43.0313615988356,7.384623120777601,47.76357992067125,2.495112663596921,42.40344075898494,71.29587119738406,78.73708790099292,29.788250499748827,3.8813204129412138,4.294450753041268,82.22571934132468,51.85435967347636,82.41775012704056,60.37674547393994,92.73300898782838,67.04972111330638,13.977755199171614,80.50342281034628,40.098129069494746,77.9176568508838,27.134741592606826,,56.75381187532871,51.85847462675544
2025-01-01,20.461282656583922,69.50047951735054,78.05915443339497,1.0889897582056496,28.29136802463591,55.87625342863165,4.060104899676686,14.065899755715138,97.9937512666141,46.73691139558047,16.268582209121174,80.34638957195843,84.04107805109264,42.78549006672237,7.102027317054249,48.29949908591043,15.043121038691831,14.965499973809472,54.84294951743354,90.83723364292005,20.02904508569361,53.665302814311964,22.955818464629672,6.219364267069871,67.37569429659351,11.264909362758768,64.15414276345648,40.191076622143676,96.2748698007758,7.6773428456656685,6.0671242818390425,50.73401121456455,66.38315183543457,42.8451864179901,14.200340171034643,68.7517212554462,81.86689704289901,60.9237270906823,9.208379207187022,38.79710195888422,29.70125005762132,78.95075670207733,46.75959512167083,95.52471127517683,46.28364005240536,35.84678835424781,2.705951390224315,67.46108361935686,89.0592279232701,29.723760918513587,52.34691267962981,43.16051539261765,77.13507805551477,,69.20648211555043,88.86065413938367,20.918870829471203,13.26702946367524,40.73540605476778,,89.71980713635567,70.90173728461625,39.372374101761,96.63300090430563,45.201130069129405,23.126932121460698,45.82545208268862,33.283001346370256,41.87685551748179,48.54253616809191,18.378541023811536,62.27106881389264,95.48263994015429,33.98291993456803,52.31351749042281,54.39418893941686,71.59109087236382,92.77477518402357,65.90515930097385,21.471727603101176,81.8823051742153,25.15359749558037,37.8991823407423,7.942668885129001,55.42428984903176,58.97612969323465,42.068700135836814,33.51695059517495,58.97103608879106,56.58802741955557,28.666160974119837,73.67313154960101,68.16030366994231,26.727112071703285,37.27688986658294,78.68952534300048,61.054469283007975,71.00890767250492,70.291436209723,88.61141333423579,72.14892326963592,57.61431328365667,88.35498782486911,69.25943497550404,49.50854739688458,45.536173249041234,70.04080428719084,40.526544548058816,40.25322165450568,9.864400479265623,43.28863592146093,38.70472103519148,36.79786259472988,40.85054459694083,49.89952569129677,17.516249652562255,42.347294846919766,48.34833668650401,4.957264874373301,46.74706125410467,42.60135734071914,32.673749290400856,13.469164872879757,73.67881441580533,36.56172350877333,40.00364118058594,42.91658314620099,26.47117687240431,83.10145248732178,35.84813783880303,10.714850302897716,53.803538236977744,19.008625658184485,89.055148312867,47.76228966384749,13.68290979900042,45.34821325919389,13.915351886578819,92.9616465321766,28.330235216929665,65.04794066985926,38.99448222197584,48.97567134814731,73.49419323351212,44.652359932944485,64.998601557857,67.45579174725971,2.2138280661712972,90.45194761491098,52.73700242702579,10.535887071465355,52.37680224737029,69.57701971206458,17.626103312338415,82.78468556373626,77.80388760648958,26.070027316667765,77.82872503013284,95.64301778138936,27.856452100572515,53.45959558876012,73.5649751967573,82.70309222012898,44.11384759048191,,5.2544257595184,11.746949829080988,23.74970161378198,62.880265310052394,80.01849397514255,85.39755881095988,79.32675393024007,11.547101230328494,46.9058456105638,22.391747787550642,13.261943761992768,72.8537549476873,73.97034974843959,19.333123882647875,20.969113886521264,66.72820953433435,80.19048731134762,27.01841996881893,98.05030341738913,12.465555888271783,16.42192351799121,18.686783504851977,24.71161545578926,44.59275475421847,48.62210422429938,78.82653895507273,89.1729636787703,52.713064677030566,19.062171122047754,14.566221413625623,37.8703858375504,45.8993381439061,42.4318060284506,8.205632819974406,45.00692762574846,2.489901568336206,43.59374308832993,73.8325363069454,83.1477586575465,29.391454393193982,3.8779783728379758,4.236987667052228,79.767166535152,51.67118692519435,80.32870381637571,59.362376082877155,91.12194585786176,70.40496740162271,15.495330697954103,78.50365550408183,37.16912136547512,78.14355291461706,32.109573532136494,,53.6147150327877,50.333570411294474
2026-01-01,19.444246863933568,68.14394297266728,79.13497138287784,1.0373598406048123,28.01839861356691,56.293775202890096,4.097244032496028,14.019991152001642,97.92921949521556,45.98876042710977,17.28078725215734,81.04444623196075,84.50421662453255,43.05171560692378,6.633984900246559,48.02930734927605,15.02862729364317,15.013485485797883,56.06638164553577,91.84262460796872,19.0932158501374,52.39423799223577,23.94707248430602,6.024904020182065,65.35023298867502,11.72371846365351,65.56785812001542,38.828987769852006,96.28597038404568,8.44715664231055,6.044920738357495,52.1722703822767,64.45506018312027,42.00955490873128,14.878581834466287,69.12040180299958,81.44619034721143,59.96729183261884,8.776386393148815,38.20167114122051,29.619911138743937,78.00867883662795,47.415599682781775,95.08463764058845,45.99129616754954,35.755012977727986,2.6952988605760675,66.18068234877339,88.57657861879015,30.47117573956607,50.032502033442896,43.51878476613138,77.37760101798938,,69.09250499521853,89.21470119449394,20.855820816698177,13.318164851865733,39.80901271818424,,89.92031601788634,74.0642411060987,40.31504900443026,96.31935416659829,45.038676670036836,23.05890604959816,45.4068620214988,33.19534368712481,41.84606436244182,48.43841312146097,18.176791612784882,62.923590782260504,95.45511857275638,33.894104457692244,51.53865494152225,53.97930195456797,71.69855302458419,92.981755326047,65.33634550086236,22.523607913523524,81.37185596536513,23.298961346004575,37.8043564773936,7.285969840231232,52.68629856793701,57.56294012879286,41.32515749807564,33.56024461418576,59.94997462135918,56.8793848484878,28.052313464947186,73.76743521912854,67.53080478532765,26.644040620046848,38.242251682584374,80.14786669181943,62.14946323457158,72.1671723736423,70.70549141074413,88.58857918779513,74.68686329417291,55.95232304315574,88.79088921196606,68.64614338255,50.25328913451088,46.1472584483268,70.98368891223883,40.60160593552185,39.37637561929144,9.83038271050506,42.73942450707941,38.608758182775205,36.821905807740265,41.32968550254308,49.31704085011416,16.9228384212474,41.94673795101165,48.829536134981055,4.823713658316686,46.91203594697151,41.91170544715723,32.58711998545187,12.294212352200384,73.11305690543206,37.3181591766638,38.69249153850707,43.953610325437744,26.396100222817708,85.1971527494453,35.72566000982784,10.326712105403846,54.53825515104764,18.950090816183028,90.30724373153198,45.606751555158176,14.18643076213012,44.55467278909,13.869850146532892,92.52677466886546,28.87738333405099,64.29303842356921,39.09728305687291,47.81028016832537,78.32563413091849,44.54907577835794,63.11989544480958,67.27683190664257,2.2049836599101424,90.37790998190091,51.78043923845803,12.318773264813476,52.07655610390114,69.23770509225247,17.57096062177209,83.25246330679306,76.90025834895398,27.054994329748418,77.00538371712847,95.65220393314536,26.776730547595285,53.25233190161887,73.3922014450663,82.52569597673953,46.46168572311707,,5.234906466511413,11.84991020872237,23.680318501805488,62.270313302466974,80.4293829969191,84.40642889626163,77.33926570812308,11.508184164814095,46.48641929874064,22.745919101269084,13.684086249575367,71.18176602782533,73.37621314421466,17.447776058501418,20.90594776867437,65.36225979361758,79.58742360205765,26.942244661528214,97.85713297527252,12.42404333583156,16.668117140226446,17.84151418268676,23.53421172545317,44.55008305048705,48.650695766119426,79.88632257994553,89.08585690748825,51.90475094213098,19.00350701899717,14.518970444358681,37.76109583707631,45.4956548536067,42.36718808052326,8.17663860498623,47.32871485044967,2.480038249482719,42.4617410944087,73.10911512524648,84.15979498584646,29.310692890578103,3.863154854064077,4.57797025138057,78.6482490910845,51.56180535298742,79.5374309195188,59.2497739508143,91.07519906019986,70.02263680964998,15.58507034488491,78.96479354267399,37.34216020816237,76.52048222414663,32.02391350177187,,53.009731003917814,51.399633627158735
