date,Afghanistan,Albania,Algeria,American Samoa,Andorra,Angola,Anguilla,Antigua and Barbuda,Argentina,Armenia,Aruba,Australia,Austria,Azerbaijan,Bahamas,Bahrain,Bangladesh,Barbados,Belarus,Belgium,Belize,Benin,Bermuda,Bhutan,Bolivia,Bonaire,Bosnia and Herzegovina,Botswana,Brazil,British Virgin Islands,Brunei,Bulgaria,Burkina Faso,Burundi,Cambodia,Cameroon,Canada,Cape Verde,Cayman Islands,Central African Republic,Chad,Chile,China,Colombia,Comoros,Congo,Cook Islands,Costa Rica,Croatia,Cuba,Curacao,Cyprus,Czechia,Czechoslovakia,DR Congo,Denmark,Djibouti,Dominica,Dominican Republic,East Germany,Ecuador,Egypt,El Salvador,England,Equatorial Guinea,Eritrea,Estonia,Eswatini,Ethiopia,Faroe Islands,Fiji,Finland,France,French Guiana,Gabon,Gambia,Georgia,Germany,Ghana,Gibraltar,Greece,Grenada,Guadeloupe,Guam,Guatemala,Guinea,Guinea-Bissau,Guyana,Haiti,Honduras,Hong Kong,Hungary,Iceland,India,Indonesia,Iran,Iraq,Ireland,Israel,Italy,Ivory Coast,Jamaica,Japan,Jordan,Kazakhstan,Kenya,Kosovo,Kuwait,Kyrgyzstan,Laos,Latvia,Lebanon,Lesotho,Liberia,Libya,Liechtenstein,Lithuania,Luxembourg,Macau,Madagascar,Malawi,Malaysia,Maldives,Mali,Malta,Martinique,Mauritania,Mauritius,Mexico,Moldova,Mongolia,Montenegro,Montserrat,Morocco,Mozambique,Myanmar,Namibia,Nepal,Netherlands,New Caledonia,New Zealand,Nicaragua,Niger,Nigeria,North Korea,North Macedonia,Northern Ireland,Northern Mariana Islands,Norway,Oman,Pakistan,Palestine,Panama,Papua New Guinea,Paraguay,Peru,Philippines,Poland,Portugal,Puerto Rico,Qatar,Romania,Russia,Rwanda,Saarland,Samoa,San Marino,Sao Tome and Principe,Saudi Arabia,Scotland,Senegal,Serbia,Seychelles,Sierra Leone,Singapore,Sint Maarten,Slovakia,Slovenia,Solomon Islands,Somalia,South Africa,South Korea,South Sudan,Spain,Sri Lanka,St Kitts and Nevis,St Lucia,St Vincent and the Grenadines,Sudan,Suriname,Sweden,Switzerland,Syria,Tahiti,Taiwan,Tajikistan,Tanzania,Thailand,Timor-Leste,Togo,Tonga,Trinidad and Tobago,Tunisia,Turkey,Turkmenistan,Turks and Caicos Islands,US Virgin Islands,USA,Uganda,Ukraine,United Arab Emirates,Uruguay,Uzbekistan,Vanuatu,Venezuela,Vietnam,Wales,Yemen,Yugoslavia,Zambia,Zimbabwe
1872-01-01,,,,,,,,,,,,,,,,,,,,,,,,,,,,,,,,,,,,,,,,,,,,,,,,,,,,,,,,,,,,,,,,94.3621980108629,,,,,,,,,,,,,,,,,,,,,,,,,,,,,,,,,,,,,,,,,,,,,,,,,,,,,,,,,,,,,,,,,,,,,,,,,,,,,,,,,,,,,,,,,,,,,,,,,,,,,,,,,,91.41855432792127,,,,,,,,,,,,,,,,,,,,,,,,,,,,,,,,,,,,,,,,,,,,,,,,,,,
1873-01-01,,,,,,,,,,,,,,,,,,,,,,,,,,,,,,,,,,,,,,,,,,,,,,,,,,,,,,,,,,,,,,,,94.66218625807782,,,,,,,,,,,,,,,,,,,,,,,,,,,,,,,,,,,,,,,,,,,,,,,,,,,,,,,,,,,,,,,,,,,,,,,,,,,,,,,,,,,,,,,,,,,,,,,,,,,,,,,,,,91.0249004056041,,,,,,,,,,,,,,,,,,,,,,,,,,,,,,,,,,,,,,,,,,,,,,,,,,,
1874-01-01,,,,,,,,,,,,,,,,,,,,,,,,,,,,,,,,,,,,,,,,,,,,,,,,,,,,,,,,,,,,,,,,94.1109072126409,,,,,,,,,,,,,,,,,,,,,,,,,,,,,,,,,,,,,,,,,,,,,,,,,,,,,,,,,,,,,,,,,,,,,,,,,,,,,,,,,,,,,,,,,,,,,,,,,,,,,,,,,,91.73153625683562,,,,,,,,,,,,,,,,,,,,,,,,,,,,,,,,,,,,,,,,,,,,,,,,,,,
1875-01-01,,,,,,,,,,,,,,,,,,,,,,,,,,,,,,,,,,,,,,,,,,,,,,,,,,,,,,,,,,,,,,,,92.9714312394704,,,,,,,,,,,,,,,,,,,,,,,,,,,,,,,,,,,,,,,,,,,,,,,,,,,,,,,,,,,,,,,,,,,,,,,,,,,,,,,,,,,,,,,,,,,,,,,,,,,,,,,,,,92.98741354093684,,,,,,,,,,,,,,,,,,,,,,,,,,,,,,,,,,,,,,,,,,,,,,,,,,,
1876-01-01,,,,,,,,,,,,,,,,,,,,,,,,,,,,,,,,,,,,,,,,,,,,,,,,,,,,,,,,,,,,,,,,90.37940219035787,,,,,,,,,,,,,,,,,,,,,,,,,,,,,,,,,,,,,,,,,,,,,,,,,,,,,,,,,,,,,,,,,,,,,,,,,,,,,,,,,,,,,,,,,,,,,,,,,,,,,,,,,,95.11862018128909,,,,,,,,,,,,,,,,,,,,,,,,,,,,,,,,,,,,,,,,,,,,,,,86.0925515772573,,,,
1877-01-01,,,,,,,,,,,,,,,,,,,,,,,,,,,,,,,,,,,,,,,,,,,,,,,,,,,,,,,,,,,,,,,,87.98917287417585,,,,,,,,,,,,,,,,,,,,,,,,,,,,,,,,,,,,,,,,,,,,,,,,,,,,,,,,,,,,,,,,,,,,,,,,,,,,,,,,,,,,,,,,,,,,,,,,,,,,,,,,,,96.49484933784825,,,,,,,,,,,,,,,,,,,,,,,,,,,,,,,,,,,,,,,,,,,,,,,83.38831552490534,,,,
1878-01-01,,,,,,,,,,,,,,,,,,,,,,,,,,,,,,,,,,,,,,,,,,,,,,,,,,,,,,,,,,,,,,,,84.37674215389309,,,,,,,,,,,,,,,,,,,,,,,,,,,,,,,,,,,,,,,,,,,,,,,,,,,,,,,,,,,,,,,,,,,,,,,,,,,,,,,,,,,,,,,,,,,,,,,,,,,,,,,,,,97.90577932778729,,,,,,,,,,,,,,,,,,,,,,,,,,,,,,,,,,,,,,,,,,,,,,,72.85564789187613,,,,
1879-01-01,,,,,,,,,,,,,,,,,,,,,,,,,,,,,,,,,,,,,,,,,,,,,,,,,,,,,,,,,,,,,,,,86.05118643278811,,,,,,,,,,,,,,,,,,,,,,,,,,,,,,,,,,,,,,,,,,,,,,,,,,,,,,,,,,,,,,,,,,,,,,,,,,,,,,,,,,,,,,,,,,,,,,,,,,,,,,,,,,97.33217875050461,,,,,,,,,,,,,,,,,,,,,,,,,,,,,,,,,,,,,,,,,,,,,,,73.51929042014855,,,,
1880-01-01,,,,,,,,,,,,,,,,,,,,,,,,,,,,,,,,,,,,,,,,,,,,,,,,,,,,,,,,,,,,,,,,88.23374904145622,,,,,,,,,,,,,,,,,,,,,,,,,,,,,,,,,,,,,,,,,,,,,,,,,,,,,,,,,,,,,,,,,,,,,,,,,,,,,,,,,,,,,,,,,,,,,,,,,,,,,,,,,,96.3733993658835,,,,,,,,,,,,,,,,,,,,,,,,,,,,,,,,,,,,,,,,,,,,,,,73.79520011496466,,,,
1881-01-01,,,,,,,,,,,,,,,,,,,,,,,,,,,,,,,,,,,,,,,,,,,,,,,,,,,,,,,,,,,,,,,,83.79248319483051,,,,,,,,,,,,,,,,,,,,,,,,,,,,,,,,,,,,,,,,,,,,,,,,,,,,,,,,,,,,,,,,,,,,,,,,,,,,,,,,,,,,,,,,,,,,,,,,,,,,,,,,,,98.07881497062296,,,,,,,,,,,,,,,,,,,,,,,,,,,,,,,,,,,,,,,,,,,,,,,76.56535082093178,,,,
1882-01-01,,,,,,,,,,,,,,,,,,,,,,,,,,,,,,,,,,,,,,,,,,,,,,,,,,,,,,,,,,,,,,,,85.38926877447304,,,,,,,,,,,,,,,,,,,,,,,,,,,,,,,,,,,,,,,,,,,,,,,,,,,,,,,,,,,,,,,,,,,,,,,,,,,,,,,,,,,54.0178228886911,,,,,,,,,,,,,,,,,,,,,,,97.57364999375447,,,,,,,,,,,,,,,,,,,,,,,,,,,,,,,,,,,,,,,,,,,,,,,78.01322457222004,,,,
1883-01-01,,,,,,,,,,,,,,,,,,,,,,,,,,,,,,,,,,,,,,,,,,,,,,,,,,,,,,,,,,,,,,,,86.40197008817383,,,,,,,,,,,,,,,,,,,,,,,,,,,,,,,,,,,,,,,,,,,,,,,,,,,,,,,,,,,,,,,,,,,,,,,,,,,,,,,,,,,51.50746203867331,,,,,,,,,,,,,,,,,,,,,,,97.1956879719154,,,,,,,,,,,,,,,,,,,,,,,,,,,,,,,,,,,,,,,,,,,,,,,71.93976210816575,,,,
1884-01-01,,,,,,,,,,,,,,,,,,,,,,,,,,,,,,,,,,,,,,,,,,,,,,,,,,,,,,,,,,,,,,,,90.79386583271321,,,,,,,,,,,,,,,,,,,,,,,,,,,,,,,,,,,,,,,,,,,,,,,,,,,,,,,,,,,,,,,,,,,,,,,,,,,,,,,,,,,38.58382169870944,,,,,,,,,,,,,,,,,,,,,,,94.83041415941766,,,,,,,,,,,,,,,,,,,,,,,,,,,,,,,,,,,,,,,,,,,,,,,69.32609673948906,,,,
1885-01-01,,,,,,,,,,,,,,,,,,,,,,,,,,,,,,,,,,,,,69.10338885274803,,,,,,,,,,,,,,,,,,,,,,,,,,,88.1686917655476,,,,,,,,,,,,,,,,,,,,,,,,,,,,,,,,,,,,,,,,,,,,,,,,,,,,,,,,,,,,,,,,,,,,,,,,,,,,,,,,,,,43.3732427711046,,,,,,,,,,,,,,,,,,,,,,,96.40608711696974,,,,,,,,,,,,,,,,,,,,,,,,,,,,,,,,,,,,,,59.55580253125996,,,,,,,,,74.08939041412415,,,,
1886-01-01,,,,,,,,,,,,,,,,,,,,,,,,,,,,,,,,,,,,,66.83317807701934,,,,,,,,,,,,,,,,,,,,,,,,,,,90.86493935484478,,,,,,,,,,,,,,,,,,,,,,,,,,,,,,,,,,,,,,,,,,,,,,,,,,,,,,,,,,,,,,,,,,,,,,,,,,,,,,,,,,,42.989816590626994,,,,,,,,,,,,,,,,,,,,,,,94.7792571316636,,,,,,,,,,,,,,,,,,,,,,,,,,,,,,,,,,,,,,61.531070201630776,,,,,,,,,73.98874008268864,,,,
1887-01-01,,,,,,,,,,,,,,,,,,,,,,,,,,,,,,,,,,,,,67.91614886244102,,,,,,,,,,,,,,,,,,,,,,,,,,,91.42103789041464,,,,,,,,,,,,,,,,,,,,,,,,,,,,,,,,,,,,,,,,,,,,,,,,,,,,,,,,,,,,,,,,,,,,,,,,,,,,,,,,,,,51.66904313074097,,,,,,,,,,,,,,,,,,,,,,,94.36024973208109,,,,,,,,,,,,,,,,,,,,,,,,,,,,,,,,,,,,,,62.62641849932549,,,,,,,,,69.2556473167566,,,,
1888-01-01,,,,,,,,,,,,,,,,,,,,,,,,,,,,,,,,,,,,,66.49902328539548,,,,,,,,,,,,,,,,,,,,,,,,,,,93.89816383030852,,,,,,,,,,,,,,,,,,,,,,,,,,,,,,,,,,,,,,,,,,,,,,,,,,,,,,,,,,,,,,,,,,,,,,,,,,,,,,,,,,,45.30486705758634,,,,,,,,,,,,,,,,,,,,,,,91.98544315712108,,,,,,,,,,,,,,,,,,,,,,,,,,,,,,,,,,,,,,62.00477658966841,,,,,,,,,73.07040972907153,,,,
1889-01-01,,,,,,,,,,,,,,,,,,,,,,,,,,,,,,,,,,,,,67.83401170032968,,,,,,,,,,,,,,,,,,,,,,,,,,,92.56846363400835,,,,,,,,,,,,,,,,,,,,,,,,,,,,,,,,,,,,,,,,,,,,,,,,,,,,,,,,,,,,,,,,,,,,,,,,,,,,,,,,,,,47.6515883444492,,,,,,,,,,,,,,,,,,,,,,,93.37693829724151,,,,,,,,,,,,,,,,,,,,,,,,,,,,,,,,,,,,,,63.35348577024909,,,,,,,,,75.77684724561793,,,,
1890-01-01,,,,,,,,,,,,,,,,,,,,,,,,,,,,,,,,,,,,,65.4678855739351,,,,,,,,,,,,,,,,,,,,,,,,,,,93.62132425870014,,,,,,,,,,,,,,,,,,,,,,,,,,,,,,,,,,,,,,,,,,,,,,,,,,,,,,,,,,,,,,,,,,,,,,,,,,,,,,,,,,,44.60830503306282,,,,,,,,,,,,,,,,,,,,,,,92.30170230927132,,,,,,,,,,,,,,,,,,,,,,,,,,,,,,,,,,,,,,60.9669177838355,,,,,,,,,71.54646716981195,,,,
1891-01-01,,,,,,,,,,,,,,,,,,,,,,,,,,,,,,,,,,,,,68.72611709196485,,,,,,,,,,,,,,,,,,,,,,,,,,,94.20936836976779,,,,,,,,,,,,,,,,,,,,,,,,,,,,,,,,,,,,,,,,,,,,,,,,,,,,,,,,,,,,,,,,,,,,,,,,,,,,,,,,,,,58.91099622903069,,,,,,,,,,,,,,,,,,,,,,,91.61064177350194,,,,,,,,,,,,,,,,,,,,,,,,,,,,,,,,,,,,,,64.25802528586917,,,,,,,,,70.81603399283951,,,,
1892-01-01,,,,,,,,,,,,,,,,,,,,,,,,,,,,,,,,,,,,,68.9720291400485,,,,,,,,,,,,,,,,,,,,,,,,,,,95.5837261935647,,,,,,,,,,,,,,,,,,,,,,,,,,,,,,,,,,,,,,,,,,,,,,,,,,,,,,,,,,,,,,,,,,,,,,,,,,,,,,,,,,,61.840616934814285,,,,,,,,,,,,,,,,,,,,,,,89.65514312578978,,,,,,,,,,,,,,,,,,,,,,,,,,,,,,,,,,,,,,64.5078370930643,,,,,,,,,67.4522965864309,,,,
1893-01-01,,,,,,,,,,,,,,,,,,,,,,,,,,,,,,,,,,,,,66.0235381695908,,,,,,,,,,,,,,,,,,,,,,,,,,,95.2049148776154,,,,,,,,,,,,,,,,,,,,,,,,,,,,,,,,,,,,,,,,,,,,,,,,,,,,,,,,,,,,,,,,,,,,,,,,,,,,,,,,,,,59.37059422385404,,,,,,,,,,,,,,,,,,,,,,,90.25042646041396,,,,,,,,,,,,,,,,,,,,,,,,,,,,,,,,,,,,,,61.52578001208655,,,,,,,,,57.60705885280875,,,,
1894-01-01,,,,,,,,,,,,,,,,,,,,,,,,,,,,,,,,,,,,,68.20049588985684,,,,,,,,,,,,,,,,,,,,,,,,,,,95.25069166953142,,,,,,,,,,,,,,,,,,,,,,,,,,,,,,,,,,,,,,,,,,,,,,,,,,,,,,,,,,,,,,,,,,,,,,,,,,,,,,,,,,,62.8767097455808,,,,,,,,,,,,,,,,,,,,,,,90.1810502502581,,,,,,,,,,,,,,,,,,,,,,,,,,,,,,,,,,,,,,63.72475566321254,,,,,,,,,62.229417410083165,,,,
1895-01-01,,,,,,,,,,,,,,,,,,,,,,,,,,,,,,,,,,,,,69.70900483570986,,,,,,,,,,,,,,,,,,,,,,,,,,,96.2671951024436,,,,,,,,,,,,,,,,,,,,,,,,,,,,,,,,,,,,,,,,,,,,,,,,,,,,,,,,,,,,,,,,,,,,,,,,,,,,,,,,,,,61.95245400824061,,,,,,,,,,,,,,,,,,,,,,,88.44135227280134,,,,,,,,,,,,,,,,,,,,,,,,,,,,,,,,,,,,,,65.25774800668897,,,,,,,,,69.26244805013488,,,,
1896-01-01,,,,,,,,,,,,,,,,,,,,,,,,,,,,,,,,,,,,,68.50537775901398,,,,,,,,,,,,,,,,,,,,,,,,,,,96.50293981274545,,,,,,,,,,,,,,,,,,,,,,,,,,,,,,,,,,,,,,,,,,,,,,,,,,,,,,,,,,,,,,,,,,,,,,,,,,,,,,,,,,,60.59236650820785,,,,,,,,,,,,,,,,,,,,,,,87.97259792056035,,,,,,,,,,,,,,,,,,,,,,,,,,,,,,,,,,,,,,64.03396049383501,,,,,,,,,66.03104620332702,,,,
1897-01-01,,,,,,,,,,,,,,,,,,,,,,,,,,,,,,,,,,,,,68.86168181963063,,,,,,,,,,,,,,,,,,,,,,,,,,,95.87662588487495,,,,,,,,,,,,,,,,,,,,,,,,,,,,,,,,,,,,,,,,,,,,,,,,,,,,,,,,,,,,,,,,,,,,,,,,,,,,,,,,,,,61.206653472134384,,,,,,,,,,,,,,,,,,,,,,,89.1590436517488,,,,,,,,,,,,,,,,,,,,,,,,,,,,,,,,,,,,,,64.39571431711558,,,,,,,,,67.45961312888768,,,,
1898-01-01,,,,,,,,,,,,,,,,,,,,,,,,,,,,,,,,,,,,,68.93362283995921,,,,,,,,,,,,,,,,,,,,,,,,,,,96.19131043224071,,,,,,,,,,,,,,,,,,,,,,,,,,,,,,,,,,,,,,,,,,,,,,,,,,,,,,,,,,,,,,,,,,,,,,,,,,,,,,,,,,,63.2869980506785,,,,,,,,,,,,,,,,,,,,,,,88.58627234514316,,,,,,,,,,,,,,,,,,,,,,,,,,,,,,,,,,,,,,64.46880812088737,,,,,,,,,64.7974822721032,,,,
1899-01-01,,,,,,,,,,,,,,,,,,,,,,,,,,,,,,,,,,,,,65.21630104551002,,,,,,,,,,,,,,,,,,,,,,,,,,,94.85406551112374,,,,,,,,,,,,,,,,,,,,,,,,,,,,,,,,,,,,,,,,,,,,,,,,,,,,,,,,,,,,,,,,,,,,,,,,,,,,,,,,,,,56.03218323907271,,,,,,,,,,,,,,,,,,,,,,,90.76075987150818,,,,,,,,,,,,,,,,,,,,,,,,,,,,,,,,,,,,,,60.714192891600135,,,,,,,,,57.27701548385029,,,,
1900-01-01,,,,,,,,,,,,,,,,,,,,,,,,,,,,,,,,,,,,,67.28202289753658,,,,,,,,,,,,,,,,,,,,,,,,,,,93.2785333566608,,,,,,,,,,,,,,,,,,,,,,,,,,,,,,,,,,,,,,,,,,,,,,,,,,,,,,,,,,,,,,,,,,,,,,,,,,,,,,,,,,,57.043339810781355,,,,,,,,,,,,,,,,,,,,,,,92.67276654058298,,,,,,,,,,,,,,,,,,,,,,,,,,,,,,,,,,,,,,62.7951241903258,,,,,,,,,63.160579794052516,,,,
1901-01-01,,,,,,,,,,,,,,,,,,,,,,,,,,,,,,,,,,,,,66.19408025381743,,,,,,,,,,,,,,,,,,,,,,,,,,,92.73939297000176,,,,,,,,,,,,,,,,,,,,,,,,,,,,,,,,,,,,,,,,,,,,,,,,,,,,,,,,,,,,,,,,,,,,,,,,,,,,,,,,,,,52.662248643380984,,,,,,,,,,,,,,,,,,,,,,,93.21480661595751,,,,,,,,,,,,,,,,,,,,,,,,,,,,,,,,,,,,,,61.697499832232275,,,,,,,,,62.51572929748659,,,,
1902-01-01,,,,,,,,,98.17647474599327,,,,83.44242294320064,,,,,,,,,,,,,,,,,,,,,,,,47.258573873340815,,,,,,,,,,,,,,,,,,,,,,,,,,,76.20099716763409,,,,,,,,,,,,,,,,,,,,,,,,,,,,64.50053549711802,,,,,,,,,,,,,,,,,,,,,,,,,,,,,,,,,,,,,,,,,,,,,,,,,,,,,,,38.638579174704425,,,,,,,,,,,,,,,,,,,,,,,80.24453288337962,,,,,,,,,,,,,,,,,,,,,,,,,,,,,,,,,,,,,,43.108713469298785,,,,78.69730771504089,,,,,41.83483824681491,,,,
1903-01-01,,,,,,,,,97.75342097169967,,,,86.73319059991327,,,,,,,,,,,,,,,,,,,,,,,,54.764146199868605,,,,,,,,,,,,,,,,,79.83298194560271,,,,,,,,,,80.43124098120897,,,,,,,,,,,,,,,,,,,,,,,,,,,,77.19053891040947,,,,,,,,,,,,,,,,,,,,,,,,,,,,,,,,,,,,,,,,,,,,,,,,,,,,,,,51.245341367155326,,,,,,,,,,,,,,,,,,,,,,,82.939099179716,,,,,,,,,,,,,,,,,,,,,,,,,,,,,,,,,,,,,,50.371067339251184,,,,91.61514857978636,,,,,50.20469103556528,,,,
1904-01-01,,,,,,,,,98.2199594930594,,,,83.49203904617261,,,,,,,74.03041476289243,,,,,,,,,,,,,,,,,56.733136779856764,,,,,,,,,,,,,,,,,81.53824675041412,,,,,,,,,,82.85650464743904,,,,,,,,,79.25522614141003,,,,,,,,,,,,,,,,,,,83.68700263761207,,,,,,,,,,,,,,,,,,,,,,,,,,,,,,,,,,,,,,,,,,,,,,,,,,,,,,,55.212174454002906,,,,,,,,,,,,,,,,,,,,,,,80.22851123506388,,,,,,,,,,,,,,,,,,,,,,,,,,,,,,,,,,,,,,52.29776158573847,,,,92.71476007825943,,,,,54.20350660614817,,,,
1905-01-01,,,,,,,,,97.37366380429509,,,,85.9826997816013,,,,,,,76.94064154772738,,,,,,,,,,,,,,,,,58.415202041554636,,,,,,,,,,,,,,,,,82.93997012139029,,,,,,,,,,82.47359243619636,,,,,,,,,67.6984925825312,,,,,,,,,,,,,,,44.02419351940624,,,,83.92436522580078,,,,,,,,,,,,,,,,,,,,,,,,,,,,,,,,,,,,,,,,,,,,,,,89.24381541482576,,,,,,,,57.14373345471613,,,,,,,,,,,,,,,,,,,,,,,80.26229172661978,,,,,,,,,,,,,,,,,,,,,,76.07356300964483,,,,,,,,,,62.49642820654604,,,,,,53.95128582452644,,,,95.80699879003046,,,,,59.89006314807372,,,,
1906-01-01,,,,,,,,,98.52802381940512,,,,84.43926670573757,,,,,,,89.43190956677654,,,,,,,,,,,,,,,,,58.52045553022718,,,,,,,,,,,,,,,,,82.69452583363129,,,,,,,,,,85.14877267651256,,,,,,,,,58.96721315330951,,,,,,,,,,,,,,,44.12033948071694,,,,85.60724267144045,,,,,,,,,,,,,,,,,,,,,,,,,,,,,,,,,,,,,,,,,,,,,,,80.1836934294572,,,,,,,,55.239492208938515,,,,,,,,,,,,,,,,,,,,,,,78.03576078616412,,,,,,,,,,,,,,,,,,,,,,76.17087224390124,,,,,,,,,,62.60197828512535,,,,,,54.0549921378533,,,,93.76679076907317,,,,,62.29802901505759,,,,
1907-01-01,,,,,,,,,98.79002708352182,,,,84.83637764471553,,,,,,,85.6481815323946,,,,,,,,,,,,,,,,,59.9954943086159,,,,,,,,,,,,,,,,,83.52303395244533,,,,,,,,,,83.19575736392504,,,,,,,,,67.14934676077544,,,,,,,,,,,,,,,45.47616475311644,,,,87.3819273993386,,,,,,,,,,,,,,,,,,,,,,,,,,,,,,,,,,,,,,,,,,,,,,,83.94734634125781,,,,,,,,56.21800785486848,,,,,,,,,,,,,,,,,,,,,,,79.64250205713587,,,,,,,,,,,,,,,,,,,,,,77.51977359155478,,,,,,,,,,64.07810830072019,,,,,,55.51137900281455,,,,94.4583344382022,,,,,68.12060648051657,,,,
1908-01-01,,,,,,,,,96.26931161978976,,,,71.47968590867411,,,,,,,79.17098000276535,,,,,,,,,,,,,,,,,56.0638858927041,,,,,,,,,,,,,,,,,72.90487085650363,,92.46030931207622,,,,,,,,91.32512863746133,,,,,,,,,56.025108836349546,,,,,68.48299265760454,,,,,,,,,,41.89650016050518,,,,77.38903596271236,,,,,,,,,,,,,,,,,,,,,,,,,,,,,,,,,,,,,,,,,,,,,,,87.69442886096563,,,,,,,,49.88140542904907,,61.33392023608113,,,,,,,,,,,,,,,,,,,,,79.14402987876507,,,,,,,,,,,,,,,,,,,,,76.2677573290632,69.97573284281646,,,,,,,,,,60.13106638573274,,,,,,51.641829014921605,,,,95.31760353451347,,,,,56.7637315027913,,,,
1909-01-01,,,,,,,,,96.73609523237194,,,,66.66268276778365,,,,,,,74.92152180292719,,,,,,,,,,,,,,,,,54.620106958489664,,,,,,,,,,,,,,,,,71.50195224215317,,91.64603592619152,,,,,,,,92.57620525425445,,,,,,,,,54.47646995169195,,,,,70.73999139481282,,,,,,,,,,40.60855166489169,,,,70.13563101204947,,,,,,,,,,,,,,,,,,,,,,,,,,,,,,,,,,,,,,,,,,,,,,,89.16120360913325,,,,,,,,46.062158439369114,,59.87284717927444,,,,,,,,,,,,,,,,,,,,,77.32931520486922,,,,,,,,,,,,,,,,,,,,,74.91192670979538,67.71059958648785,,,,,,,,,,58.671776736724325,,,,,,50.23048892559139,,,,93.36023637463387,,,,,59.16389376122866,,,,
1910-01-01,,,,,,,,,94.77230502462626,,,,64.72731025617516,,,,,,,76.0484423582748,,,,,,,,,,,,,,,,,53.59917307702915,,,,,83.70236467746228,,,,,,,,,,,,71.78653579481016,,91.03885361718599,,,,,,,,88.8502141321022,,,,,,,,,49.40116633956689,,,,,68.47917197709658,,,,,,,,,,39.70599353830912,,,,72.15830484145404,,,,,,,,62.386900280038596,,,,,,,,,,,,,,,,,,,,,,,,,,,,,,,,,,,,,,,89.75007754102597,,,,,,,,48.211027399731336,,50.09677414814493,,,,,,,,,,,,,,77.21909600172951,,,,,,,76.15845048708037,,,,,,,,,,,,,,,,,,,,,78.71360498266664,64.00693773207804,,,,,,,,,,57.6367925738198,,,,,,49.235489226121246,,,,97.69399315495355,,,,,60.99249779807281,,,,
1911-01-01,,,,,,,,,96.23979005433037,,,,69.96501641709854,,,,,,,77.87102347247405,,,,,,,,,,,,,,,,,56.006757575386246,,,,,85.60485385726156,,,,,,,,,,,,74.11574916518393,,92.42906414574496,,,,,,,,88.63231387978375,,,,,,,,62.93331654277286,51.82842844886497,,,,,69.80066210156794,,,,,,,,,,41.845275324810714,,,,79.36497425373084,,,,,,,,59.23816958021777,,,,,,,,,,,,,,,,,,56.33627266900254,,,,,,,,,,,,,,,,,,,,,92.4152438322871,,,,,,,,52.23908671375324,,51.76841925317299,,,,,,,,,,,,,,79.40124634925084,,,,,,,78.87247812507503,,,,,,,,,,,,,,,,,,,,,82.37640899086762,61.23373646337355,,,,,,,,,,60.07342258056947,,,,,,51.58588846363248,,,,97.97800399089843,,,,,63.88748479605781,,,,
1912-01-01,,,,,,,,,94.69176737686098,,,,71.14234298575735,,,,,,,77.34191300508094,,,,,,,,,,,,,,,,,53.63808662147515,,,,,83.73410227290059,,,,,,,,,,,,71.82475768907905,,95.7568306925939,,,,,,,,89.18943305658934,,,,,,,,51.10723871726357,54.46506103248083,,,,,73.94131886319065,,,,,,,,,,39.7402731148057,,,,85.27053743714337,,,,,,,,52.971568518936564,,,,,,,,,,,,,,,,,,53.96444267605312,,,,,,,,,,,,,,,,,,,,,90.76522119944134,,,,,,,,48.67636990615788,,45.31618511325258,,,,,,,,,,,,,,34.674176494551666,,,,,,,78.09095970763501,,,,,,,,,,,,,,,,,,,,,75.13311961208984,52.18685435824506,,,,,,,,,,57.676287892203646,,,,,,49.273369471673824,,,,97.77810804078449,,,,,58.428548914314995,,,,
1913-01-01,,,,,,,,,96.36738149319326,,,,70.03827809115037,,,,,,,78.29818936966572,,,,,,,,,,,,,,,,,52.805789055704345,,,,,81.20143965147037,75.80151032910865,,,,,,,,,,,71.0031623048233,,98.8065999548995,,,,,,,,84.87915958897933,,,,,,,,50.28715495821141,59.71442657768995,,,,,69.82936127677837,,,,,,,,,,39.009168609944325,,,,84.93214889244351,,,,,,,,53.62596028914568,,,,,,,,,,,,,,,,,,37.646587446781176,,,,,,,,,,,,,,,,,,,,,88.40787048709154,,,,,,,,49.95027325752074,,41.07996656325608,,,,,,,,78.31602153912463,,,,,,33.782675703960976,,,,,,,76.60405481399104,,,,,,,,,,,,,,,,,,,,,69.9324545469739,52.59623796349773,,,,,,,,,,56.830755136897395,,,,,,48.46393808988053,,,,96.07599650474708,,,,,60.719998692601564,,,,
1914-01-01,,,,,,,,,95.2519823934325,,,,69.1271800262256,,,,,,,74.30794434178087,,,,,,,,,95.55952482917496,,,,,,,,50.308333279221195,,,,,78.96876255087956,73.38451863512383,,,,,,,,,,,68.4866243216717,,97.70432411066226,,,,,,,,77.12440844366297,,,,,,,,49.82457908804692,55.19917096790656,,,,,69.1055897743649,,,,,,,,,,36.840950775437875,,,,81.24662796225414,,,,,,,,53.34298350451703,,,,,,,,,,,,,,,,,,40.34524922493266,,,,,,,,,,,,,,,,,,,,,86.4786098114426,,,,,,,,55.57225974722919,,35.539704694043415,,,,,,,,75.97423929870757,,,,,,35.318851786058744,,,,,,,74.08661131946693,,,,,,,,,,,,,,,,,,,,,66.73583394356393,50.40603976542979,,,,,,,,,,54.28376069988261,,,,,,46.04455435217706,,,,95.05642137564455,,,,,55.77372144011032,,,,
1915-01-01,,,,,,,,,95.65266595274177,,,,71.86495941882197,,,,,,,75.13040226801307,,,,,,,,,95.89705937393322,,,,,,,,51.15479253638902,,,,,79.73968725566377,74.769168760875,,,,,,,,,,,69.34811578276194,,96.9984726035888,,,,,,,,77.91813388130836,,,,,,,,50.66828009031956,56.06719360956631,,,,,69.96411666882298,,,,,,,,,,37.571595357582495,,,,80.41731903804703,,,,,,,,55.109402205141265,,,,,,,,,,,,,,,,,,41.11358148920714,,,,,,,,,,,,,,,,,,,,,87.1166432218888,,,,,,,,56.44144073438249,,38.672989757940556,,,,,,,,76.23945126281441,,,,,,36.031533200088816,,,,,,,74.91103611387346,,,,,,,,,,,,,,,,,,,,,68.33189974680838,50.41069706574481,,,,,,,,,,55.14864270275921,,,,,,46.862985779448266,,,,95.354155822807,,,,,56.64349836830765,,,,
1916-01-01,,,,,,,,,97.42975958277327,,,,76.05365528066919,,,,,,,77.0610969944295,,,,,,,,,94.56228596286307,,,,,,,,53.19252346061498,,,,,75.16310522050766,76.70843871629573,,,,,,,,,,,71.38599053356079,,95.34211900418632,,,,,,,,79.77328304734365,,,,,,,,52.70016168634832,58.1482814610826,,,,,71.99346512610458,,,,,,,,,,39.34834159796985,,,,80.33992503484264,,,,,,,,57.18433050964404,,,,,,,,,,,,,,,,,,42.97730161797176,,,,,,,,,,,,,,,,,,,,,88.57833586373067,,,,,,,,58.5246247267879,,40.38701917077876,,,,,,,,78.14211794707391,,,,,,37.76645609744862,,,,,,,76.8469702153646,,,,,,,,,,,,,,,,,,,,,73.57025109343924,52.43937131423508,,,,,,,,,,57.22384565932281,,,,,,58.97214478162074,,,,95.57350631119198,,,,,58.7277408729588,,,,
1917-01-01,,,,,,,,,96.87740337958621,,,,69.95695143608849,,,,,,,75.00127450757415,,,,,,,,,91.48210149389587,,,,,,,,51.021075001315765,,,,,66.22479558931968,89.79683423954921,,,,,,,,,,,69.21260587873095,,93.5158020978929,,,,,,,,77.79364997948342,,,,,,,,50.53498560096288,55.93020709279142,,,,,69.82909771551999,,,,,,,,,,37.45588864351027,,,,81.09957133466618,,,,,,,,54.972906393580544,,,36.46042924357755,,,,,,,,,,,,,,,40.99198089319851,,,,,,,,,,,,,,,,,,,,,87.01706690793706,,,,,,,,56.304282376021256,,39.93510556620185,,,,,,,,84.16168546394785,,,,,,35.91864161721902,,,,,,,74.78158936541132,,,,,,,,,,,,,,,,,,,,,71.85641823410262,51.88353428542205,,,,,,,,,,55.01212535965252,,,,,,56.74934856014464,,,,96.20255968300575,,,,,56.5062519231389,,,,
1918-01-01,,,,,,,,,97.20132527527284,,,,69.01181800415573,,,,,,,75.55654750466964,,,,,,,,,91.82371100995135,,,,,,,,51.5983059626772,,,,,66.81625403071646,90.17392421040593,,,,,,,,,,,69.79600658710007,,91.84386402186657,,,,,,,,78.32859700670632,,,,,,,,51.11042464960158,56.521178398930005,,,,,70.41031846025251,,,,,,,,,,37.95614215479688,,,,82.76313247392834,,,,,,,,55.56183525578715,,,36.952928591285314,,,,,,,,,,,,,,,41.51751482627748,,,,,,,,,,,,,,,,,,,,,87.4436696569118,,,,,,,,56.895965419434205,,45.306561852628015,,,,,,,,84.6298094514021,,,,,,36.40680412973133,,,,,,,75.33826144548902,,,,,,,,,,,,,,,,,,,,,70.86674404282815,52.942575752023814,,,,,,,,,,55.601144094378796,,,,,,57.34181451537745,,,,96.30688037400704,,,,,57.09829888457663,,,,
1919-01-01,,,,,,,,,97.4505536745726,,,,73.16174187543862,,,,,,,76.79478235373323,,,,,,,,,96.58755947437444,,,,,,,,56.5213535222781,,,,,65.55427326027737,90.3119740002933,,,,,,,,,,,82.55918106553194,,90.07107404970351,,,,,,,,79.04526760408092,,,,,,,,55.7485098855359,70.33881995652543,,,,,72.56348429058902,,,26.723858849188165,,,,,,,39.86070299987925,,,,82.9102005369161,,,,,,,,71.63215576186286,,,38.82922205668209,,,,,,,,,,,,,,,43.513507576432595,,,,,,,,,,,,,,,,,,,,,85.03096784404389,,,,,,,,60.53347186771498,,56.653701431445654,,,,,,84.50226989468891,,87.84472114338784,,,,,33.30779622485147,38.267249654275744,,,,,,,77.38740025219141,,,,,,,,,,,,,,,,,,,,,71.94930209072557,55.133815142798404,,,,,,,,,,57.81492499367147,,,,,,42.325880674932506,,,,97.24426994515453,,,,,59.3206815446248,,,,
1920-01-01,,,,,,,,,97.56156384643432,,,,76.78169081561408,,,,,,,84.12042398958455,,,,,,,,,92.8398345144698,,,,,,,,59.07857422567196,,,,,73.08586407577806,91.83736780329518,,,,,,,,,,,88.94849808791815,,90.09339801732122,,,,,,76.21109493464513,,77.75857400081058,,,46.99182051340929,,,,,63.28768717848976,73.78442112404034,,,,,73.1702633593264,,,23.065424607643394,,,,,,,42.11690630063845,,,,83.25149411964863,,,,,,,,71.52032417388395,,,41.054539369931554,,,,,,,,,,,,,,,48.32881987862376,,,,,,,,,,,,,,,,,,,,,81.89861509399636,,,,,,,,59.24593144299954,,57.818576598623125,,,,,,86.45387614527762,,89.57221958050117,,,,,35.34493205081248,40.47516960691653,,,,,,,80.39288150516104,,,,,,,,,,,,,,85.18521361035842,,,,,,,75.26196148276615,65.61744491816049,,,,,,,,,,60.37871769326295,,,,,,44.65036563695074,,,,98.9776501133023,,,,,67.95365708805843,,47.63273691408341,,
1921-01-01,,,,,,,,,98.21619650227561,,,,80.99241625048097,,,,,,,82.83872326096048,,,,,,,,,95.5718498598203,,,,,,,,61.28332286707043,,,,,75.0286083758463,91.62194597336244,,,,,67.61305573295921,,,,,,89.06867075180091,,90.44115448440529,,,,,,78.08278673405795,26.748771071398792,77.45119807378035,,,46.77945820275312,,,,,70.1065744369302,71.94594341998672,,,,,74.16484451801011,,,24.33124879647629,,,,29.001858099410537,,,47.73884160091312,,,,83.73454870176167,,,,,,,,76.66101889626124,,,52.021001934135725,,,,,,,,,,,,,,,50.29477110831988,,,,,,,,,,,,,,,,,,,,,86.31581289547377,,,,,,,,60.3814611194587,,64.59722429600923,,,,,,89.3693088851733,,87.98834936445338,66.5209222631884,63.54310203391296,,,37.03105236398616,42.29258252237944,,,,,,,85.92579053053969,,,,,,,,,,,,,,86.43248138407574,,,,,,37.39506076202366,73.31431032917115,67.9348610431446,,,,,,,,,,62.43765910122767,,,,,,46.55484342802354,,,,98.90616348386786,,,,,70.26943487317003,,49.96623981326227,,
1922-01-01,,,,,,,,,98.07819478440945,,,31.319049595959967,83.36483541032577,,,,,,,84.94819836796968,,,,,,,,,96.85081810101485,,,,,,,,62.335992955611474,,,,,74.88331937493982,92.21412245692613,,,,,68.65032199064784,,,,,,90.08076957764747,,87.65011404666029,,,,,,79.01983359805605,27.462036608220185,78.28403779966591,,,43.76458228783432,,,,,66.53828577700796,67.99778129304963,,,,,76.57344971925166,,,24.9977618981272,,,,29.75609030377636,,,48.73562329551625,,,,84.81786267664009,,,,,,,,78.14104282892889,,,53.04730532757813,,,,,,,,56.679145681648954,,,,,,,51.310418361967855,,,,,,,,,,,37.32077350481495,,,,,,,,,,83.30148381149009,,38.96858691014623,,,,,,61.7803796011775,,69.77691408358014,,,,,,91.8582283693314,,88.70802671988358,67.77260673174521,65.32010422827783,,,42.627915795649585,43.23734694931973,,,,,,,85.22198949708931,,,,,,,,,,,,,,89.88368440566906,,,,,,38.27988269654943,76.81919032826326,72.84646427812709,,,,,,,,,,63.48969760372623,,,,,,47.54166583256962,,,,98.97317983788835,,,,,73.05677658359386,,51.1190491374633,,
1923-01-01,,,,,,,,,97.801669008051,,,26.73211028746174,80.55300232003705,,,,,,,83.1161850041579,,,,,,,,,96.25207977525828,,,,,,,,62.00091852392606,,,,,74.5693349104538,94.90430159644353,,,,,68.3206812690114,,,,,,90.01392461321326,,86.93486419556548,,,,,,78.72307904568764,27.233546245733265,82.90897879728172,,,47.42399472538396,,,,,67.22235985221823,62.59112977681605,,,,,74.58333124393886,,,24.78416278562613,,,,29.42045603333483,,,45.38943701736906,,,,86.18638449495899,,,,,,,,77.8413134798173,,,52.613800198195435,,,,,,,,57.36546937703781,,,,,,40.65355605976846,50.98637902766998,,,,,,,,,,,37.41492012137174,,,,,,,,,,84.73367571492247,,44.088015379240765,,,,,,68.2350307457129,,70.81996949780473,,,,,,93.4918145970323,,84.42026690177266,63.484729488091965,63.458617739436086,,,43.102391211923944,47.6770212650557,,,,,,,85.06090134505541,,,,,,,,,,,,,,89.71460542125719,,,,,,40.462849122453434,75.21699021520432,70.82799492489748,,,,,,,,,,63.15491609803776,,55.332741854325306,,,,47.22660285953243,,,,98.90121771741245,,,,,66.22450677397616,,60.12704147207233,,
1924-01-01,,,,,,,,,98.57986277541978,,28.195082260178616,34.81144484286727,85.10706279178777,,,,,,,76.75596603431498,,,,,,,,,96.77499355806766,,,49.28388467965298,,,,,50.88000088004594,,,,,72.8976510731103,95.54235315489437,,,,,69.83908632526096,,,49.20490459094656,,,88.25078062303038,,86.21571727592357,,,,,,75.74022470667815,28.300599865556798,83.90801819142192,,,41.55253246179609,,,,,68.08042013278357,66.55664524511515,,,,,75.68776461198964,,,25.78236522900181,,,,30.545249130970443,,,46.82861745293604,,,,87.73072953363862,,,,,,66.12616977528299,,77.50341739617136,,,54.130090475655535,,,,,,,,41.15545972744695,,,,,,26.07630997269572,51.30710848234878,,,,,,,,,,,38.72093566506538,,,,,,,,,,85.09902825900049,,45.50880902618236,,,,,,66.35778519569155,,66.20889351255259,,,,,,94.33127680761719,,85.6137961643706,57.778141557477916,65.00346065283915,,,44.318823589928726,54.58029867458012,,,,,,,84.70187858661309,,,,,,,,,,,81.17787349213845,,,88.39374079780214,,,,,,41.82549001817779,88.9403169192633,81.99543210563154,,,,,,,,,,64.70054023367922,,61.6007015255402,,,,57.375764374040926,,,,99.06796556652874,,,,,75.47400640529509,,55.90715034011411,,
1925-01-01,,,,,,,,,98.65547802771823,,27.691034826196415,34.231929357546264,86.14657486377479,,,,,,,75.97473264608414,,,,,,,,,97.5428730708671,,,44.00336306889088,,,,,47.42909793572648,,,,,72.20068503953571,95.88035459319553,,,,,69.1266084280854,,,48.51198915218172,,,89.61174230350333,,87.67175257990132,,,,,,75.06315676288693,27.795236854129655,82.34441668346248,,,42.92827717659473,,,,,64.8183867472318,62.079563150426,,,,,78.87318906353946,,,25.309391299530716,,,,30.012759586793326,,,46.14940193356559,26.67871367427852,,,84.73314167831083,,,,,,65.40222073530404,,78.67387321073204,,46.33004200525781,54.45195534051195,,,,,,,,40.122613586742084,,,,,,26.964540869450303,50.60383434563134,,,,,,,,,,,38.103589435167585,,,,,,,,,,85.37425156889998,,44.83809227910386,,,,,,64.36370511018514,,62.50220269140505,,,,,,93.1478458909505,,81.34856792330177,56.95916149259417,67.38448500383478,,,45.78878255045657,56.6405072258646,,,,,,,90.36909610608478,,,,,,,,,,,80.55607519478009,,,91.1703277125875,,,,,,41.18175914741001,88.49689901773854,78.15057461306687,,,,,,,,,,63.974158396125326,,57.039688751340975,,,,59.571279331743,,,,98.74193657052179,,,,,68.0817994996406,,53.90803588420201,,
1926-01-01,,,,,,,,,99.04352861526573,,27.54639961672021,34.065404698657574,88.78101165219367,,,,,,,74.8281013342537,,,,,50.30625254775747,,,,97.48582397968423,,,37.564105296706884,,,,,45.61766929646824,,,,,86.54683856533948,95.80066835586803,,,,,68.91995991981983,,,40.10469686806317,,,88.24582330941544,,87.5484539325693,,,,,,74.86629507757358,27.650220891201748,77.91881237106651,,,42.97545794398392,,,,,61.509219459470984,65.57085595437866,,,,,79.80560906939898,,,25.173742354781957,,,,29.859886746736674,,,45.953705855914166,26.42425072714074,,,84.93367577458328,,,,,,62.04008871449393,,79.83356208590814,,55.80123575133014,54.24470776325015,,,78.16865714096969,,,,,42.42181086477787,,,,,,26.882048188668996,50.40098708398353,,,,,,,,,,,37.92604426662931,,,,,,,,,,82.37539643473217,,44.64490431475971,,,,,,67.59998892935081,,66.98173994022672,,,,,,86.85919686432688,,81.17011514986918,65.50434507266884,66.36962288478823,,,53.08948700357825,56.431532606743204,,,,,,,92.72263239493729,,,,,,,,,,,80.3747639801063,,,91.40040499451167,,,,,,40.99649905381251,84.66560501401467,74.99436173209695,,,,,,,,,,63.76385413771026,,50.00370803677783,,,,61.475077888379914,77.92100202586315,,,99.4498598842884,,,,,67.15898830622015,,50.99035906702143,,
1927-01-01,,,,,,,,,99.3783549398282,,28.048862012003983,34.64346231265043,89.68021103193475,,,,,,,70.77251802939577,,,,,49.890926645002324,,,,97.679434892842,,,36.75192641136511,,,,,50.18792058288213,,,,,87.47795411930322,95.55757724768529,,,,,69.63362562723424,,,40.73988384963316,,,90.10756557541987,,88.38014355891227,,,,,,75.54524226225104,30.214717652672718,81.49038029379575,,,47.75748997295825,,,,,60.70651336306461,60.489830318637374,,,,,80.82046354472715,,,25.645120244994967,,,,30.39082053780291,,,46.632025753722964,26.91225038849925,33.07008105802699,,85.30234377370866,,,,,,62.76848765593614,,83.38154822795089,,56.523069982416786,59.83685132971204,,,78.81779461660032,,,,,41.986744805952995,,,,,,24.177058616522128,49.56209809481608,,,,,,,,,,,38.54207061983141,,,,,,,,,,83.06281826508325,,39.92098006956177,,,,,,70.98258202776742,,67.21142055619606,,,,,,87.38252622428278,67.47537153508163,78.29575804055294,65.91526866043742,71.34230152033349,,,51.445779382408375,57.154814769431425,,,,,,,91.21538326273887,,,,,,,,,,,80.99909377066865,,,91.00029627489748,,,,,,41.639051062584464,86.35672498377004,73.48036994906586,,,,,,,,,,64.4908615358498,,50.44108734444468,,,,62.20361847774684,78.57266825679996,,,99.68790521677266,,,,,71.86778920823569,,57.17799108781956,,
1928-01-01,,,,,,,,,99.49383943941528,,28.369608953453707,35.011807366158585,90.77143411724427,,,,,,57.23714258848034,72.31175260180743,,,,,50.33300308355271,,,,97.7964650307432,,,37.13353556358011,,,,,50.63090049976626,,,,,84.85433971938912,95.73673615843317,,,,,70.08302092219816,,,41.14395014716838,,,91.2769858446631,,88.59884628564961,,,,,,74.22975937823159,38.552785747768745,81.03861381837721,,,50.34799923036775,,,,,57.640314630687705,62.7340945410908,,,,,84.60063523842152,,,25.946220790548324,,,,30.729527775022582,,,48.59905218190895,27.223860983816618,25.972236370248012,,83.51356999373574,,,,,,69.33921987068187,,88.22098057374808,,56.98002017914179,60.296844728597506,,,71.9316290517896,,,,,44.78882238083061,,,,,,21.23174137553283,52.15346973701003,,,,,,,,,,,39.36611131457999,,,,,,,,,,81.4774115831598,,40.32071863929456,,,,,,70.83282778658513,,68.21575610039446,,,,,,89.24655452136861,67.92984848496633,78.7058715654844,68.28598380420587,80.67566011074545,,,52.22744254078362,57.61258058755996,,,,,,,91.88340762245043,,,,,,,,,,,81.38956787783009,,,84.52451514214587,,,,,,42.047698420857515,86.2606324315283,70.77904698092057,,,,,,,,,,62.63787451207459,,45.99607199834765,,,,62.01103857472656,85.48737485076335,69.91982681078446,,99.52298416607684,,,,,72.95977378790187,,58.04765525664555,,
1929-01-01,,,,,,,,,99.48399698589098,,27.560001859674642,34.0810699905745,90.89994025298563,,,,,47.90973402622667,56.07706007541435,69.69723389188884,,,,,49.21303978956158,,,,97.49123534660356,,,33.36684694083576,,,,,49.50858632938983,,,,,83.93673203864748,95.27269856763726,,,,,68.93943635048183,,,40.121927597642035,,,89.35726445242732,,86.27616063076982,,,,,,73.1224526159388,48.76071258580639,87.5090281790041,,,50.5082444079896,,,,,52.18830265782823,60.1156691483451,,,,,86.63767383589996,,,26.73863974080174,,,,29.874265148334867,,,49.66100455440886,26.43745902990158,25.211962024761768,,83.5053607736148,,,,,,74.5525387423824,,87.45843189798117,,55.820873646345426,59.12915214427385,,,68.38189767528684,,,,,40.171422052955165,,,,,,21.407401354315315,51.019989156510334,,,,,,,,,,,38.36848648256449,,,,,,,,,,76.41241203429568,,39.30978092303247,20.33620125070499,,,,,65.46662367059726,,76.18613205993628,,,,,,93.2385849448478,65.35162258764318,77.65920733997213,67.13189105332833,72.28682793179956,,,52.32010561551262,56.45121246060081,,,,,,,93.1703121261498,,,,,,,,,,,80.39187076796271,,,87.27872831792153,,,,,,41.013932207864755,84.69787118527586,65.26062101663703,,,,,,,,,,42.071050538451104,,44.9163138780852,,,,60.842030685238925,86.46447839848761,68.7751640979821,,98.73388898040344,,,,,66.07422474264317,,61.40617949144538,,
1930-01-01,,,,,,,,,98.79089221961925,,30.0858599788707,35.70074495270297,91.34854631812858,,,,,49.8339481412063,58.08609197732151,71.18580562357563,,,,,46.4700486162609,,,,93.602613061586,,,33.4198222596062,,,,,51.455281432641776,,,,,83.75074548819397,95.468821151212,,,,,87.7297342455633,,67.79881620467904,41.09652516394932,,,89.89836609888481,,90.82554231910774,,,,,,75.02992750565805,41.24610401253459,92.94959626391494,,,47.25095086403711,,,,,52.11399643154042,66.41728624860697,,,,,87.42721244887574,,,36.929184844994126,,,,24.074422518607776,,,51.609697717990514,27.808051569084903,29.431071136743814,,83.23549777087288,,,,,,80.06250657574832,,91.63992141900476,,42.56740261764798,76.37590447858864,,,66.61216695371508,,,,,42.61046387808407,,,,,,29.049407165520414,52.98536636084372,,,,,,,,,,,46.400500142706015,,,,,,,,,,75.1234877574212,,41.06715494782338,21.46698355568163,,,,,73.38593791969635,,79.68596765988708,,,,,,90.55972348264025,66.88376886039337,67.94160110720352,74.67632435902493,74.78397249100155,,,60.02348760561045,58.462279272794085,,,,,,,90.56798552852099,,,,,,,,,,,82.10475544989723,,,89.54501752667909,,,,,,42.8103556823594,81.88495467187545,67.93748762247924,,,,,,,,,,43.89023357265523,,46.791105811107755,,,,78.94742481650022,90.4198202309815,70.75014847067668,,98.88005474196713,,,,,62.145927344533746,,69.55866465234722,,
1931-01-01,,,,,,,,,98.70032993446229,,31.001718723778037,36.05118182257752,95.09824724872584,,,,,24.152256020816587,58.51475307768954,71.58874675826354,,,,,46.87192168986546,,,,94.96398347388619,,,42.452687061379216,,,,,51.87254109396926,,,,,84.09284199565808,95.63846897568223,,,,,88.02967505743709,,68.22289752158524,41.024804071723466,,,89.50178127456675,,85.086610889719,,,,,,75.43067058188832,41.62603205515425,93.1841339574293,,,48.75161699081042,,,,,58.54802829420373,68.52882025155607,,,,,84.26811672320929,,,38.498424765183394,,,,24.34307517643277,,,59.721485051967285,28.105893501711776,29.740736915718415,,87.15295214912766,,,,,,74.73750740321027,,91.59432165227146,,42.9534263322959,76.7700364111751,,,70.61746986378851,,,,,39.926196798208416,,,,,,29.033833622244654,53.40620604834121,,,,,,,,42.176360274147214,,,46.80211943301905,,,,,,,,,,77.07980552999474,,41.44622951081591,21.713586855193036,,,,,73.77780913935841,,79.01397774777182,,,,,,91.72277496585649,67.30949035585138,68.36540181179579,73.68081595109237,74.37499814993474,,,64.48417775152953,58.89125625697502,,,,,,,89.36425293306995,,,,,,,,,,,82.46107190224085,,,89.08572951141791,,,,,,43.19746052092126,83.26256229237813,65.29617200003308,,,,,,,,,,57.320430609754936,,46.11419001399155,,,,79.32664095789103,88.32484717082386,71.16702224272156,,98.69595913989431,,,,,63.065725366003164,,63.307101992050406,,
1932-01-01,,,,,,,,,98.83854144221912,,31.258101156042883,36.333080504557024,95.31622399073393,,,,,28.191955732937213,58.858031319624615,71.54237373102627,,,,,47.194547238629156,,,,96.079071507784,,,49.98847429303612,,,,,52.20718069967554,,,,,84.36430830403555,95.77131758194739,,,,,88.26703210157501,,68.56163979908952,41.32783607938498,,,86.67847742131814,,83.74312796493646,,34.82416832459725,,,,76.35424882956045,41.93134452277929,92.9160736117287,,,45.730058826011486,,,,,62.592465638936346,67.53079577202597,,,,,83.49742275380599,,,34.220201629484805,,,,24.559633415560423,,,56.83916107519724,31.743962401056447,29.99011687150417,,85.47073822901788,,,,,,78.62062750279625,,91.39257866999014,,39.59506142125381,77.08392458491224,,,63.6507840225524,,,,,41.93557465945905,,,,,,31.243718327843307,53.74360718806872,,,,,,,,40.49088712734827,,,47.124545644102035,,,,,,,,,,78.51667525161655,,41.750866267283925,21.912465766236867,,,,,70.02279741882289,,79.5856274644341,,,,,,91.91774395847906,67.64963435024234,68.70390549907151,78.29266176405957,74.38808281421517,,,60.184133021340735,59.234756919061795,,,,,,,87.12383000460365,,,,,,,,,,,82.74408716100687,,,88.60740499233337,,,,,,43.508449031155735,80.27653673714093,73.03724464200434,,,,,,,,,,55.490427601672245,,45.17347683652046,,,,79.62831688029651,92.99150252754949,71.49970072577689,,98.36954948287338,,,,,73.40380019644238,,64.3959005780431,,
1933-01-01,,,,,,,,,99.05324392429675,,26.144463252841078,42.21428151950679,94.59868984003145,,,,,27.51752613126697,58.928205213209736,70.47869446268031,,,,,47.26058741962903,,,,96.1046494654294,,,43.46262610598408,,,,,52.27564285942656,,,,,84.41952951096786,95.79814795684497,,,,,88.31524272634708,,68.63079095899647,46.19015487558509,,,87.05730502980462,,83.35969134463296,,34.880474165192375,,,,76.4188559955142,41.99387434538042,92.46473367816489,,,46.18463465263232,,,,,61.57970980648515,68.99252205309551,,,,,84.43657397944794,,,34.2256040641668,,,,24.604059497019648,,,56.00952782811237,31.79705904557011,30.041249919363278,,85.64433590996177,,,,,,78.68313906598189,,92.88571542361528,,39.65572961609838,77.14789965448797,,,63.7210201191738,,,,,44.503905143819324,,,,,,30.52044496195577,53.81262224398513,,,,,,,,40.55229076238858,,,47.190545506235225,,,,,,,,,,76.9779864808393,,36.2386971229695,21.953275415373994,,,,,70.72466307230691,,81.52352439022206,,,,,,91.95726578927732,67.71908174104685,68.77300636295227,75.79218762031876,74.42896582913396,,,68.40713519749683,59.30497291727186,,,,,,,84.90298063799739,,,,,,,,,,,82.80168677544407,,,89.74121398522882,,,,,,43.572131286906355,79.83824239533101,70.2314140842599,,,,,,,,,,58.03039452083982,,45.23828303883683,,,,79.6897662730902,93.02793944144886,71.56758028438904,,98.05580858514128,,,,,78.14657241079395,,63.6229998482186,,
1934-01-01,,,,,,,,,98.51798367541087,,27.62101964417669,42.904034525944525,92.54589531624559,,,,,28.04864429440592,59.69730973268747,68.28539541718706,,,,,47.986368121265585,,,,92.33310694107182,,,49.18769903788128,,,,,53.027203946599386,,,,,85.01868273877868,95.77369690270812,,,,,88.83673293098671,,56.71787500131267,46.81211653462355,,,88.30313007465632,,78.58530380777619,,35.50082880945222,,,,79.89725767543192,42.681831707480725,94.58722296264844,,,47.80644982977326,,,,,64.99096157227851,74.36423952007713,,,,,89.65761587916904,,,41.1115505642651,,21.286095404529682,,25.094500957750377,,,56.77338533895373,28.977169144873294,30.60513957650238,,87.15876912361094,,,82.01870293481016,,,71.55250887782697,45.22288451663257,92.9294387825775,,40.32351949130104,76.23731480125936,,,64.48979906793187,,,,,43.22610617974769,,,,,,34.19279005521485,34.61678723768231,,,,,,,,50.48926200744177,,,66.30386441965794,,,,,,,,,,80.43026199830217,,36.87338761814224,22.40402865524095,,,,,72.87829431742068,,82.9311029778762,,,,,,92.38302315409908,68.47830323404173,69.17602227865534,73.44703984860178,66.27080441711651,,,68.34242790647558,60.07446347661096,,,,,,,82.88109355238458,,,,,,,,,,,83.42729330908014,,,95.30824449180237,,,,,,43.51367725595201,81.75118695336529,73.25441845822263,,,,,,,,,,58.14731509252553,,45.95080801677077,,,,76.16418467980665,93.41983243318718,72.30868739893859,,98.11032736035537,,,,,76.04357028824356,,65.34072222471927,,
1935-01-01,,,,,,,,,98.57857175440805,,27.02467062253947,43.74513233926866,90.81832872084496,,,,,28.70011417163456,60.627924718206614,69.15096444603432,,,,,48.869493170071685,,,,92.83215348090769,,,55.97093947372906,,,,,53.93961680373371,,,,,82.86328753847835,96.12012921196566,,,,,79.84216188607253,,52.907911162472196,48.918615216872716,,,88.82783739918563,,79.73281508193395,,36.259552741896286,,,,80.7012575466647,40.63987671258622,94.17062274018141,,,46.43500129817455,,,,,63.41744154558484,77.05265995705169,29.707413238332503,,,,88.99446113442329,,,40.38884444429045,,21.81926103304608,,31.344558948456346,,,57.69904513146591,29.64331778644422,31.72827405740636,,88.0720169960539,,,82.78793829641741,,,71.74533196659314,46.08466693537348,93.096092266402,,40.78636262947521,77.08954324166437,,,64.88813404156728,,,,,46.70580798503231,,,,,,36.812315663507434,38.15944326897094,,,,,,,,51.388521936095756,,,78.5903911472612,,,,,,,,,,82.80563490886604,,37.64922546593594,22.958150384468112,,,,,74.03502389196063,,82.9947601232129,,,,,,92.88018324694922,72.19050730351012,70.08635290663176,71.99273261281542,68.70534432935746,,,61.68457255469193,61.00535845203674,,,,,,,86.9581309507997,,,,,,,,,,,84.1703176998594,,,95.31838592815707,,,,,,43.91133747501146,82.96839989017852,76.54353079807372,,,,,,,,,,59.55900860478023,,46.81856503529114,,,,72.67718663324624,94.12763685807212,73.19838151021143,,98.47586007921363,,,,,78.19531589107112,,71.41601189831374,,
1936-01-01,,,,,,,,,98.37919523967287,,27.44439106966946,63.26994594428383,90.78284908936996,,,,,29.137712369216118,61.24521335528694,68.19464265024257,,,,,49.45832258023588,,,,92.31466918696827,,,55.39523345513706,,,,,54.54669439292405,,,,,85.3432359964809,96.3395267504623,,,,,80.3771021103714,,53.51197878106839,49.63408355600719,,,90.53504301182154,,82.31111617409135,,36.76783545136868,,,,79.06635645518196,41.18156594379641,91.66308871087969,,,45.74160890813738,,,,,65.2781518828772,75.2513276631121,27.181501238095162,,,,88.56258992912697,,,43.19049535695436,,22.178272480930296,,31.808742808089995,,,58.31390383765815,30.090627385836456,32.19614973252454,,87.62371290883343,,,83.29023208486778,,,77.83634194633802,46.65989598693597,93.38524305744639,,40.75039849881477,77.64905848157677,,,65.5028355017756,,,,,49.8896502193772,,,,,,36.76590147137351,39.45054226713049,,,,,,,,51.98749433515217,,,79.13716807665826,,,,,,,,,,85.83308344781058,,23.92762245180454,23.331118868166932,,,,,74.19663292916898,,79.50584484732262,,,,,,93.1991828649646,74.56786633800535,70.68703017259297,71.82030008754528,69.02447958701391,,,63.9252516920773,61.622717903376056,,,,,,,88.32248660096592,,,,,,,,,,,84.65471858835298,,,94.59358148965119,,,,,,45.87754143858487,83.66950478115598,75.93322846330886,,,,,,,,,,60.383578691944265,,48.8764577137039,,,,73.26587973698655,94.41205715884894,73.7842254492423,,98.6062792120752,,,,,83.9584903907852,,72.78205357495828,,
1937-01-01,,,,,,,,,99.19449773464623,,29.602296447570332,63.69058870800708,88.02193599027692,,,,,29.438816969703584,61.66634630600885,70.59408258455684,,,,,49.86145709737948,,,,96.41863181297053,,,58.0873287298441,,,,,54.961727808838965,,,,,88.11179363122761,96.48452969796234,,,,,80.73890791674965,,53.92507847215875,48.5290229006088,,,85.75146018787584,,81.94610185217329,,37.11694418412098,,,,79.43690667176988,40.95614539346142,94.41835386625573,,,50.57280314110191,,,,,60.23460677769592,75.03062111587901,27.468478282290466,,,,90.84090850446445,,,43.571109219206484,,22.42571359675435,,32.12793920353805,,,47.95911820024582,30.398345016599038,33.09254666319219,,90.95307063900198,,,83.62925991146098,,,79.45527230287904,47.054012497520006,93.91418351780145,,41.120021948658206,78.0281120708829,,,67.71461325523447,,,,,57.76371589075209,,,,,,31.990483156429562,43.20860848228109,,,,,,,,52.39728718051371,,,81.76290545121539,,,,,,,,,,83.55869369006629,,24.189447860427048,23.588107731599695,,,,,72.62621206246037,,77.40346793952615,,,,,,88.19254426967166,81.75268924010174,71.09536982630954,75.56300988415488,72.33264699437105,,,66.29039846312013,62.04384581471722,,,,,,,89.37663003492044,,,,,,,,,,,84.9813107517938,,,93.72714186275837,,,,,,55.660048834888485,79.74030099035292,76.51691587583633,,,,,,,,,,62.78047892204375,,50.122347671996195,,,,70.68397929499974,93.76032833999432,74.18191844267999,,94.65725169791014,,,,,86.62819088623124,,71.01047191223712,,
1938-01-01,,,,,,,,,99.26288781302881,,36.6129593108373,61.93705170634964,88.39803769762926,,,,,29.832945449029125,62.213165147613395,70.23824216624163,,,,,62.84237617627853,,,,94.40625304326146,,,54.88303060090571,,,,,55.50169023353489,,,,,88.48646758535284,96.66722718386103,64.04646148971148,,,,87.68259831143006,,51.69142957909298,52.45335964590634,,,88.13402812757656,,79.9617476148313,,34.27711183842083,,,64.58946985915841,79.91449844170731,44.16944475609172,94.85726834480963,,,51.024182106287164,,,,,58.333091093729614,76.96245767261593,27.84427813809298,,,,87.83888848908666,,,44.535158780669946,39.46472562096028,22.75010637006134,,32.54550089204062,,,45.38165130838927,36.94365240029636,33.51806894896616,,92.70833472105625,,64.81027318999995,63.707113303908415,,,79.57802173580151,38.644427156952254,95.24477342872115,,34.40733981508668,78.51704787632043,,,68.1465279012226,,,,,59.07547542443841,,,,,,33.65806974139301,45.91106085743567,,,,,,,,52.930800500784734,,,83.05140723959076,,,,,,,,,,82.66278473486081,,24.532561691006617,23.924928945631386,,,,,69.3869958853959,,82.01932811066351,,,,35.82486298512333,,88.56592716556248,88.11557488941254,71.62379347591303,78.07503972055166,77.23567060120187,,,63.284755733064955,62.59059276977861,,,,,,,92.42249610815543,,,,,,,,,,,85.40066562686768,,,93.44276837120383,,19.919582960127148,32.06335130212054,,,51.621798821561796,80.36157340005626,80.69047697464927,,,,,,,,,,62.71076842097034,,50.648481088347694,,,,71.21398648160681,94.07340649586523,74.69587724057598,,94.89133777516332,,,56.13699608856892,,87.82373561910558,,72.02713244172534,,
1939-01-01,,,,,,,,,99.33134337389421,,37.45629385904303,62.952660993102995,89.32714257683776,,,,,30.574534885927374,63.22859241239909,71.0910026243948,,,,,63.857195368975425,,,,94.30898694128449,,,57.7506321075471,,,,,56.50762925109236,,,,,86.37246078474547,94.88037428885251,65.05935565379401,,,,88.38638912583107,,54.51626574308273,53.445970920202335,,,89.04236680486991,,83.76644587225002,,39.443466478123725,,,60.284406354903865,80.7906621735092,45.099998622320726,95.42416271642247,,,51.13052819242867,,,,,55.64230394165808,80.54052949274991,28.55188337972209,,,,88.69796949349603,,,45.46921228764494,40.344273686533725,23.36204147043528,,33.330420712373595,,,46.32354304442564,39.36017114027561,34.317674040449454,,91.8414949806629,,65.82141686093601,64.72065241842402,,,82.43789818048167,39.513962989506226,94.34864432456511,,35.21997849853522,84.10028472335662,,,70.3104329530572,,,,,58.791072841370195,,,,,,35.12179054307588,49.24067692522291,,,,,,,,48.631993594121155,,,83.86914636906035,,,,,,,,,,82.95730409415799,,25.179391796019623,24.560036476589286,,,,,70.60400105311544,,78.84774865836532,,,,32.17572964914316,,88.97169168292524,92.12132953886199,72.59965251444139,78.21118335650215,76.73481595257385,,,66.49779417034547,63.60568769224877,,,,,,,92.31078272021148,,,,,,,65.26158888328717,,,,86.16524331103933,,,93.93830633229047,,20.472905366063408,32.84082431231137,,,52.6098550099037,83.8778937606104,83.66548786172876,,,,,,,,,,63.72573715226832,,51.63071730817621,,,,72.19303890455467,93.9898142139928,75.64294345914593,,96.18136254684093,,,57.1450294287102,,88.01097516931081,,72.20372035946907,,
1940-01-01,,,,,,,,,99.51970611618539,,38.05081829566084,63.66019270226568,89.78494530608637,,,,,31.098754131140293,63.93588437543609,74.26122228694874,,,,,64.56380385461769,,,,93.1740946741035,,,57.50334597109828,,,,,57.21085572330167,,,,,88.09846016317296,91.05078301315197,65.76411631681344,,,,88.86474309406863,78.17754248099422,53.55472351846411,54.14092114197129,,,89.50654207218344,,84.43712696449195,,40.05536243381622,,,60.992411121326164,81.39265310108149,45.753948681642655,95.70306121819854,,,51.170337277831955,,,,,54.880694937286314,81.12544890521201,29.052476068793975,,,,89.3789012115769,,,46.12551824924217,40.963604731676696,23.79584138291979,,33.884670148626014,,,46.98511344345301,39.971365682833195,34.882073567479345,,91.47491401937374,,66.52463031641489,65.42600644310417,,,83.01846354776302,44.82660353198254,93.76832217880155,,35.793373287639795,88.89412707700616,,,70.50894859191416,,,,,56.4889299787767,44.938212332183326,,,,,38.997781728124004,54.0641120819592,,,,,,,,49.30646569404951,,,84.42891345067831,,,,,,,,,,79.3860481813001,,25.63759715713796,25.010048269137584,,,,,71.29042207192701,,79.47186608302401,,,,32.717700382519645,,89.01469103659298,92.50862258572646,75.17851516277122,78.84186209255535,77.47075216910072,34.450488088788944,,68.67474742996558,64.31259266492984,,,,,,,92.6926984551409,,,,,,,72.39482881558243,,,,86.68689631662447,,,94.27018094833511,,20.865614312298987,33.38992104578467,,,53.301890140872345,84.46892470087023,82.47714326404353,,,,,,,,,,64.43250445251152,,52.31899076965107,,,,72.87097807775906,94.54821865083319,76.29691209577969,,96.58354699075277,,,57.84949273248587,,88.49714249066895,,75.37721366774844,,
1941-01-01,52.18826580790639,,,,,,,,99.52584462594044,,38.02371752281965,64.2352472416893,90.14958738456119,,,,,31.529543454519448,64.51067445946875,74.80215256288763,,,,,65.13787835616947,,,,93.46475991601699,,,58.07681866592125,,,,,57.78391351896575,,,,,88.89382563498543,91.39013516555669,66.33637706307181,,,,85.39331542322799,78.47252805784653,54.12016085385021,55.562531291491204,,,89.87642438393682,,85.73481024237786,,40.55686871297135,,,56.8847079112359,81.87680524822044,54.13846445416943,95.92188293125302,,,51.72846210152522,,,,,54.21461092974218,81.61234650246932,29.464095709868086,,,,91.59152084593867,,,46.66240529751079,41.47106430262196,22.250056051874733,,34.33976597998427,,,47.52615672824222,40.47230986126633,35.345367629014966,,90.45828694740266,,67.31787999145998,65.99883808765212,63.36478791427946,,83.48470839654676,45.356801741172035,94.04367474785947,,36.26392451529359,89.2751584470368,,,76.3346013293739,,,,,57.06083805272757,45.46900443909132,,,,,39.49206904850282,54.63087599957075,,,,,,,,52.030178482711165,,,84.87783506730625,,,,,,,,,,79.88954232129636,,26.014740657381687,17.866600552049928,,,,,71.84624885262889,,79.97459152250947,,,,36.99544799580392,,89.39356756868364,92.28688309475204,75.71389345534246,79.3501141801901,77.63570340263745,34.91026740777229,,68.70781756299722,64.88697244064572,,,,,,,92.99518296706563,,,,,,,67.90170933701756,,,,87.10419957596991,,,94.3048949579795,,21.189310412280648,33.84085148521767,,,53.86663788076689,85.26111086517642,83.23020693988192,,,,,,,,,,65.0067416831393,,52.880863163773654,,,,73.41944968460832,92.03875524311988,76.82487318621632,,97.9998565711183,,,58.42341817918799,,88.88513495922646,,76.27396804423091,,
1942-01-01,51.891257120348364,,,,,,,,99.5226689620747,,39.6991998142296,63.93037462825095,89.95709870581872,,,,,33.60556360003684,64.20594988589659,74.51570213865809,,,,,64.83355117653065,,,,95.27414357117911,,,57.40492042606935,,,,,57.47993017867721,,,,,83.84064858435791,86.87613554653208,66.03304656718055,,,,85.15964872195337,78.71739290203395,52.5112843089909,54.098896228761696,,,89.68115087898556,,84.23683584220139,,40.290516367570994,,,57.00143606621866,81.62070001779426,53.8384123052805,95.8067436457301,,,45.92668554111832,,,,,53.914452971505746,79.22489515488391,29.245332110547594,,,,92.56479333655395,,,46.37737633516752,41.2015659232313,22.071416430273395,,34.097968366060584,,,47.23893815316956,40.20625461437937,35.099229486372366,,89.46964027501548,,67.01560377717686,65.69519495051262,63.05955204284797,,83.23815189714333,45.07529910920704,95.06538933643502,,36.01394503327828,94.30286277940377,,,78.49571805354533,,,,,62.59176897549423,45.18718859665035,,,,,39.22953295093882,54.33015715782261,,,,,,,,51.73344430702904,,,84.64050928910937,,45.22980935783144,,,,,,,,79.6231139427005,,25.814257681621054,17.715945257127743,,,,,71.5518027619887,,79.7085736294319,,,,36.742494002752736,,90.79049489935123,89.33102011970074,75.43041738924052,79.08114460997909,79.42933070262667,38.55865331347738,,66.65334133627363,64.58247617865773,,,,,,,92.83569943963485,,,,,,,62.0993825895418,,,,86.8837076573044,,,93.56320915532133,,21.017187238787983,33.601259630233194,,,53.56697150661438,86.43926984787588,83.17549947893636,,,,,,,,,,62.92477413915047,,52.58270062875601,,,,73.12895480687203,90.2683608421003,76.54536742331372,,98.64229472132547,,,58.11899036567518,,88.68023426926324,,75.99244502102214,,
1943-01-01,52.022111301394894,,,,,,,,99.48399713952568,,42.41504679441213,64.06477734389338,90.04218824524092,,,,,33.71104902375255,64.3402895251054,74.64207568501655,,,,,64.96772065352513,,,,95.32910873350694,,,58.025910651953815,,,,,57.613893580637956,,,,,83.94782526990086,86.97357405444068,66.16678645068464,,,,68.75026665924769,78.08264370883792,52.642599764118046,52.598262886664806,,,89.76746627375518,,84.51344642125683,,40.407805469837974,,,57.13522799666171,81.73376369008776,55.49174816659275,95.85774453575424,,,46.05170378977833,,,,,55.022206811354366,79.34331454672726,29.34162329436144,,,,92.63686835318768,,,46.502921662243104,41.320244802147464,22.15002433452873,,53.33936406339414,,,43.37572751276512,40.323412487216935,35.20759470750103,,88.61521423824156,,67.14888707773753,65.82906987920359,63.194108076414835,,83.34702128730999,45.19928430535947,95.12184457580823,,36.124005427480355,94.364489149416,,,79.6174063061066,,,,,62.72637888890347,45.311312333564416,,,,,39.34513658990223,54.462661213908994,,,,,,,,51.86417658968683,,,84.74532225821862,,45.35398564703104,,,,,,,,79.74070945016972,,25.90249059106462,21.470055995489734,,,,,71.68167385548674,,79.82598899508268,,,,36.85386722629684,,91.19379557339755,89.41885419238729,75.55548830039778,79.19985519581031,79.5473303115484,38.67315425089809,,66.26371779416206,64.71671817575937,,,,,,,92.9062527898956,,,,,,,63.84117210825564,,,,86.98111911568448,,,93.6294888990006,,21.092924434214456,33.706736556249986,,,57.65050118018973,87.14654512800148,82.51666936530494,,,,,,,,,,63.059347721322624,,52.71406739960285,,,,73.2570984412127,89.63407954551928,76.66869860597008,,98.65459760540793,,,58.25315404922043,,88.77078666325194,,76.11666025588356,,
1944-01-01,52.08326941951813,,,,,,,,99.48961205338497,,42.89505742838384,64.12754866354784,90.08180351955052,,,,,30.95453660770723,64.40303020537377,74.19032103994012,,,,,65.0303791474313,,,,97.07967153962335,,,58.08856286137649,,,,,57.67648523749922,,,,,83.99778330134096,87.01896940931758,66.22923902175215,,,,68.8120485950336,79.63087914809833,52.703971422576636,55.7292036881404,,,89.8076550625009,,84.56262525301644,,40.46265527874146,,,57.19774129336492,81.78648244891687,55.55392790946081,95.88143318976326,,,46.110152250762425,,,,,55.08427319684577,79.8607748125544,29.386676212195752,,,,92.67039813973159,,,46.56161522986563,41.37574215354645,22.18681558911402,,53.40095968811684,,,44.726810651928375,36.38296775184616,35.25828344001371,,88.65768201479253,,67.21112198288061,65.8915870234219,63.256954684417565,,83.39777290407189,45.257252225603025,95.14807867951939,,36.175484943298116,94.39313759388881,,,80.90625399095302,,,,,62.78925260959869,45.369344708419646,,,,,39.399200879598226,54.524582195885785,,,,,,,,51.925278251326404,,,84.79417237864904,,45.412042470482625,,,,,,,,79.79555507857455,,25.943779590028026,21.505987940165404,,,,,71.74229369861047,,79.88075004713156,,,,36.9059590655489,,91.23086794909696,89.45975356940686,75.61384686494092,79.2552244199101,79.60236567597335,38.72670451001476,,66.32615086803446,64.77941162944659,,,,,,,92.93907144966997,,,,,,,62.63796453362001,,,,87.02650180300341,,,93.66031079648744,,21.128373843769854,33.756077620285964,,,54.04809383709186,87.19164832675018,82.56846241227869,,,,,,,,,,64.41126681474292,,52.775462803732445,,,,73.31690370330844,88.73503044313925,76.72623893846708,,97.66811102903526,,,60.38990329965901,,88.8129581578944,,76.17461631303699,,
1945-01-01,51.91491401072763,,,,,,,,98.69139565373824,,44.43598099873899,63.95468282906982,88.76078273577703,,,,,30.826179119504783,64.23024693348141,72.19124802979952,,,,,62.950703326629224,,,,98.22020797117106,,,57.916061973519305,,,,,57.50415341708652,,,,,87.69721796583538,86.89378262726682,61.12850931581648,,,,68.64187513888562,79.47927831242313,52.5350250342068,54.07007910756454,,,89.69678874631558,,85.21072087560405,,40.311714017282796,,,58.59610409629001,81.64116748711557,55.38274192632504,93.14887398872578,,,45.81642439162541,,,,,53.53279615654208,79.77313068752338,29.262729912621012,,,,92.57785745786188,,,46.40006984871042,41.22301526071066,22.08561664192533,,53.231393171283294,,,39.88135819537033,36.24083319186333,35.11881170539617,,90.10015421202272,,67.03971245710387,65.71940935323227,63.0838871777283,,83.25786256914168,45.09770981011943,94.71349958352255,,36.03383404295091,94.3140374646474,,,79.90328758889531,,,,,57.77842627424565,45.20962440794839,,,,,44.57083826754905,58.596058879332325,,,,,,,,51.757079048302955,,,84.65948782558607,,45.252254694354335,,,,,,,,79.64439881092535,,25.830198142031513,21.40715437812537,,,,,71.86113763119701,,72.44324768894109,,,,36.76262062845561,,93.31901840025951,89.34693237302031,75.45304959013153,79.10263054462368,80.02925126735231,38.57934612572238,,65.44167113643712,64.60675591723182,,,,,,,92.84848844940856,,,,,,,62.46480759648443,,,,86.90134985328224,,,93.13233632623326,,21.030868491562906,33.620319194266045,,,59.01190653136717,89.81251274777566,85.40803581707121,,,,,50.78874988737023,,,,,64.23848615150042,,52.60645068261744,,,,73.15214023332531,91.92813144473789,76.56768620955094,,96.12857149765313,,,60.2167877422304,,90.01174083679544,,76.01492308443814,,
1946-01-01,52.747338128099244,61.95843357954591,,,,,,,99.0810046781105,,49.3117196717782,64.80727113190088,87.0447957471811,,,,,31.463069401610465,65.0823724117653,76.87649045818885,,,,,62.443213154227564,,,,98.21725522758068,,,57.92259377832942,,,,,58.35531135403471,,,,,88.75917352614871,87.50595180817622,63.31633194588711,,,,67.78851390034566,80.22345146952337,53.37027443925542,62.49159226080576,,,87.38279672908769,,88.2906525467091,,41.05953389656245,,,59.44909127529059,82.35381502442162,51.39859651258225,96.36806235378444,,,46.611692783008884,,,,,49.014043394256035,83.9872227134747,29.87788304103708,,,,93.02810271170807,,,47.19961088631119,41.97956906705929,22.58844424270586,,50.24383023877892,,,39.46721865657287,36.945482374711446,48.103177887729075,,91.31505937565663,43.80417266143887,67.88447729858893,66.56824180605238,63.93764373145672,,84.31251150660385,45.88751388392013,94.81037902411023,,36.7361085115512,94.69793598107576,,,81.51458292578641,,,,,58.63010196265863,46.000294014432264,,,,,45.356495261834255,54.56441432274162,,,,,,,,52.58875519459518,,,85.31899405979988,,46.04325257871068,34.9736915823321,,,,,,,81.10239933019663,,26.394213779180987,20.2593193869697,,,,,70.43170951317637,,73.06249492586925,,,,50.01877098086318,,93.72852272096902,89.89763537120602,76.2435542469323,79.8517929603796,82.22259664766732,16.931904718075184,,66.91831283337746,65.4581757402797,,,,,,,88.99278017593363,,,,,,,63.319126600464145,,,,87.51334564269709,,,92.34732954526115,,21.51542672697049,34.293636696411376,,,50.70985676674125,91.68315838583267,84.09558523122035,,,,,51.94499452794024,,,,,65.09059709569254,,53.442013851272584,,,,73.96275193219117,91.57312404380345,77.34685263314655,,96.3292911840862,,,56.749084185657786,,90.3746265714153,,76.78119091328436,75.92429777451089,51.982078999818796
1947-01-01,53.32063964394669,54.11623398211687,,,,,,,99.48520650639956,,50.24434695680138,70.35553779957735,89.20660913726655,,,,,31.90499330097594,65.66603440442506,75.64753979862932,,,,,63.38786729705432,,,,98.37579942455847,,,56.124340377811485,,,,,58.94015586801504,,,,,88.23283181346478,87.91767843691474,61.78191549032268,,,,68.36653661025312,80.72809405253325,54.295413831683994,65.30783722520268,,,89.36332211998348,,84.66422849807448,49.02424516173447,41.576771407603864,,,56.63203716945642,82.83610461663848,51.96756260396364,97.1024331114296,,,47.58108962915964,,77.19078505961116,,,52.37418967260308,87.35124879474715,21.583003673482924,,,,93.32762830032169,,,47.75142386977404,42.50268172091659,22.93836815839365,,50.80862430762034,,,41.93308774618865,37.4335386933898,48.65913953447863,,93.28027918064721,44.01832110944082,68.46224108601933,67.14920005202474,55.37473917960152,,83.54846599208159,46.43286589149874,93.83714938152681,,34.645977001181805,94.951951571528,,,82.25239427805874,,,,,60.94293851075854,46.54622151723532,,,,,43.73979910957253,52.25584328314521,,58.858290575237305,,,,,,53.16157734745401,,67.6295029043754,88.89042617702827,,46.589398298519,35.446100632782596,,,,,,,82.54611571610333,,29.858667512278814,20.581499399018178,,,,,82.17918348139939,,71.94308678390553,,,,50.58270315957285,,93.14297329560283,90.0456615745959,76.7813490363746,75.95625425861022,79.94616953230576,18.95926675412757,,68.66924734487063,66.04124235211802,,,,,,,87.58337606941562,,,,,,,63.90480452917231,,,,75.87169069668379,,,90.18034631735114,,21.85275919310763,34.760402277834125,,,53.581328396201286,93.61592154807816,84.15698719547083,,,,,54.4066995692869,,,,,61.41327463861159,,59.003130290638865,,,,62.66572612263934,91.1478384185332,77.87649092675926,,96.82667971088898,,,57.774813851335296,,87.72787122114784,,80.79820997145805,71.09223069604703,58.16492640653319
1948-01-01,53.57282598520079,62.79733094256894,,,,,,,99.5078640662413,,50.49200433822458,75.89358322691037,88.28239313329618,,,,,32.10024985960058,65.92194502743278,78.16909038573266,,,,,63.644988756391726,,,,98.21048376460854,,,61.68302949351603,,,,,59.19706610351656,,,,,88.40905539931623,88.09625352594294,62.039341662651196,,,,68.93438441090424,80.94804508392934,51.55276746248705,62.12400098603415,,,85.52547734213934,59.7252230629568,86.38582712184937,50.31940654992755,29.611005141744705,,,56.887582809519266,80.84514665020652,50.32974197288669,98.37262848191412,,,47.868851808518244,,76.42531575283795,,,54.60322573412939,87.74564834059255,21.757355621050824,,,,93.45669160086,,,47.16686987327064,42.73332998366979,38.42139076775308,,52.60348801294234,,,39.73509091465986,33.72014144904143,48.90395483227431,,93.40407188264504,47.942694177237634,68.71534291612254,67.40380862565827,55.226823603261764,,81.36036085693601,46.15720837323557,93.08073612935061,,38.99956257208353,95.06105165332437,,,83.16755888599282,,,,,55.81638965065243,46.7867274041578,,,,,48.52316525841138,52.50661194365265,,55.57567982140708,,,,,,59.202738114332874,,71.36318189817273,89.06156355155981,,46.82999811742191,35.65468412892612,,,,,,,83.61255107870973,,25.550219805692652,20.724162313689163,,,,,80.08528051034973,,75.65215898215263,,,,56.34823571947847,,93.27411672340826,90.20723343890604,77.01620049432837,69.18498527659355,80.8475947320743,19.093125055702675,,64.3062944489315,66.29686277374331,,,,,,,87.56701078584797,,,,,,,64.16173274672879,,,,76.10934837575678,,,90.45243161808723,,22.002093800819257,34.9665213683157,,,54.50558302207149,92.20874743066835,82.97999714618282,,,,,52.99272756504105,,,,,63.614755197142614,,61.8693655143673,,,,55.27662978047842,91.50493267930378,78.1076655124789,,97.13121399515092,,,58.03113820727859,,87.28578572129044,,81.16246812209947,64.95968639067135,68.0472597588825
1949-01-01,53.8206833966846,61.53317989630822,,,,,,,99.52938531708273,,49.48918105430854,76.12681785696161,87.62509965783691,,,,,32.292671998669086,66.17296501640126,82.35447614614648,,,,,69.04675154125441,,,,99.29755194383864,,,63.71894040592478,,,,,59.449354724422854,,,,,85.47689853847173,86.38335682918184,59.11523657616411,,,,69.18222585361478,81.16301067838165,48.1786036917589,63.031092505912326,39.68484399495375,,84.10432868624629,59.97768201663058,85.2009283925648,45.537739431682255,29.793416097790605,30.361657041264923,,60.78839681727506,77.98880004595023,50.7209452736066,97.9935308375531,,,47.04843803920874,,81.3483978269661,,,58.17831791265486,83.45822051539963,23.792450662667676,,,,93.5819496298157,,,51.616104643295714,42.960342451838265,38.63599309352992,,52.85011879791557,,,39.95371149825297,43.62770616722751,49.14472143528255,,94.2541538264685,48.658878024617124,68.96347469096236,67.65348175175842,55.47646702825939,,78.33845709422216,42.343453349016016,94.79659118075374,,43.40214091269854,95.16672565201897,,,79.7276623006195,,,,,55.70566920360318,47.02332123201506,,,,,50.078225737452954,59.122689859501264,41.16957732556716,54.249499623701844,,,,,,60.96062810778462,,73.13834590405787,85.95074387929212,,47.066683029668475,35.86015436256638,,,,,,,84.08869166578947,,25.71475735984361,20.86494241420198,,68.24093341122479,,,70.41680418055837,,75.15220678401951,,,,56.43192080199964,,94.30759921994094,92.29715919684851,77.24599816657785,68.26153856875409,80.9830988440551,17.228816877181007,,66.73712299206295,66.54758067341189,,,,,,,94.41028698243512,,,,54.15307503693576,,,64.41383087019481,,,,76.34194796922583,65.58940163197524,,91.89233145754343,,22.149434800258927,35.16958039096436,,,52.536544845249836,91.29723944906615,81.72603559704267,25.884206998421533,,,,58.97150284235024,,,,,59.47795939478575,,72.79610953538158,,,,59.44524777727078,91.65042164047486,78.33379679851701,,92.19917548256036,,,58.282897102285446,50.54769520110891,85.26312792691012,,84.19095196985057,65.2113644475423,68.29621850977131
1950-01-01,43.81941131901566,55.45759534543622,,,,,,,99.48661198033642,,49.21370672714821,81.66691158224066,90.5056208634331,,,,,32.07311116267282,65.88644802788879,85.58713772765765,,,,,64.30799470844151,,,,98.6138513299847,,,63.31428568180748,,,,,59.16141278569138,,,,,84.41389912080145,86.16980348240493,58.82744434740872,,,,68.89932537510548,79.91746598093006,47.90592934604753,60.942902214715055,39.436291105532476,,83.64706305625307,59.906740756169356,80.95803807845084,45.2714723011595,29.585282609259323,30.150853806826163,,60.50005586832141,76.50533840581316,52.0432009894906,96.77752039429032,,,46.77838175675023,,81.10390601350299,,,60.600002016599674,82.6556186027478,23.61508904833718,,,,93.00002087495946,62.51427171468096,,52.237418390183656,42.70128979142853,38.491739879720676,,50.93499148827798,,,38.47289702245191,43.009301550343295,48.86995825059716,,94.26298843441326,48.385147970470456,68.68024368408618,67.36849650614103,55.20800197983198,,76.22302952202425,49.00157806673378,94.31838110826452,,43.45985224714942,95.04600109413761,,,77.34402572056031,,,,,55.4205107908438,46.75332525209658,,,,,49.80157661129548,60.4716151315547,40.91608284892641,48.26303388168224,,,,,,60.672259498840056,,78.3309991155995,81.52482514569819,,46.796583000607086,35.625698343974065,,,,,,,78.4312593327663,,25.52702389526561,20.704322103531283,,66.10938685125278,,,69.31450037996679,,73.52580356550249,,,,56.146035814578596,,93.97380604823907,92.13829260338986,76.98365929414513,66.94621577667279,79.78728483534465,17.090621765555703,,69.46931810758139,66.2614070968015,,,,,,,94.90091843569199,,43.974646998424745,,53.86976138013786,,,64.12608969324481,,,,73.89137064299776,66.57547010931049,,90.93999110692921,,21.98132714442147,34.937877045397684,,,50.97246091871761,91.57453619997932,83.75795506517854,25.695582636587734,,48.35832496524056,,65.35342572622824,,,,,63.08040697378774,,68.6406334738822,,,,66.28098124546365,90.01281300711351,78.07563799846082,,96.0340933332,,,57.995563400986484,50.270147320403645,82.53783471944814,,90.22017937082755,63.80988170571498,54.797844281319705
1951-01-01,49.71875414962469,56.70063572040351,,,,,,,99.48546635603842,,50.41637005280168,82.70867037534305,93.38948993441998,,,,,37.80614592570066,67.13116794909236,83.04698546359771,,,,,65.55829270607121,,,,98.82917690053972,,,64.56696398435544,,,,,60.4150640558897,,,,,85.38469790164605,87.08752955553302,60.080569460084135,,,,66.95521368057396,80.99766507405133,49.09676180962547,62.19786567985932,40.52398321380617,,83.87748468041367,61.16124952948652,81.70339954073658,46.4350785408404,30.498119380520517,31.07528309463271,,61.75493094573288,75.2344622171982,53.26752700920703,95.76851862508272,,,47.95811134975795,,82.15857362062151,,18.126053256719686,63.934160361121364,85.39510728630766,24.39400890587955,,,,92.5737023424978,54.59286957102947,,55.42782191133939,44.42750662497512,38.50793151246841,,52.15148285521527,,,35.01436779643098,44.914617784727504,50.069621681487654,,95.5428833228551,57.57826194315019,75.9566799512494,62.86488849394678,73.20830099888795,,79.70757597411408,50.2023994414301,94.63387681710883,,40.44587487763764,85.69518405575792,,,79.2322988337584,,,,,56.66339294690162,47.932798716161685,,,,,51.00918728799877,64.68671290332976,42.02501933391611,46.0675513933108,,,,,,61.711503883815524,,82.50245367133687,82.56989132670036,,47.97649839254334,36.65259255822395,,,,44.98886787079256,,,76.90341918038413,20.05244312318989,30.417186548322796,24.315417112635696,,75.11488356463512,,,70.05518991965434,,78.1711624951875,,,,56.48340467202229,,94.55219430910282,92.81617120714397,78.11799065111,67.52983177197926,79.61199971687667,17.698465317937128,,71.62621746486117,67.50446958562513,,,,,,,95.53188015197395,,45.12321736506125,,55.105133073758,,,65.37688783579965,,,,75.07031820736908,67.81704418995676,,92.10405661795545,,22.719882461565778,35.95287210263316,,,56.63423220235983,87.91469345983806,83.69389119854709,26.523575613880546,,49.553378037037746,,68.53924194247527,,,,,64.91087747097734,,74.41225570228444,,,,67.5239536457422,89.47612616311135,79.19124694375672,,96.47788687092265,,10.915279468544725,61.424862256024504,51.48153494588574,86.79513295123648,,91.64505571332994,63.55793319575373,57.39833376957178
1952-01-01,49.171054889734734,57.871334084654926,,,,,,,99.42371521908584,,48.93423223287385,82.23605104022225,92.42132173358596,,,,,37.32645882780488,66.5634719267566,82.73350035209243,,,,,64.98783177353182,,,,98.73632384177665,,,65.05484360841419,,,,,59.84240772915326,,,,,88.02194788490434,79.9576434564539,59.508112888467664,,,,66.38715677655608,80.50722231655534,48.55161954465979,63.734073633779055,40.02534591432296,,79.7861751869467,60.5882932174798,77.8062149869574,45.90215629435611,30.078989883335005,30.650868366984763,46.86195083823531,61.18188141979639,73.20913020218167,52.70747277175267,96.3070816689783,,,47.41794510470486,,81.67997324738909,,11.386211130975067,62.12382367343699,86.27534096816176,24.036031797497557,,,,93.06309595762558,54.029203954067825,,54.862170019281685,43.90514212576028,46.268959043895954,,51.59489807171287,,,31.36191334905254,45.842516097769916,49.52053073673678,,95.64472883740723,57.00854921228509,75.26503755829255,62.29201706193035,72.66169047521893,,75.06957847187411,49.65279143738675,93.94394096651804,,39.054721045711325,85.2596161390428,,,78.32626177354771,,,,,56.095219718296164,47.39274739204776,,,,,50.45655143892347,63.311582718746436,41.5167653875153,40.98169390738376,,,,,,52.870318295995666,,86.02348897986658,78.99324140748779,,47.43624878592413,36.18154004768941,,,,40.61005545979363,,,75.81413447820887,19.743877418536893,33.59919678382114,23.958290279814133,,74.57867297277716,,,72.95346143622614,,80.2799624739294,,59.047524192122935,,54.657239140680126,,94.2924398868322,93.30940328217882,77.60236988795428,66.62641166640051,78.68862387441136,17.418812221565393,,71.75798552272647,78.97971488585351,,,,,,,93.95015304809336,,44.597065617812234,,54.5402220740536,,,64.80617382531382,,,,74.53384182987095,67.25088162271864,,92.3605372451995,44.261354220297264,22.380367388618573,35.48722728934934,,,58.96953723347265,89.8405496893503,82.40727316926879,26.143170608116872,19.68147035000465,49.00634743999649,,66.55116422619291,,,,,64.33957446987841,,71.76397422055412,,,,65.9552558622575,89.93078105898739,78.68434676842745,,95.94892645386919,,10.727898984273999,60.851848521102106,50.92721782647618,85.78741297285086,,92.30764202320842,57.780999317401594,61.68703620739977
1953-01-01,49.7966813082318,60.26680279108958,,,,,,,99.3705048406292,,52.355834966689805,82.77533720587459,93.71049218329124,,,,,37.87452647616363,67.21165810209581,84.54790230835138,,,,,70.84547271612969,,,,98.09217417674346,,,65.69220900118518,,49.237514295981974,,63.66255045564453,60.4963795806575,,,,,87.61787029525637,80.52327437350871,60.16186220823605,,,,69.23964158573337,81.06689856295588,49.17433336750996,64.64866529157362,40.59503554456495,,83.29677681158333,57.16654897955926,82.35285237403365,46.51094487968934,30.557932690628164,31.135845463247147,48.288918384902104,64.1463093488337,72.6191611771919,49.97404358503371,96.13633202235847,,,48.034989563945565,,82.22610116103158,,11.611522332477286,62.202857129436005,90.61432512935666,24.445141767678315,,54.137787000058154,,93.6520029861251,58.666119946996886,,60.43382010459126,44.50189417950339,44.85076818721063,,52.019260446268056,,64.43601854789298,31.854255080131345,40.39815833878002,55.57388675733834,62.00906323284521,97.26285452339177,56.164198884886154,75.696950547144,58.45298627883029,73.28567521755102,,79.00438612196993,56.19139458571214,91.96204673288919,,39.32267907378784,85.75653002732192,,,85.92465430142614,,,,,56.744131973052035,48.00966089927269,,,,,51.087799331623444,52.16219906952857,42.097425037709016,44.43879054113018,,48.100895500872134,,,,55.47766417329425,,84.06255198981411,84.49597598983118,,48.05338823490269,36.719753962358936,,,,42.80926553357601,,,73.82230643526128,26.184281583108458,34.11371149360474,27.15707088819499,,71.74651733889692,,,73.9251251153356,,79.89700121785222,,58.46864958073898,,49.21351753646731,,95.41071661303064,90.45198235816878,71.89962301383073,66.64372994414849,75.36817283766864,17.738452058091035,,73.15477909525538,79.55534785531034,,68.00977840417212,,,,,93.71343434462287,,45.19813585401534,,55.10390782862493,51.92873983152286,,65.45783968839997,,,,73.54648123747589,59.64722325156788,,93.01001558919218,44.31254972237184,22.768390540768447,36.01926949517058,,,57.67991228329592,88.68610003190558,79.39486685845584,26.57789469478179,16.60223069407154,56.524585643750754,,62.02092166708668,,,,,63.66604507588938,,74.87127721228447,,,,67.07422933157073,88.58932726294296,79.26285569592277,,96.92980191271481,,9.975988774014299,61.50621139676866,51.56037964357074,84.69205853844285,,90.81553043754005,59.22604790048236,61.561315181993635
1954-01-01,41.89770692015521,59.31394520039313,,,,,,,98.99713031267943,,52.10093476568469,70.76045438494178,94.06332085210458,,,,,37.077192318726574,66.26635120452107,85.27190577056541,,,,,69.91739073401797,,,,98.27479918915098,,,65.22293200030902,,48.33039931580186,59.84529562954464,62.70949089116198,59.543286152078224,,,,,84.35896503687565,79.69680778277936,59.20912286591411,,,,68.30272366605382,80.24904830595742,48.26766200986824,65.07814496973698,39.76608862658062,,79.93972793121353,56.21988331422918,78.22028687134464,45.2359681911091,29.861508059108832,30.43061901679681,46.36624364139942,63.19381155977044,68.99383450808956,49.06190148916766,94.8228351402364,,,47.13665098174143,,81.78189941822843,,11.284347308545662,58.182419828312874,89.67528363875054,23.850505924208885,,53.20235194046954,,95.99259441252916,57.00406881833051,,63.66436541957421,43.63332665779372,43.53463722426068,,51.09457286414965,,63.483930153196624,31.138284752943825,38.37041780668786,54.63250730917155,66.08085561399908,98.79000562073433,61.34469774138602,66.04952373427959,67.43096986193623,72.37498789724319,,77.86559448564584,53.99853901992926,91.72312712144964,,38.50811174196473,65.4789197594488,,,82.60846758620161,,,,,55.79873232836776,47.11151469120557,,,,,50.16856521122024,50.9747764342505,41.25242606544357,45.32997990449219,,47.20205780166681,,,,54.97318808720306,,81.7137657112539,81.72298578359555,,47.15491010612784,35.93681725099669,,,,55.00958995053291,,,70.85312653427268,25.559065960100625,41.62661341642344,26.51531390519026,,73.66898319866075,,,76.04996893981351,,79.12161294654622,,59.30924818110308,,48.30657081893885,,95.82332979073975,90.4906276328783,51.86690051385674,65.42643955182561,74.56908535714123,17.274079060212078,,72.9092404990374,92.48272247228402,,60.62900025910623,,,,,87.33310492956316,,44.323238746463765,,51.65083753398336,44.21362124240504,,64.50763848471053,,,,71.63910873584052,59.32616993805511,,90.82556216818,49.4720685917541,22.20446905205755,35.24534780939847,,,55.25927768609857,89.92328751986815,82.29266706160104,25.94593748440405,16.16193001128583,80.44906257332103,,62.4727221363929,37.159310049337556,,,,62.712989026702125,,78.5590587347366,,,,66.27097213128101,89.3672438214465,78.4177650654615,,97.30381104293345,,9.68869506069333,60.55245678808563,58.78798690650484,81.42010723349465,,91.38964666349727,59.92559859175466,55.39940276497446
1955-01-01,41.12965743374458,58.447262281756096,,,,,,,99.28550410605916,,52.045232882963475,57.244558443563555,92.04440299099748,,,,,36.35961568298909,65.40287597852716,82.61060841885501,,,,,69.06747262723918,,,,97.5800211192842,,,65.86701504755537,,47.50994330346755,58.97789829990883,61.840900602889825,58.676276389893815,,,,,90.68631740869371,78.93328419742733,58.34259864260323,,,,73.43531712828249,79.4930183336551,37.37201073833462,64.1594114558039,39.01920451845547,,81.41480313437955,55.360287257731855,76.47631828315676,44.4385320993668,29.236634322482157,29.797698209413227,51.6390682675435,60.504454235568275,63.966571363662354,47.4150733092371,94.80495508291418,,,46.324584735967235,,81.04842969421317,,10.993216939356987,56.270378405905454,90.45336529925112,23.318301707379618,,52.354276892090624,,94.61238116449768,69.87831782584604,,62.79640801539661,42.84941881525371,42.83878386065687,,51.35467767176174,,62.61581250626487,30.495532722710685,37.63838555620753,53.7913249121029,65.21692329840639,98.78624597425086,57.28151272352244,62.601588469361545,66.57086389138827,71.53941320562727,,77.99554455921523,53.14699628672099,89.7814604560057,,37.774579562878465,63.990770146691986,,,81.80417971571292,,,,,54.9404769053283,45.41149309017348,,,,,49.33642129716984,50.137985455074926,40.49058862274813,49.168579672524274,,46.389515781575,,,,54.02357308474019,,76.58881133161299,80.98859932827004,,46.342710855300915,35.232537095494656,,,,54.828586515722066,,,73.4375567583942,24.505590731585215,40.86115297082319,25.94029243236421,,58.62154881699608,,,75.18150158996225,,77.1801515629985,,59.5405541496868,,47.48627616905047,,91.97155467089453,91.32462363248172,51.02531369127896,66.90141546971715,74.83847311242671,16.859653506894258,,70.78624647500858,97.65563240260717,,59.00614054626065,,,,,86.66936598663771,,43.53337487369742,,50.8103785651965,43.42469038115166,,63.64068493725294,,,,87.25787620904055,58.45946889149425,,89.96341347493863,47.01033402202609,21.70010796631201,34.54937935978493,,,58.99637974400409,87.2670208769417,81.8720284681705,25.3798315059915,16.115653858755884,79.69582754916757,,59.51759426486581,36.44079576990487,,,,56.36055647886984,,78.22624007696936,,,,64.8915507394479,89.91325664450113,77.63810091710906,,95.73892766260036,,9.433277320763377,59.68434418603592,57.92215881085703,82.02797421596452,,92.61181068908802,59.058106441463785,54.54249966808038
1956-01-01,41.64100450132931,59.02505339412218,,,,,,,98.737425053528,,52.60936005354433,53.37423239833219,92.17965788174988,,,,,36.8372026912553,71.66698644845526,80.92261960568044,,,,,69.63469417579005,,,,97.89636741074467,,,71.23029396562667,,48.05643239370004,45.57411437490215,67.48964648230704,59.25429718783357,,,,,92.81374964443656,73.08605750877902,58.92027859099349,,,,77.8978802290423,81.34232454123571,37.857284918040826,65.3898101572556,39.516387495915794,,90.1702236723578,51.78374983943617,78.59245331495377,44.9695685808158,29.652324006693377,30.218756863494136,58.07505263162695,61.08363176896518,64.54450989423701,47.9611266918783,95.34385822017903,,,44.318258142254464,,79.75787344538377,,11.186632666354834,54.65443618309147,91.41794962372502,23.67220326274051,,51.955141042539395,,92.33460738903493,64.51541451169854,,63.37528312426577,43.371387143046746,42.5794096135951,,51.916529843103554,,63.19478428949046,33.648353413494334,41.6216070244905,54.36052626568615,55.399549963147535,97.82554353974501,57.32501041681894,66.583589042353,64.76742754993788,72.09722846316227,,81.94963819943705,59.0349097652056,91.43805437806365,,38.26283283854455,64.56868357416484,,,86.644417941798,,,47.77638038289799,,55.512477258796,53.900375582498604,,,,,53.11474280860078,49.16932923084426,40.99777728262733,51.87952384102263,,56.30190335573104,,,,53.9769655339994,,75.05617235753371,81.07376929349918,49.49042201838695,46.88365352365076,35.70123886689007,,,,55.602102162803746,,,76.98953531542999,24.872647318477583,41.37076677168366,26.322734159541874,,62.95629609628859,56.62723927023774,,77.79281605884987,,77.06791468897465,,59.528777202065086,,46.41773909472161,,90.39535318877144,91.13237810950876,40.801928344862624,70.60867343387525,78.75858888209973,17.13510987293668,,72.19204102445273,96.23090629217815,,61.0636254975345,,,,,87.72640616735015,,44.05933464710117,,53.93308492027889,39.401591110462334,,64.21893873982324,,,,87.66858740140196,67.7400109216687,,89.46110660270215,47.55449848868222,22.035457334907306,35.01252835465416,,60.69638220178373,57.087673519087815,86.19223386804616,80.55697912122716,25.75632941553323,16.381300788145147,73.62373245894224,,53.63743646548067,41.02034934105283,,59.24269441311618,,56.93540869499279,,80.13537330994683,,,,66.86588097757893,90.08310753409633,78.15903980872466,,96.11413743686286,,9.602943216574944,56.72233312447796,57.896022674185474,81.65369069112894,,91.44024555174704,59.63646862860974,55.113579889701114
1957-01-01,42.09932263156426,59.77386084586962,,,,,,,99.31923377107466,,52.240176694247474,53.88028469417561,91.2357879766088,,,,,37.26579229126219,72.16358792799981,80.88549865959045,,,,,83.37432562246934,,,,98.02943372731639,,,82.014494376535,,48.54539756255184,38.233578740314385,67.99910560288461,71.59104542815138,,,,,87.59222512183153,68.00375005231736,68.92989110687276,,,,80.71785093834717,81.77676862075249,33.82317578475323,62.143496008217426,39.96225684382251,,91.31812951083938,52.285516661495215,76.27921311836516,45.44511223387462,30.026039225154488,30.59724547267869,61.7390285439559,62.91992323859954,73.92802017843027,48.449715084791556,96.22829973263866,,,44.79065315668819,,64.96822878676085,,11.36138450565145,50.043400490972864,91.97223408761029,23.990847379472914,,52.457404163163005,,92.64985227997286,64.91505839524878,,61.59575421639878,43.8390110262153,43.62267178049129,,49.41567697149994,,63.71032233265039,34.05411180446516,50.76888171870828,56.87247847586314,55.9100016600877,97.09535215037435,47.97310872790796,67.27126470021612,68.16494356783397,72.5920806678274,,83.95961956678674,59.55015982337808,88.01082670311081,,42.601550923123,65.0830137306762,,,86.63474117838187,,,48.26423151007392,,56.02313866015085,54.4076859991329,,,52.61750095408555,,53.62014519849736,50.067651417665026,41.452444787820575,50.74313657409171,40.75689113122385,57.98893183816109,,,46.42568533310508,54.02743769279379,,77.0903733765619,88.23223375389017,49.984761632525675,47.36781437005616,36.121975788077556,,,,54.43959692714755,,,78.49307753098174,22.399632265904522,41.827563740191344,26.666844817351887,,64.73338158139303,57.13976518498822,,82.9523716061611,,74.58106222097749,,60.04436017005539,,46.46920346444173,,90.9633223999067,90.97503718768255,41.25546385380524,76.68225654384037,77.80605864735986,17.383550174537255,,77.5228948613878,96.56281121289469,,,,,,,88.08899065059315,,44.530447714502344,,53.0150811245186,51.66778201067261,,64.73364030405126,,,,88.02893558117901,68.24890077967143,,92.89779085227704,48.04145214466179,22.337523999801867,35.42835294634281,,45.977216036805146,57.60085947908318,88.16915987326239,78.86523815688817,32.22149874323388,17.84921980229409,74.11169265405289,,56.17497061247416,33.60234470418485,,59.75809407000219,,53.53007134808691,58.76240285305232,80.50024262032126,,,,57.23189136317293,89.86078007108873,78.61966667021171,,93.88392367593077,,10.409422437167681,57.23500066997496,58.75903860220482,80.80441212772172,,92.39067330043963,65.99426568395634,55.62348356093834
1958-01-01,42.47540043624938,59.676505693344865,,,,,,,98.25798833689777,,52.65080396447148,54.432763253060926,90.54845871036153,,,,,37.6178523842071,72.56754034627404,79.7258744471684,,,,,83.71282583820106,,,,98.85679102017524,,,82.3373062274597,,48.94602097083006,38.590822045246284,68.4141799360626,71.9968885544304,,,,,87.8877326316178,68.41881525260042,69.34299403704918,,,,81.07745477685367,82.12844725694278,34.155303120901294,60.907998550460384,40.32829441439198,,91.77367226579547,52.69624747065373,76.87109857217365,45.83502568896184,30.333501101207183,30.908596564061142,67.40772695267279,63.3409880157062,76.38499901168558,48.850039045356176,96.1556600599471,,,45.178043801646105,,65.38781283787473,,11.505773084162385,47.780939263324576,94.02549229293561,24.253340972198355,,52.868523182884864,,92.29997914610486,66.59933652988914,,62.91228396446098,44.222573103206365,45.063385769073264,,49.81893159673413,,64.13096001209489,34.38764884575309,51.17589348538485,57.29116980416433,61.39307030935588,96.12626314041528,48.37191130406977,64.87560858666015,73.56690727138769,50.054802733461656,,83.61596345242506,61.48847170774185,88.0656475389151,,42.69407096217744,53.320537407622396,,,86.99671204515457,,,48.663969277141575,,56.44073965461072,54.8227261098718,,,47.567868986890126,,54.03370970553485,50.472767359259564,41.82558129167286,54.96725272079666,41.12677005667662,60.41501039079604,,,57.10065331150509,53.389753386024054,,73.85523818780054,85.06654228191661,50.38964618868125,47.76461358115777,36.467671215803236,,58.128924149866364,,54.38566729453509,,,84.4708058797926,21.84921435172601,42.781341970860495,26.95015378231014,,65.69569428234897,57.55876252797607,,85.78732893032253,,73.70960482223097,,57.68209210287918,,46.862882764386185,,90.38237402022507,91.2251182098976,42.556315446399374,76.75837414120625,79.23956454516822,17.588514260611465,,80.23482880461145,96.27825172695752,,,,,,,87.83377136313918,,44.916810318159825,,53.427412471068195,49.933152826954654,,65.15345621290345,,,,84.18667539844667,72.1212777317484,,93.27985256835129,48.44047592296198,22.586451241921747,35.770063416027774,,46.36911398349387,58.02034255141475,91.01484404465626,79.59518771994514,32.54356326966648,18.0585330855755,77.13301684380443,,58.828811618154496,33.93311429766892,,56.317269660826156,,54.23994319972765,62.79615063317667,79.14323038899114,,,,57.65099003252803,88.94557603399124,78.99322622933612,,94.2750340843704,,10.543449469884136,57.654102721965586,59.057405921895636,84.95277591471306,,93.23796556939203,65.85970271990537,56.578282460024184
1959-01-01,41.81654745964263,58.93825782146082,,,,,,,97.61631160244578,,51.930833113190644,53.706188342518324,89.49498566606144,,,,,35.92416508220096,71.85775336695347,77.72814975988933,,39.23977305948306,,,75.31414980692745,,,,98.02282636824863,,,82.28557838228441,,48.24380877446283,37.96514740924914,67.68524720681074,71.28383595906007,52.8100842307889,,,,86.96241020858776,67.68396984533831,68.61743967421762,,,,80.74058854356554,81.5094869985373,33.57380469182405,60.168780515057804,39.68713479295067,,91.28900424677663,51.976092254875205,73.45294198665013,45.15175639459844,29.79533563886433,30.363601131414363,67.1393480947901,68.84080736296299,78.18654264557658,48.782758880467135,94.56604570025102,,,44.49923036749514,,52.729650765720294,,11.253408835343448,48.72913927129069,93.5824355142233,23.79408705906606,,52.955696566008,,92.99192421489984,68.14969524636835,,60.91781167347789,43.55051829844471,46.56561392479903,,49.112056647638134,,63.39262201227975,34.180727652375566,50.462351653811346,53.69641232325222,66.9366438873248,96.53861570640238,47.67292335678432,59.97389776376447,72.44245487657878,60.16824090600967,,83.08194828005263,60.29483292869631,88.2767767419792,,42.839101550449186,57.497897008247236,,,87.04765112246287,,,47.963325563618575,,55.70829423010804,54.094879186933056,,,46.873604697098145,,53.30850135826131,50.28483327209041,41.17191342879614,54.23895037803923,40.47884304157399,58.998528488649086,,,58.33494121752385,53.430080561413675,,73.15361214968605,85.67905516148258,49.679880438358595,47.06917111651888,35.862315795984046,,57.392874674991944,,48.169446847217344,,,84.63214226012896,21.40272108497513,42.12009917979223,26.454384841604917,,68.62039883519489,60.02929896319744,,84.59187731562899,,70.83932228838059,,54.181971591528935,,46.17295818992726,,90.54214176920745,91.79279956725227,35.43954665146736,75.84209488146432,80.27476920701255,17.230092493104877,,78.7371005472115,96.70624171780395,,,,,,,90.08943055807501,,44.239812095541375,,52.70440503410081,42.05914845730073,,64.41647756108753,,,,83.59810448504078,71.72416926237139,,94.10699763509042,47.741096376823386,22.150985989394435,35.17171654640337,,52.3805592408648,54.37752158695013,91.94451230508804,72.24560226664978,31.979748605352963,17.71668089973145,76.80814846601905,,59.262077672082405,39.82048135419861,,55.585136123769566,,53.06053521507217,59.80938937295601,79.85641983189761,,,,55.414065612845675,87.42952016372887,78.33616719880956,,96.53507922303015,,10.309216268955357,56.91894145797605,66.5503934348232,83.40782953589078,,93.30514738473,65.12397978813323,55.84549727436057
1960-01-01,41.67736719938719,58.78166117624117,,,,,,,97.52291211957848,,51.77839011783006,53.55227950539958,89.79114233911794,,,,,35.796314614809546,71.70655994674968,75.7500779962216,,39.616745637694486,,,75.1679253430215,,,,98.19606156734669,,,80.65371656729849,43.01618892122532,48.095256007362806,37.8330843353448,74.09603842580712,71.13198065482418,52.65688140833578,,50.2818583807189,,84.98933097509098,70.092460745237,68.46307306385819,,46.24304083364957,,79.42542562848179,81.3770293136739,34.27791030470748,59.65888422373802,35.78213451816524,,93.34849541480797,51.82360854010075,75.09862756988821,38.01543484169234,29.68193509716811,30.24874801630766,69.89325036613695,67.8488606352041,77.04108951236338,48.63356786596081,96.49003282486096,,,44.35574931092836,,52.576514704669066,,11.20044905269818,51.11169390649684,91.39195829474389,23.697434315161825,50.79901554366209,53.58556717874157,,92.64833662009642,76.82154755141958,,57.72283713269375,43.408495554224594,47.20128673173395,,56.4052469950175,,54.49784882683944,34.05671407588836,50.31132339639566,53.12823599162802,66.7811468435241,95.98320553442815,45.55977033404325,58.3926610476146,75.29612620859348,60.01138457514721,46.69525731540257,83.64919216736591,66.63782683602754,88.1447732811906,49.93230736104638,42.69821747398104,55.296120169581144,,,88.69149071362489,,,47.81511421690608,,55.55306260759547,53.94068582638116,,,46.7267794996945,,53.15489726534921,43.85156900529328,41.03384769550233,69.52249930137698,40.34201021009278,60.58002915304732,,59.65324897611022,57.63378085168684,52.874418488634966,,73.00407962587445,85.1846961154713,49.52967931387339,28.73130609146941,35.73459769822498,,50.54106415284947,,48.02098398181652,,,83.12738230616733,21.31346640029179,41.95716438043804,26.34998966551587,,62.34398160635182,68.37104239842256,,81.31604613420174,,72.00724089589427,,57.173259442522784,,46.02707394621124,,89.60282861311221,91.17757481861574,35.312740755117154,77.82399187085758,80.25511661809938,17.15476728771246,,75.6646808898253,97.46154816384221,,,,,,,88.45989277635191,,44.09672294150507,,53.051916665485855,45.57661477455396,,64.25989856449408,,,,83.47198206221435,73.83328480951256,,95.22385298619577,47.59316002157793,22.059371376581026,35.04549520852018,,52.22771935904089,54.3102068115286,90.57461616000624,77.29348295041333,31.860890089504835,17.599050549071805,75.37022003608448,,58.36480316833325,32.78290208360269,,55.02883711389013,,52.865801872856835,49.181524177265146,80.74203170343675,,,,59.12869646560357,86.12676082998824,78.19580223569548,,95.6859615300991,,10.260073856419094,56.76308474362728,60.00085058284566,84.26008765329176,,94.90242690775727,64.96763264203018,55.6901881071429
1961-01-01,42.16200370189755,59.325971445061995,,,,,,,97.37661689719886,,52.308678427831026,54.087565320463746,91.99399662497288,,,,,36.24174006744488,72.23113612465114,79.64708051095305,,66.81643802896144,,,78.65843552806184,,,,98.3673028216389,,,81.91928565001989,51.08052973377586,48.61220739425477,32.83201879084644,70.79627586912379,71.65890383886013,53.18976313204431,,51.854695214495685,52.447420418092875,87.70160042647957,70.62324329668614,73.8293208359881,,46.751824413219026,,78.48957589762628,81.83568321903108,35.344783911181565,54.54116416876688,36.227454666743284,,95.98414981365605,52.35403596553054,79.94091680819263,38.47670641828083,20.74300711591003,30.649089676367215,71.52304627584991,68.38634307795299,77.23862257116261,50.298080142396095,95.45711136936798,,,44.855234668332436,,58.10013096278048,,11.385387350216424,52.77022840181373,88.94695624893943,24.034532854591497,40.194876938450655,56.68692414393641,,91.38178867803819,74.03229907350331,,62.772243965619865,52.73922018707542,48.58106618872707,,55.067292611672535,,55.035407457788544,34.48883948044832,56.64900433809248,58.49704675806997,65.59028805924108,94.67092484854776,46.06530027821704,56.98114245827692,69.32152513729064,60.55651641625674,47.20612335919685,74.24649122630852,62.491133333831584,91.99766954051363,59.28040475018905,43.188739684670786,56.03979077966172,,,86.79033761865654,,,48.33089194654067,23.190257832497696,56.09282982670805,54.4769385293451,,31.797283707883707,47.23778858819981,,53.68914615399307,53.16040700041751,41.51463222815413,68.31475190080376,40.818532053504896,62.858370501166824,,59.15896505854843,57.916599273261646,52.72962040083142,28.3701522262064,73.52277706682935,87.29167475549835,50.05229099777608,29.117964566364975,36.17956445579016,,69.932037530099,,51.19604897877945,,,82.82981330628706,21.834433820892297,42.44344156678586,28.560965123297144,52.447420418092875,63.58425086390205,68.9071587750893,,76.96730719248404,,66.42988440984237,,57.71573057075538,,41.218765084054674,,88.04348693160749,88.2075022641924,35.75454620410415,82.0820530775562,80.22994097357851,17.417642312163974,,79.13451602501088,97.47600248378168,,,,,,,91.16020516625505,66.48212206637977,44.59485638576902,,49.39480536389155,47.7117845005859,,64.80376940042393,,,,83.90844792593225,72.65041486330408,,94.4558319350425,48.10799217460803,22.37894606818911,25.78485430681451,30.408780352853082,52.75936299085839,54.84733634322774,90.14559815368789,79.75428744869883,32.27513387557522,17.668020523454576,75.87602357036907,,63.79496705112848,41.69099561886165,,55.56755069245041,,53.39926625920231,51.12553768587871,79.60343484130205,,,,59.334074538857195,85.7713172736669,78.68220360324477,,94.75096105233125,,10.431700577182145,63.017053086079436,61.79052905380193,88.06803212168145,,94.62770284229556,65.51064570750577,56.23021663972041
1962-01-01,42.1827431314578,59.34920372158585,,,,,,,96.65528805761838,,52.33133827009697,54.11043234788373,89.13660167329303,,,,,36.26081656404105,72.25346645039915,81.54912021330762,,66.83949237495361,,,81.1086406825353,,,,98.96857799631383,,,80.98678279968802,51.10302305498071,48.63430959521155,32.84996532618284,66.21060054070634,71.68133723954801,53.21253067844107,,53.16038028973629,52.47009787654706,89.19565397803699,70.64584662512796,75.02467695124288,,59.110406588454744,,78.51030761316703,81.85514994807914,35.363575221715884,52.87604322619781,36.24652668909305,,95.97493957228555,52.37670159375505,83.92477016557292,38.49645575118381,20.755949171265975,30.666247782171386,77.43142327314483,68.4092433782666,77.34254623021842,50.32045756258259,95.55197285100938,,,44.87660158780128,,67.33728648983181,,11.3933347164642,50.589913154856504,89.33040212883817,26.7346720830264,43.132173951196826,56.710019307857436,,93.27470472216955,82.27076894080047,,63.26817885923588,49.16125074294211,51.16687117533818,,55.09025619281065,52.04680989352721,55.05836809589682,34.50735059981223,59.616159066370344,58.52024651491501,67.64502308045543,95.97490589440021,48.91122121125827,61.83873823343025,69.08436252632684,60.5797786805802,47.22796983589057,71.87828800345865,62.60370772367809,94.51331450979666,59.97065599401168,40.974807399509864,54.92119588053255,,,79.89422687113958,,,48.35294487390897,23.204339729202715,56.115880830480044,54.499845441185066,,31.814862823921487,55.84037376562188,,53.71197032312096,53.9412611002152,41.53520862857476,59.472771300045245,29.186344990129086,63.76918698235543,,60.25594106743903,47.63021208592365,52.00440404540841,28.386433299468884,73.54484987047523,88.76847167496251,50.074630451297054,29.13453950117708,36.19862146270212,,69.35798567495681,,53.465404587140284,,,83.3881443264253,22.690949965076157,41.3034425938415,28.57732174259402,52.47009787654706,65.03593027150166,68.9299982361663,,76.42892761256986,,68.33868472000611,,59.040046271053924,,41.23926541834163,,84.91289139865808,86.72065406743906,22.816657126022143,79.27773941878687,81.20702461114429,15.741979555689788,,78.4516713982858,97.11920356364307,,,,,,,93.06567161075058,65.04194797859513,44.6161662488369,,49.41703962211514,49.36559772453259,,64.82695924100624,,,,83.92695719313576,72.31651077249815,,94.46037288476745,48.1300053865515,22.392657352545097,25.800073655584033,33.763815896443816,52.78207916307716,54.141160626336074,88.92339983174583,77.57777392704683,32.292884082800796,17.67943582509881,71.56027424902632,,64.93450837938562,43.14998636684779,,55.71284235079934,,52.95233665316428,56.81472263947591,76.70233480213669,,,,59.35730708474709,76.2116676155265,78.70287103839154,,92.41492009511268,,10.439077087661142,63.04030759021914,65.04469682999216,86.89359924114733,,94.30669158153808,65.53379568841365,56.25327828150461
1963-01-01,43.195426084227485,61.071083847449344,63.854785499714886,,,,,,96.51956387240548,,53.43447060545783,55.22301495947597,88.10301140220587,,,,,37.19381242564867,73.33206855955139,85.65763026459793,,63.92169751993162,,,84.6477549379164,,,,96.97529467302806,,,82.44689566670225,50.56003501045359,49.71152158371991,31.758127256817183,61.611612042486975,72.76523209348007,54.320594893244504,,54.26816628200346,40.68932242030898,89.7669648459773,76.661127544932,76.30723703897058,,64.10037850708142,,81.6318463820719,82.78977131124051,36.28284447366879,60.02056962215192,42.28722131411777,,94.72367166596908,61.578170323764645,81.73072590446806,39.46177480303669,21.391553471576653,31.506670015235372,83.25399890173941,77.42143820363282,85.00688022406287,52.743439115593716,96.70982663142917,,,45.919127383181625,,74.79145567699517,,12.979278333346079,58.42412522199274,88.86718617665147,27.50012389775459,54.03535448093808,54.30325932259687,,93.9241095245793,84.8288732013598,,63.02834193840818,50.242663530010034,52.76479832783616,,53.9836298355532,70.0656429219689,56.17515743311969,35.413120253772675,59.001836158450516,55.146120864735934,68.62053579873375,95.62057423614426,49.99066142159325,62.96785261040259,68.00634691076036,61.709060142864324,48.29316436822799,77.49395485704775,62.5417645225373,95.09987133217084,58.71300269628436,36.60103605207659,62.09134081578001,20.472394709722774,,72.5699963870635,,31.87602882471461,49.427846072273695,20.976399909493036,57.23666914441967,55.01268732710409,,39.34808078508011,56.960191454989165,,54.82261142407814,67.60032494592987,42.540112743074076,60.81201590862424,30.43743062277866,60.81328168229299,,61.044676445072255,48.69896285329877,52.81670457201753,21.689768597703797,74.61029239516492,89.19828761749532,51.16293001630461,29.946726782088497,37.130679705924585,,69.12761845004663,,51.85982321417695,,,80.11452773856554,27.785834088173967,42.30550606148651,26.207691723718753,52.97622425276436,61.148778817008065,85.61654925493522,,77.66637480457422,,65.55593048786872,,59.98097452626039,,47.725930269580196,12.36609107385176,90.11731484252789,85.76001939885728,22.539975288133395,82.80580328563235,81.94275746269514,15.953049819628419,,80.94811401111035,97.3907586721048,,,,,,33.56097887632009,93.84174281875477,68.5342718474476,45.65598590127102,,50.500431667946884,51.90653076059859,,65.95087202340031,,6.744289005089554,34.86972886901016,84.81406248023652,72.28052899265998,,92.63039171895633,49.203042286603626,23.06573679907182,26.54649709776118,34.65754629447672,76.95260773069272,54.22510523791628,89.46722040518785,75.76363618291676,53.31239126312597,22.620394042886026,74.49042374359007,,59.48738178483419,45.629991719614914,,57.46888369250782,,54.1517056460274,66.3770001503257,77.2960715979936,,,,60.48564817273121,76.40126221180245,79.69741057120575,,93.14120446917286,,9.726541736133443,64.16815862846606,64.10714306613374,87.287586028871,,94.53693252395716,64.45328967534425,57.37453177279039
1964-01-01,43.67961995172177,57.82332467541509,75.51393784623812,,,,,,97.83529363201146,,53.95960488923313,55.75220640212848,89.02504362118698,,,,,37.64095894687776,73.83966562359275,85.97918425167282,,66.61113465597658,22.897890084916938,,85.06250607444966,,,,97.16115123691941,,,83.20269563681092,51.076653991664564,55.07853734961914,30.592423016449466,63.904479050016214,73.27553713065382,54.84786069352212,,55.42013105847219,34.41056922210461,88.8060293466842,77.14951841684781,76.79795039463518,,61.782913645852666,,82.0796327187472,83.22571307269465,36.72356655396075,60.55568009355243,42.76640575023989,,94.92467087275234,64.44141657238562,79.57126278913675,39.924005984110735,20.50111022672233,31.910322276590406,84.46727403527609,77.90460033690522,85.24704640193032,53.266747911608306,95.95064309402859,,,46.41703593491443,,73.99473549745795,,13.184741807110312,62.573171113087554,88.1238585222134,34.806381293703836,54.561960006835776,54.830485698398725,,92.71269366060812,86.09953268386109,,72.68726022084182,50.75819534722024,52.982592227486094,,54.51011299229573,72.1772534007852,56.70610829379419,31.346493919355535,59.536315727318545,55.67515795724791,63.39958659424801,95.77547343193895,47.00214121118945,67.61775625132458,69.60434557348461,62.24443977881373,53.63881485972484,76.45800759196527,68.8503206263874,95.76561526811743,58.915225541856884,37.04402579975328,62.97406861734236,23.346708668974614,,69.66176589069987,,33.503624376674956,49.9404554045429,21.278318998991487,57.7692461372878,50.52946879983118,,39.809586857579795,52.69816485636811,,55.35097921851406,64.92812258936287,43.02071375462013,61.347374716321454,27.98511080927113,59.82564929081238,,61.63006268619906,50.27295988995903,53.321682223495735,21.99946026529217,75.11119838938097,89.54753743019498,51.68153462015361,30.337047545173835,37.57738771996375,,69.65174701693395,,58.59757782331052,,,82.1930636872746,27.612975587932663,42.78479347986236,26.563608762608816,53.500163858387204,61.6841781805068,86.01908740628366,,81.27020467411671,,69.37969673088797,,60.516066981683366,,48.23183336578938,12.563409394489256,89.78249864310918,86.16067632311945,22.85876006867712,84.5640859470002,84.41268448684689,16.239171355608782,,82.68788545218445,97.22299461865228,,,,,,33.98126970870917,92.78959093555588,69.06010188770787,46.15265606710094,,51.01684867403231,52.58249102839076,,66.4824232036867,,6.861162702677381,35.30007402645644,85.22677642609857,71.18404168084759,,94.61366381377337,36.258998755949754,23.39005254721166,32.9332271635393,31.949019886274964,77.43903298298403,52.35933246026576,89.33620195714435,76.33545990206188,53.837213399807226,23.438806387403478,70.57635145504656,,61.245375735218644,46.09939010461762,,58.00176862764867,,58.00675114310603,66.55028683995647,77.86084844644819,,,,57.44099768695161,77.10215478958254,80.16286786094152,,93.2446895106177,,9.887447720839237,64.70212993539981,64.7083463992812,85.45001105003051,,93.51226030019166,69.76256560421459,57.90729367144187
1965-01-01,43.0992496892945,55.426100755405194,66.84270792549853,,,,,,97.68167400706922,,53.3299842751642,59.552898426993295,87.48017282578849,,,,,37.10507624251071,73.23062003831325,87.97153669824527,,71.64847059504515,19.56099393666655,,84.13378085237588,,,,97.7995070718069,,,85.02888589983793,50.45729456292782,54.445722778430024,33.766033975392304,63.263219205770696,72.66325922451348,54.21566772822635,,54.786431454386374,33.902933781627986,90.3581232655969,77.32803009725987,73.69558717930813,,59.608993724175605,,82.44856716286913,82.70234206289186,36.532376432334225,51.41567891385992,39.35282922368864,,94.87794969077856,67.77458226736557,76.53664263965177,39.37001370835145,25.39502956155937,31.426632640811537,87.03211294382004,79.8096678883296,84.75178171764223,56.993723505683946,95.18901684369484,,,45.82018403543022,,68.89789179462996,,12.938655112467723,66.26491603427316,88.33910704962456,28.457572987887847,50.63066502973215,54.19834033273112,,93.68192623619476,89.63823111815977,,70.98389143323433,39.999981476582306,52.356124877130306,,58.97572132462814,67.41275920847826,56.06946083396556,30.8684537271965,52.79816668501609,50.8437679179796,58.32387493683251,95.68256081566547,46.24670170054485,69.25122992183567,66.25132866322272,64.029669184034,50.70097020332325,76.55838389543995,61.236167669087706,96.82694866258747,72.35091583784022,41.307337705592715,64.35416684165196,23.6699971022424,,67.64984985163282,,32.93885498607345,49.32592259544115,20.916628007470315,57.13062754585889,48.49584388575293,,43.223425656678025,54.061472222727346,,54.71745535157786,63.32056745089465,42.44465977054435,45.43962011116168,27.542650530326352,52.305148078804024,,65.52050591902704,49.656969636363144,52.69408236060566,21.62845125841524,74.51014248310518,89.22214598684394,51.05978401220646,29.869350530411708,37.042031382173924,,67.11889448019765,,61.170690139540106,,,79.67597743686318,27.842819935171793,42.21031745631689,28.88269470041499,52.871984127902195,60.661675057196376,87.41237652356898,,79.97272367769695,,72.38640660449218,,57.56181494269323,,47.62536868902594,12.327082573351355,88.51978563071397,83.71259475231538,22.47684942970436,85.90181734129374,87.50539057912727,15.947006182069746,,85.1575307661472,97.54858574095776,,,,,,33.47761717054474,91.35959980275963,76.29299032546785,45.557292820314345,,50.397732433126954,49.646280289793545,,65.8448406566216,,6.721210610003226,34.78435645267153,84.73120876459606,70.42806809689691,,93.36417883703353,34.807271737778564,23.001510610711094,32.185961845729395,30.711493275643818,81.0060947861766,58.55647534614683,86.4718391988414,77.32501570640316,53.20796931530967,22.431032295587805,66.33020000585547,,62.51278240292761,49.9297922474565,,47.87668460676332,,50.21551222235006,70.2291683910772,69.12327482656826,,,,61.96695205447587,64.42958088657977,79.60418415653456,,93.09362469884233,,9.694747724711538,58.69213870549994,65.01119153580868,88.71382843899023,,90.88148603612531,67.71302393720275,57.268450560538994
1966-01-01,42.686677755063805,54.972908215338336,65.369308020066,,,,,,97.014765271968,,52.88109710610416,59.09463226185727,85.61429163126766,,,17.596769865725715,,36.72472586626577,72.79308162145092,87.2610554663444,,65.03267730138633,19.318270552409945,,83.76900675932983,,,,96.22799762884291,,,84.02393246636413,50.016101499978745,53.994403424715706,37.85521016072306,62.68475923953707,72.22352288835366,53.76482388083266,,46.24603376329425,33.54292544589976,89.20423194553196,82.91986239950776,73.21667183380956,,60.146504204039395,,82.06811326913378,82.32412693108954,36.155506290660554,51.09498309848106,37.93047189529767,,94.78230273522027,67.96422469462293,72.05816222115209,38.97658012530414,28.941237688662124,31.08382020011431,90.64565905038981,78.87007127077506,80.57623134003143,56.04043163594443,96.92855118318691,,,45.39558216790297,,70.22132687003253,,12.765095229869061,65.83776847078369,88.22852578630977,29.28486798780734,50.88247458211646,53.7475328491479,,96.8618667973458,89.16322430355356,,70.56749555007809,36.29496834288561,45.08865924865607,,58.9063671806836,71.95817599694115,55.61517536761937,30.529692800887553,54.165004989149956,50.40142189526171,55.38217342271561,95.51060163475864,45.82036541659667,68.37611060324052,67.35917313105344,66.78189355211981,57.43608812986602,76.43064907739391,64.71103207279026,97.27007182126573,72.37125150191468,40.01454463133891,67.97265201667318,25.82744885167385,,69.0696141717449,,35.21460625127357,48.888311221879455,20.66096526284745,56.674779320504975,46.75567403123707,,44.525643328323895,61.80059519009215,,64.49291025126578,59.474019930266174,42.035227738126046,46.29859162904021,22.980326227938697,52.62751953301099,,62.351222221863935,51.62230961996217,52.246722259361,21.36615324981549,74.07805910455075,89.21854576313824,50.61680933204489,29.538002380439778,47.11768845945943,,64.99664161196333,,66.55604222544976,,,82.00266728131686,27.508902906342303,41.80203240546048,28.742173789201118,54.57580908175424,60.98295057671961,86.97990797098427,,82.22831927958973,,69.78186245317946,18.428637258569324,57.10541822203863,40.41968943222466,47.02135280904975,9.438939543660819,86.67300871353825,82.75020841383986,22.206784694959747,86.39368984432178,93.6228817349038,15.740766297953135,,86.25027795184339,96.9875718062047,,,,,,33.12047180412041,89.3698113712683,73.29615451145837,45.133780602638296,,45.451411080215664,53.9179135159535,,65.38830646383609,,6.369091689593597,34.41853481478906,84.37247380515586,67.03306951515131,,92.19029641597749,34.441301125776704,22.726719431286046,25.162384387902947,35.06119387149339,80.12322145425016,59.74611947850359,86.85869742854592,75.80516232105639,56.06422637792563,24.063587048773638,56.74281334321263,,58.51659695411215,47.9496847902126,,52.448970345483595,,51.50178734263682,69.78146511386754,70.78124010587665,,,,61.50793203732026,63.37011369014913,79.20135208681562,,91.4089962322897,,10.236103822907893,58.2345454932782,63.813459608109625,84.70943430788924,14.591842050953785,89.13964937303723,68.33635132367726,56.81242153918038
1967-01-01,43.21364219184943,53.336256641979496,73.0123660158449,,,,,,96.85903870307422,,53.4542540058371,67.11665787939465,83.46104204126185,,,17.88505746585698,,37.21062236805474,77.0711421600325,87.07552804503153,,63.88692394640374,19.628508580581126,,78.6460979355678,,,,96.68592995223644,,,88.72071949106004,48.63840112191842,54.570643082284676,40.1437323652704,59.24060898306529,72.78452327559744,54.34046113774065,,46.792684116106244,34.00287814683007,89.50441045460842,83.39515915182132,73.77264057212922,,66.56273044872138,,81.39061962570777,82.80629934295891,38.36264369655722,49.91860963062901,38.44826228864402,,93.86943683723786,73.37845253534717,78.92627819694414,39.47915660710096,24.956986806293525,31.52183458986302,89.82179326149561,79.3866869075865,79.83173236159207,57.75371406974481,97.05752820971331,,,45.93786596535622,,73.89328976123173,,12.986979506372865,64.67988972091428,88.20967069142462,30.519153096475215,50.59096439773454,54.323124031543976,,96.65802186591075,85.72412461842552,,76.56866040720693,38.8390819673244,45.114762425809374,,63.65423853330927,70.73094926852608,56.19516801194591,31.84359239185136,53.38098742505522,51.45932890765985,47.79286297001305,95.65988578203192,44.18555857923625,65.65703444092466,65.39587920487155,66.83680286389392,61.55437541970077,78.1520941748587,65.39510860625045,96.96987429846892,75.67622825571388,40.30097606574504,68.99390639762375,26.213076039346394,,66.0958521863077,,35.68853442400699,49.447146859072355,23.56367494999074,57.256744245621704,47.304838193373,,46.55614403705476,61.97983700716576,,65.07683603118595,58.82136825300566,42.55819219628345,46.84550480221164,24.717995452819753,51.94248415009197,,63.225066847390046,52.191496199420584,51.85226059480661,23.285497505147358,64.29767625114795,87.90989591287759,51.18246117170144,29.96138781773514,47.66859112151972,,65.45762698431861,,71.46694844342889,,,84.34791321435611,30.08955604378404,46.7211848965398,34.86051729703665,48.47353870498717,64.48072445500917,87.3996904175283,,83.20632095820808,,70.85483178504026,18.72764001341708,55.99512688916075,40.93221352963376,43.73724843518285,9.610646217469165,85.37669333544953,81.71261875445379,21.125186661638185,86.33938827006114,92.44943559058704,16.958095201119004,,85.1042938526646,96.74055243907318,,,,,,46.41006725474318,89.97199207684876,73.45267619838923,45.674677241876026,,49.368100208632505,48.73820698395366,,65.97093795208573,,6.490750452817762,34.88590268958265,84.8297224459317,72.91957054919888,,92.56329841376146,34.90885901496947,23.077908634564448,30.15841696370851,34.745087505278114,75.98521669357952,60.03732004394724,83.45018120840292,82.14139681716263,56.64510188430949,24.42994898271276,59.24461092203308,,57.92354510286357,49.1083955908657,,49.01218649071981,,50.319275156709466,69.147429439341,74.09878831906794,,,,62.093834708337155,62.336386969135745,79.71503907442917,,93.25065276105727,,10.420195915803909,65.2803221658276,66.49434920409469,83.99306478637563,14.839690959244178,91.14664558903924,71.89896182735711,50.58953824014176
1968-01-01,42.520872233234996,52.582859075608354,70.02623320570964,,,,,,95.96529856717503,,52.700392347803884,65.37651907124138,82.94144122386027,,,17.506471987787176,,36.498809703670986,76.36607028025529,90.01902916721437,,60.2150799071028,27.541988267847863,,77.95706093516424,,,27.37966384165751,97.54065466335274,,,89.94248214618412,51.986139130263886,53.812683362143844,39.477038063444915,59.60761285448246,62.70683854769479,53.583302788730315,,46.0739175753471,33.39844417291795,89.26282091532559,82.7685507155172,72.641275746731,,63.023634402591156,,75.95766917924426,82.17067665310597,37.712636315735594,48.887821174092075,40.60065135046709,,94.73772360921029,76.74261503866936,80.1263277151174,38.81855615080752,22.408867722741356,30.946289944962935,89.45321627411116,78.70593823452049,79.15620530803946,61.61294302002982,96.85737998281712,,,45.22486886405039,45.927483482489116,72.86512344844458,,14.894873892674653,56.310661861340236,83.62825017692279,31.569853737741628,49.84999856063192,52.46660853891514,,96.09871728322015,84.00050492325026,,78.69830469183283,39.789185096132364,44.45001674011044,,60.43930750410389,68.11605642008358,55.43220672892599,31.264181138327828,54.67558895480771,56.38660937623459,44.82846981715783,95.1266295555104,40.98569119910368,62.69381480663896,75.56327716840126,73.41463111315653,60.783424960394306,77.31669347418413,70.53316159650348,96.67337336964876,77.74373640395616,39.634422613606944,68.08684783311917,25.706479715449504,,63.996730364616596,,35.06569080111541,48.7122667100772,22.931793956611834,56.49114477900916,46.58274919966278,,45.83894602304915,61.208841119291215,,64.30830166392107,57.71508781634691,41.87070077746067,46.126390933293436,31.18649103683979,51.40903133580566,,62.45446241534203,51.44290414912878,48.3736007740864,22.821097433725747,63.382356790368966,89.46076222996476,50.43855507742438,29.405101595621996,46.94420390780204,,65.8713545243679,,69.16445856504755,,,82.61853937635709,29.258589383350888,42.16049534226131,34.24659309955428,47.7442487120223,66.8208255531186,86.84591866939822,,85.04711953374778,,69.35624572572326,18.334968273247434,55.23271900552045,40.25849517977211,43.040375641449856,9.385250772001786,85.06152898263512,80.22331366044008,20.6938550667328,87.68749434322976,91.24818881066065,15.623343156611869,,84.13837074793224,96.20994911898445,,,,,,45.69384859857628,90.77184420917604,71.99681649721266,44.96351254065619,,48.843127708812226,44.187561008897625,,65.20406211242069,,6.3310831869266,34.271701488078534,84.22678360180478,69.91691295760589,,92.27188009130384,34.294407508529765,22.616614460776308,31.846021012641955,32.94492785419754,74.32405057349956,59.16691939455989,86.35535083405857,78.67933351628037,55.88096083901157,25.712132797940246,52.037249726423454,,54.521933382603095,50.573296875695426,,48.536620311614776,,48.53383375557384,69.08370449449077,65.86975049782518,,,,58.40056512987153,61.070226682718285,79.0381250728994,,91.2743762573863,,10.178531361355958,64.5121268494836,62.28819638601739,84.13894161721522,14.514256624763423,92.73715562754553,71.33229054310459,49.84857966360822
1969-01-01,42.50734337112715,52.56811626688555,68.95778966594015,,,,,,93.40960247197285,,52.685640082266325,68.57228625568808,84.58605346638095,,,17.499112768021796,,36.48636702727014,76.35217862366484,88.63683475557339,,58.82647769460399,33.5232573224115,,80.45220626288412,,,27.369348482333265,98.0611663282055,,,88.14043664292106,51.97144609130881,53.797847295379064,39.46402589621651,63.99386566140086,62.691726181139096,53.56848315612619,,46.059871336761994,33.38666030095918,89.05952735645329,82.75616707901855,72.75365018408488,,64.5637568288137,,76.9247428047249,82.15811905075743,37.69995398204695,49.95579024903566,38.180408216214154,,95.28121870016018,80.47105444670134,79.75990867347922,38.805664498767975,21.451689815905706,30.935074255042004,90.90040442665921,77.10162951909074,76.25210294395538,61.829700217910876,97.50922724455042,,,45.21093770462863,38.40538623316061,74.80430716217295,,12.590607248640207,55.29771444508684,85.62017127479373,35.73602770545842,50.15844719636724,50.05647992195683,,96.3088526870893,85.80344331276038,,81.86953075164404,43.85801805615894,44.43619532340284,,64.17829180818897,69.92674588294699,55.417267353757005,31.25288945278484,59.44151005699756,54.11341807133094,44.81459423970151,94.35235506942517,40.99704802422875,56.76791671450938,75.82277142329494,73.53250781668052,62.26247946488623,73.55225132603266,70.9234858658689,97.23949441645766,79.82086707078189,40.61743109746915,65.8065163605899,25.696616961504315,,60.86908776227104,,35.05354434726164,48.69789795107031,29.469422204270213,56.47615011128424,46.56863660682248,,45.82493108825504,61.149228161102975,,64.29321996207923,54.69240700686526,41.85727666068464,46.62287643175086,32.223709027001604,51.989988164849606,,59.4698297055325,50.74037883875455,48.0724463060627,22.812060960746628,63.36725414845947,83.3714585252907,50.42400464143854,29.394264204763143,46.93004537654176,,72.30669294683365,,73.44108978040217,,,84.67770212116245,32.240201592757344,41.672381280670876,34.2346223700102,35.823824913439296,70.5974056930154,87.53415032688417,,84.25559537068818,,66.83142870089371,18.327333996629225,52.12807532704602,42.79905735662102,42.76344943181813,10.607397654449658,84.47282163593954,86.58607412326013,20.685465384009415,90.55870887593795,88.05296161892747,15.616628473212913,,85.73160728553776,96.70229555452765,,,,,,44.76743654161307,90.5068388114051,67.58207015692392,44.94961789584272,,50.78989978864252,42.08831393787914,,65.18900921901465,,5.484053344448259,25.595087530891547,84.21485741696839,68.34510922144021,,91.54803221512522,34.2824263932293,22.607638763135895,28.728045766823485,32.572747166022666,72.66542645314517,58.9659991673563,88.53466286438668,77.7398416026775,55.86599683433657,25.72500845608553,52.022552309979716,,51.68247524399663,49.388534362252265,,46.89433937653648,,46.17599875739445,66.72857377029582,67.84692621937285,,,,54.75823640714263,62.30597960771605,79.02477271844207,,92.25043673859196,,12.427150672154996,57.72561314979028,59.673315512441285,82.38100953136986,14.507934434434656,93.78733954298445,67.9948320095553,52.48527956358649
1970-01-01,42.8111728166713,53.56184741085561,68.10198703084976,,,,,,94.06830788281194,,53.01666444938482,71.32331732303192,85.15230768167406,,,19.830451912818493,,36.76593202197669,76.66302276014942,87.25896663270201,,56.113590755397304,34.86665484727213,,80.7431818887279,,,27.601273375524116,98.77442665562201,,,85.12291897756211,50.87265137268262,54.13071884354088,45.64599800354179,66.13643581379576,63.030499814901965,53.90099286992087,,46.37523052758353,33.65148441919953,87.95352834341011,83.0329187202556,72.11779480201675,,66.51825568469587,,77.45599415834505,82.43879688670462,37.98487757489539,49.07841687039113,41.52601815089578,,91.6917953108927,80.37394771965603,76.86989817985169,39.09526636169094,22.86713432376335,31.18717515675298,93.59766977496284,76.7934965045582,82.14342858785109,60.2701881650914,97.30330298151915,,,45.52373468680365,38.693317061207274,64.2512913768681,,12.717112719413837,58.18463370747797,87.15321403460875,37.52364808782686,56.67977353908367,50.38222655245368,,96.06087506994967,86.32824217780653,,77.83850722602782,43.64531607434306,44.746547537549475,,64.51639177438975,72.2484612452545,55.75240696533959,32.17858474175919,58.9968042653104,54.360571533759774,47.38554926857071,94.19534684705458,44.64912501418087,62.18235930051777,66.3050781889239,73.25270461463069,61.58974335447578,74.0686481551363,74.54906197429746,96.93707849752667,78.37631228933955,40.914274480244536,66.94499111068991,25.918393314399,,63.80595983555952,,40.468848377952305,49.02042791314597,31.66484041236801,56.812496639835054,46.885472403419904,35.64099373540929,46.13959346567137,60.73360262269929,,64.6312464569042,53.01364841388854,23.15689439086317,46.92337166078244,36.39986960884802,55.8159762907156,,59.87929037767557,53.65862592478692,48.39338563859459,23.015301432305545,60.42140722737408,85.03959034633444,50.75056474193709,29.63788963771128,47.24790310016187,,73.11068598128129,,75.0578565173168,,,86.48096169261537,32.93257593741663,41.973196317681904,34.50362885555251,37.39489872674753,69.19269468264211,87.77267208534994,,82.31716228686697,,69.24843034582712,18.499097292286027,48.601399492572284,43.103912914743894,43.15467594668825,10.716835683782012,85.37872432431331,86.8414497240575,20.87418956429541,90.77455780017844,88.70228277916722,15.76773534976409,28.357121825231935,87.83703259842747,96.55665051257077,,,,,,33.2721534974783,90.55118593501594,65.1235355369543,45.261601572478895,,52.10958455633812,34.890470762500215,,65.52635562711515,,5.54541664209125,25.816233778275045,84.48129103731942,73.2904110450908,,93.15895885632624,34.551665309146685,22.80951546400194,26.831735292843682,32.75621965120422,74.90215835891784,59.204703959644434,88.46178812020578,79.78006870608341,56.201674886824925,25.89313803924812,54.472822335164615,,50.67271424199684,51.90679463127117,,51.74052032655945,,46.5724087476867,67.42763676934668,71.32025840425626,,,,55.09251402458175,62.298518851380045,79.32340701067405,,92.72325153733722,,12.55227865345483,58.06309637694085,57.153340727372616,83.98997494256042,14.650222067894381,93.41131499469115,69.65215294586113,52.81594650417172
1971-01-01,42.34526308451625,62.58048272101205,67.64460495748985,,,,,,93.6769595777848,,52.50881268248351,69.80668363622775,90.47704893697829,,11.890187088059545,31.36910639145295,,33.734156171689854,76.18538572663907,89.96397942848941,,55.59867541395811,33.804682532508124,,79.59229866571798,,,27.245851983902558,98.32745537489227,,9.062774634075254,87.7636365137538,47.79765744680553,47.441828089924066,46.84609537871277,65.79954628292803,62.51047553917874,53.39083977754253,,45.89156388196118,33.24554465603102,88.56969695241462,80.00070070306138,71.6170231451712,,66.62094367469535,2.590275085195537,73.87646204004903,82.00724147242575,45.25689402847264,49.4793536155543,37.95170910436355,,93.1104597765652,80.36883306903844,74.46067089905326,38.65124487679146,26.328917807400543,30.800777507231004,92.04045681598014,76.31667983504707,77.41313212915631,58.17302831216426,96.56431032543622,,,45.044016101382255,38.2518651303019,62.725454103247614,,13.075907868379433,54.366811209714136,87.64929608353552,37.089894913288354,56.163873165496355,49.95566984661202,,96.70996076779204,81.6981296709285,,75.75132848381365,39.69109110747273,43.873515501865,,62.375373268142376,70.22106519305125,55.238170288943024,32.313434155576324,64.79443099230726,52.800908346474394,44.999961588483686,93.79614677940073,43.617886085809545,56.80924927757518,65.21971433315589,73.21014822303307,64.2315720296823,67.40126208587087,75.00466889103862,96.61755128538958,73.89942027284269,39.52979188561295,66.91488698938947,28.046778608208488,,64.59710847220359,,41.024586206349724,48.525703263704415,27.973076084221972,56.296379375812776,39.56690315906685,29.731529585177398,47.49062580254216,61.28011261362829,,64.11231778795094,52.48100474706807,22.84405698107933,48.977743194349564,40.510817919091146,56.74872849014503,,62.60340055724063,50.9733555301394,48.33852890698108,22.703897716344347,57.36180263842803,82.90002226131699,50.249617294797176,29.2645061425997,46.760385098633876,,75.62826339848317,,82.38225612574995,,,90.3552823783488,35.20260636312147,39.93244315952433,37.1713640926246,36.79310912881697,68.82035998066476,87.4056341626042,,85.13317982654756,,62.0539632135366,18.2359737413885,48.10830329018927,44.76754893364318,42.686915024774144,12.169740446742205,86.6541258720686,85.84922499264282,29.01135908500376,89.67546385097387,89.15376535783565,15.53628384538872,27.99492085723314,90.54445919519345,96.11710767866714,,,,,,32.869129029273736,87.01859793087922,67.09492037829344,44.78313592082629,,58.59148283249,36.73501751252295,,65.00844147155456,,5.451479896480338,25.47735542714117,84.07152355710728,71.5004084904823,,93.38499071913553,21.972571332664693,22.50020398484346,24.9129284806935,32.28098798066541,74.01418357661858,58.389050677781555,88.69132808959432,83.0306112771515,47.92264167327137,25.298183770489235,57.42760615146927,,53.62686540711567,48.53283696505698,,56.04659817651094,,44.04371411430106,66.9128719563033,65.4528626415777,,,,54.57961746811393,58.9709477129001,78.86440891418856,,90.38831091032061,,14.800186614050304,57.545200147972906,55.30850691787088,82.6460884319124,14.432290489966082,92.74391707386465,67.78463584776668,52.30864813611318
1972-01-01,41.53648722876103,59.55307122035993,62.68479417216397,,,,,12.027787721791661,93.17956901551221,,51.62396062904349,73.33816955529451,90.19001450474154,,11.571533962454328,32.393549086672714,,33.025042129418736,75.34295450548609,90.08421820331574,,49.599118949427755,30.567071440300108,,72.33680483515755,,,26.63194007571148,97.95328722879569,,8.810413774581471,89.57355872663713,47.677735952619,46.58900938593583,49.04980439017738,66.0229264930805,62.03263752698695,52.50167047092808,,45.0509213400029,32.54300474878333,84.49265429200898,75.02605586942236,71.05945269417103,,68.47199899099058,2.508789667156952,70.54346944560554,81.24234520644161,43.25490056978039,47.08256315878304,36.54780938553154,,91.94713116644523,78.21989310263206,72.2914457176758,37.88142888971614,25.341434570175213,30.132589614127024,92.50562612068464,71.9447641481496,74.55252367850773,55.61079183288198,96.10865363160528,,,44.21048617302931,37.486606084997256,62.79353445644917,25.829380636530264,12.730685743071234,53.481132893171754,87.14721528788306,36.338271875832895,55.263677653056156,49.085444976768585,,98.0806812605126,80.50999115954389,,74.48660035765484,37.48888485618422,43.91192593752082,,63.23091129253615,69.50358628487263,54.34121904116813,31.623705158404803,66.15682010792621,54.796806279602194,46.3123643122754,92.67877307644545,43.9481250855983,55.90705617655034,60.41685734053803,73.12796317272696,62.54754214665421,70.81350985375754,73.9955142965674,95.78853922984042,75.19954442199456,41.36230581163023,65.09287910576973,27.420191098304425,,63.529212543045645,,48.04229668288579,47.66502091049725,26.531872648485788,55.39575589930441,38.78689164607343,31.599576705271147,46.01559879965753,57.5857741537184,,63.203593484190534,50.0954322403574,22.304481081068595,49.485921811870995,41.36407288440553,56.34019181517236,,63.75640114930066,45.67085090199963,45.14678391850479,22.166819716375773,52.73531834129328,82.92134353154053,49.37754964596973,28.619145238519316,45.912784940443466,,74.26166380309662,,78.32843844694575,,34.68891037782251,94.42291971758269,34.625204236080634,40.8245173798641,36.41876671610292,36.045058774452656,71.95566810070392,86.7509441411184,,84.17186112252355,,57.64608069997641,17.782855880863014,47.250585360635824,39.683234320859874,38.17102248887163,11.844760128422205,88.97915498519855,82.80364207949765,28.62989539487164,89.7104069587792,91.52171163216778,14.95863045692094,17.243815529157402,88.86420169717834,94.51050523231827,,,,,,39.43312389397941,89.35187678023901,64.07717535736026,43.95185948628505,,54.31711010898104,38.600805713399275,,64.10108917839604,,5.290598272095293,26.66266215625741,83.34367991601236,70.41944440368097,,92.63875447651795,22.832799480383382,17.93452412890304,26.038602941339928,31.77821791269897,66.82290938076856,55.96998868123255,89.60828959328897,82.67914080044989,46.9202682747593,24.716184807478882,56.52370556154855,,54.55175398474261,48.546162599974316,,56.11196305713282,,46.45477788030677,69.36929426106258,63.47821792259059,,,,54.618711623997825,60.640347639632395,78.05316523624559,16.209183851893762,89.16582292282558,,14.417545551372513,53.31500139774717,53.469691316831415,79.36323003613278,20.299492474820013,92.72697918218061,65.66659772874243,51.424829091968796
1973-01-01,41.47377190827577,56.68556794411934,64.99904232745082,,,,,12.002437763983076,93.24551017368525,,51.55517311510489,72.63259513556099,88.15196729703936,,11.546999065183517,32.339345269706875,32.805775846623874,35.915990990632565,75.27692091593568,90.84490170463967,,49.53125478827328,33.94071935900688,,67.67814091372016,,,26.584496679466962,97.96843142977482,,8.790999360315698,87.64373518744429,43.63233306906069,46.52279783427505,44.384097264989805,67.47271744169339,57.844558724157814,52.43253108601369,,49.56147475733993,32.48863982437729,88.69682476047794,73.37294438680671,73.43748220364333,,64.58668601540145,2.502538015332978,70.47450080753681,81.18219067149326,43.19089687361652,40.060624162185746,39.14963803370996,,92.60867382266204,82.32526267425861,70.39540678171264,37.82178552249205,27.691074855961418,30.08091100799475,93.488530351945,69.35372544078164,72.29930178225123,55.54064885458567,95.91089578802256,,,44.14580995309164,34.97277016696331,58.852225964226434,20.54217235492176,12.813119809052631,50.90318904980242,85.72791130782875,36.28005866009043,55.19362755652324,50.67963366813761,,97.95227999627562,73.44902408332639,,73.43184688966657,34.103568685152474,41.650608710163326,,60.172603748662,70.35051920128947,54.271439431841785,32.79069776881599,64.7548443805354,55.766509699943015,49.54495511412193,91.35106218264038,43.063039078690224,56.80137910318521,56.50832951513025,70.12424136730534,63.71404213659382,73.3292647456324,79.39846400754091,96.22804519162594,75.70174944455776,40.79237577635478,65.53743255873614,27.3717595047558,,60.710265278335385,,53.198136809306405,47.598180831024195,25.38694511050872,55.3256698837391,38.72644571365858,30.048232176562827,45.94973911039636,55.75510809521642,,63.13270790813525,49.49213958124313,22.26282362360039,51.82103483340808,44.056789141278806,59.893479189376286,,65.21363498557642,47.46296860013892,45.94775218797936,22.125356431056765,52.328404727654984,81.69513081336744,49.30979583287925,28.569249093074276,45.84698957607289,,73.0432316405084,,73.35857110181185,,34.632312011615326,93.56436659748721,32.9884531420185,40.15904620033599,35.302592606184426,35.987126140943815,70.49061677105799,74.54366563053816,,85.46773131530001,,62.085773636535805,17.74791090335871,47.672340154142326,38.659603553711975,38.92570988448654,11.819736118331448,89.0087371731708,82.78650848405995,28.579986327845507,91.4024650694756,90.07201587406254,14.928240004066362,16.19914334166235,91.84147930515813,93.16079737675875,,,,,,39.37212182196126,88.76851569415459,65.05501667122012,43.8873621607481,,53.483309379322954,37.191528987718314,,64.03028923505916,,5.278237404268859,28.232008032442124,83.28635642085698,73.72643387642759,,92.93096742850662,22.79040266758473,17.899342612579684,23.907511717394847,34.25300849020779,66.57180723962671,56.82956382209039,88.58080609356698,78.3632198263508,55.00294636001042,26.899860498978367,56.45334183831541,,56.008989657058606,47.95455626680617,,56.04169465067734,,54.65452040321206,72.85354128055128,73.37129389837345,,,,54.914923953702655,65.71919783490489,77.98948691871097,22.440496215350503,89.11673642142517,,15.96155895097806,53.24556256199566,50.80491040714903,77.69320633560926,18.436261540462507,93.682692671069,69.12197399293498,51.356125517788655
1974-01-01,41.54091165082202,56.760948409720854,66.57502430318189,,,,,12.02957706012917,91.82034974307184,,51.62881249128053,73.99054217282016,89.06654601772425,,11.573265786601116,26.245961948987006,32.86434048790154,35.977937645308735,75.34760916138687,91.18553372325476,,51.23563879880501,34.5778813477057,,67.75311566752733,,,26.635287972757137,96.7975031961148,,8.811784251693322,86.39127501345062,43.70118893445672,38.92596565071924,44.80701770081463,67.25844032158574,59.036967582644806,52.5065470639168,,49.634141814365464,32.54684067889841,87.7634157174892,71.04355023233539,73.50956214531523,,64.80635222440065,2.509231068341422,70.54833179244389,81.24658437448595,43.25941574167913,40.12654830776399,39.627951750007725,,92.75936063918174,77.64317453844255,71.01333552656509,37.88563686823896,29.809960386968946,30.136236152565488,91.77399790664107,69.42807157977913,75.10601173667901,54.90134463313534,96.13495524783697,,,44.21504870758444,35.03372687754628,58.9279949272222,21.068346186165154,12.841790088997552,55.47308691317478,86.91492155423029,36.34237906556923,55.26861819170856,42.94734722976386,,97.40336347266665,74.81074190306525,,78.19412595353292,35.1079164060502,41.71789546684137,,60.248502900237376,69.75334109917573,54.34614060047369,32.84924519314796,61.24341593047076,55.841661597549376,51.00953062379674,89.48615858885842,47.87362627340538,50.54104844195781,54.89536014276097,75.58831402529836,65.99769632660973,78.42286282674088,84.80203775206552,94.85911324824914,70.42875531655687,42.555598101096926,65.55652340273583,24.5702941031964,,59.790573956170604,,58.73199774802269,47.66973578356451,27.20565640787742,55.400698957090725,37.25400699397687,30.1035169086347,41.748539212426806,56.93702667929761,,63.20859201542706,47.98281230310578,22.307420910193144,51.89479167624511,47.00614435828503,59.908961202584024,,65.6157290777017,48.60129709818365,46.01825641331395,22.169745849661503,50.71547828283367,82.2559947908916,49.382328813135935,28.622666095331805,45.91742627563017,,76.97884108680122,,72.67285034001286,,34.69290374827661,97.45660526080485,33.20892935732209,40.22505734775673,35.36389902217123,36.04914618894786,70.43186407912452,72.66925964321887,,86.69441751414104,,64.45940773235608,10.857919741353882,43.29441717875362,42.48198651993036,39.58615902100131,11.846526466606566,88.77954825148555,82.84863401534152,24.80242858145374,93.93306584864959,90.1742882632488,14.980597788952043,20.285450760785963,91.66916838350159,91.55632406875166,,,,,,40.526175545668686,90.78057700731517,64.26043806499881,43.95640942277053,51.39934640550601,53.02848269602054,37.60562699641588,,64.10608155519336,,5.291470920825181,35.20557425287456,83.34771912709104,69.57391660479499,,93.67090211279323,22.835791458821177,17.937007139083892,21.48090504568163,34.613214558657624,66.070132515285,55.29812441459712,88.03538235324591,79.58544581738508,56.77880508938713,26.764519086752802,55.98491578040805,,55.76990071200241,48.37387606950324,,57.50224197584066,,55.1368472070795,69.3511649983132,72.34281584021906,,,,55.10513491896272,63.75365356843468,78.05765338610266,23.56043231743171,85.91824655014787,,15.995917101013967,53.31989902872243,49.176098170567286,80.88789027352074,18.13238020959915,94.68449880799132,71.15360090212677,51.42967505330227
1975-01-01,20.971094894188724,56.911061776683766,65.2112749882485,,,,,13.274828100358494,94.06598345470222,,51.775506712457165,74.1126510452259,87.0196510839786,,11.625706559152416,26.346223212384622,23.47068761443444,34.80590896688476,75.48815667692146,89.73774541282275,,51.38198008426065,31.98004485325061,,66.12584687926616,,,26.736605246861256,96.94055420671911,,9.035638816342207,88.5545370051228,45.44984940573005,38.98709282939621,44.94585540269994,64.44418180062999,49.60844352056647,52.653983520255984,,49.77891654518142,32.66290281438706,85.31823840332603,67.1090058009661,82.10923907880291,,64.65960722216451,2.522604544858831,66.70894015207274,81.3745191956779,49.83790385543204,40.25795949834411,41.686457597870266,,94.36205041241837,77.28756845388656,70.92729893518303,38.01293143457887,29.91949647319496,30.24657742097969,91.61797717709206,69.7819570448293,75.49133876925775,55.050479133222964,95.86510811934681,40.04635561828794,,44.353036246373655,37.8742547252701,58.883055512434424,18.569500827240116,14.347547836946505,57.61306448604409,85.36518696695978,35.635393174262894,55.41796992729089,43.31596360945298,,97.10034807513526,75.2730792152821,,79.99723426146956,35.22961530751441,37.62501361516861,4.716878203916542,58.97253284113757,71.72924182371558,53.01088822962683,32.965996614010336,59.604793615571474,55.99132890174157,54.25318522675251,90.11198599387178,54.456667000185966,50.686735589183286,55.43153343954301,75.41897146405583,66.77063990852257,81.72645742541634,85.11485322826312,94.51873409719082,68.40866987295895,44.687970178036394,65.46785693271582,24.66588966619605,,60.16290314726407,,59.42887058310442,47.81231131884597,27.30850173877538,55.550125962159605,38.57630596135153,30.213777764446537,43.63602168898009,56.77213814360294,,63.359638789776085,47.44747936773427,27.1757933282778,52.04171750015965,50.722715994426,60.43092067765063,,65.0937531900837,47.00990557001724,50.17991190579358,22.25831361861246,47.80875842878681,84.08870908989708,49.52683858449197,28.7292100834174,46.05778777423429,,77.73112485475238,48.326298150175994,72.94341994852005,,34.813720209190954,96.78069936032327,34.14537892578906,43.5934231086053,35.48613622574918,35.81290172293653,70.66673383274735,72.85882958453867,,86.4907833422581,,64.27186346934232,10.907595050932162,43.43103075964616,44.409172601335655,41.144538005025865,10.963265190475457,85.6174531362744,86.51782138157657,24.898682207488765,95.26719928542077,86.68992598632877,15.94640501689314,24.449318283053078,92.16913292554393,92.74257934872617,,,,,,43.91757265777615,91.07939349130999,63.06806040526804,44.09401731493996,51.5458361739545,53.176330330902786,39.04225994101347,,64.25693513168855,,9.980523771671713,35.327479057456166,83.46959143529062,75.5801441653416,,93.29151486378477,22.92635000891272,18.012174487673438,21.567380602541284,34.7338602023993,66.62433566384485,55.951641447264834,87.49420335717129,77.63798735381982,53.597486295320415,27.61030909739479,56.13465749297575,,53.949991369310894,46.240202944738826,,60.77376912360324,,55.28612234325709,69.32930827762068,70.25074774708662,,,,50.955006847978225,66.59230562812999,78.19314309625133,22.479910386254254,85.27771440296364,,16.216070009421546,44.39012799450145,45.388466376292804,84.46988329775776,19.77653372711944,95.460148609165,67.59947821385296,51.57619209050568
1976-01-01,22.836544322240805,59.13816835683592,63.230055002582986,,,46.02532869631987,,13.143236496923127,94.80410248255536,,51.44564748443143,73.11084866743569,86.79495333683123,,11.50800357993349,25.58088810256556,21.544089748359283,35.89975178231484,75.17161833548165,87.64521113072061,,51.052921037705225,31.722842555268148,,65.78786957137375,,,24.752786733008016,97.69278829596017,,8.940832224977813,86.88186835431489,46.14615079537992,40.597293423384365,44.63376597361894,63.741335998492254,54.11827683225135,52.3224403820909,,49.45340607995933,45.112319878205,84.38904008769599,66.5206611420803,81.25419629621382,,64.86453943807693,2.4926083093885443,64.38369520824301,81.08620432851792,55.43844865695311,35.77920894983053,38.54567907104433,,95.95607300247603,73.5390927758798,76.75480293244144,37.72687899553389,29.6734364159006,24.327086937148778,91.58773297632337,69.62380608881845,73.76238125489827,58.35973034714104,95.11848479559377,39.751863526189204,,44.042866410840496,37.58880170115746,57.24800164587378,16.306236655568895,14.207192921076373,59.52678523897379,87.31097772424113,35.36003494948441,52.12541047964818,42.385913317228315,,98.29747164118453,74.90135874067094,,78.77368770107336,34.956170466744794,37.3184836395126,4.663654174140253,64.2800683885587,74.0542787074332,50.740921896942616,35.12282145578449,62.10534284571316,55.65470969673187,54.044963646131826,91.37934540788557,57.01071557513728,39.35627187952997,47.5251773873962,78.59875691037561,62.943961184674535,82.53540738195936,83.04498681707128,94.96515216980649,67.80763508901661,41.10804630076308,67.67877641614677,24.45119393353866,,59.12496924454007,,64.9731639954781,47.491776240313634,27.077497561153706,55.214055271733244,38.28784960235075,29.614294407822506,43.3728802675032,54.733543644340735,,63.01976979311903,43.13855689424606,26.945582402117484,51.71133300567459,49.93198941677653,64.90833078577974,,65.54726055217071,42.79615093118305,49.89311078262416,23.529273563638743,47.72792112549262,80.22626327268341,49.201927890598064,28.489883636303006,56.17599356446568,,79.17198035221804,48.0043974721151,70.55602456875023,,34.54226300776278,96.52164794974418,34.40334139311161,47.656256844112676,35.21147882207028,35.904773413136695,73.01255996986417,71.88213003321322,,83.17347682726655,,64.05872736181692,11.87454490542904,40.83458940759226,44.098818483220846,33.78369816112723,10.851288507715129,86.365070264507,85.40712021176788,24.68250636182291,94.38969699416111,84.2642458089351,15.793369780177946,26.694311944861138,91.32910250081903,91.90723697429839,35.252036456763115,,,,33.50052144681648,38.79455047991583,92.38935810738475,60.340699687704614,43.78470455578035,42.543065914376754,51.20400025227598,35.04039847010289,,63.91748121411083,,9.877204150417452,36.22527476533454,83.19486282972903,78.64310616239992,,92.94289441337314,22.722982235691802,17.843408182476583,21.373193690726055,34.462787738684916,66.53364500289294,55.09811989532385,88.10755360968662,75.23890978471528,50.39783288334261,27.377510997979094,55.79786829904015,,52.905132119584806,50.847993249438225,,60.52549876581956,,53.60966141356105,71.1310977131183,74.24689733323468,,,,51.02802279883842,65.28743357981799,77.8879137259881,20.96050111625146,83.09813667741506,,16.06094003374199,44.07983633668675,45.07498203535564,82.77028247343861,19.703660720141734,92.78782293363442,67.45273628238103,51.246734614893995
1977-01-01,20.984766307207835,58.17277311597928,63.56243871921248,,,45.13012807403183,,12.774669521056147,93.45707253435008,,50.51058967192341,73.08032763558792,89.99268399480165,,11.178534398603169,29.344458106381655,20.995394197630045,34.69537870856808,74.26452352880371,84.68695262135707,,46.576612786441,30.998270851274302,,60.4776580046875,,,21.142840664086847,98.1879115242119,,9.482399178445178,84.93067727623632,44.06931853450574,39.756048676271206,43.751093159428066,60.03452104594997,55.46789119035156,51.382318901861666,,48.531309522567376,44.22523570780601,82.76912629833512,65.21851652856219,75.59874887549647,,63.066923636758276,2.4090373408797494,63.41734211338894,80.25639585585105,56.672450287502116,34.997026356878806,38.50045195634226,,92.68803454919514,73.64858580162988,75.57308691397634,36.91958319907563,28.98067479828139,23.725833223696224,92.88860747088411,66.94025270321202,70.13256215617687,57.11031583807931,93.66404466663151,38.92023540630949,,43.165788579089146,36.783231299165145,56.4424642350894,15.865916606069275,15.209191200382888,58.028987986902834,89.58268901472107,34.5834745615512,52.50416736295098,40.38835194604709,,98.18946278249877,73.70583002371737,,76.16507095676376,34.185099442244834,35.703364293126285,4.515138737759727,61.96915900385396,73.69067040957572,46.41111705674217,34.36788853658044,61.64009305163933,54.02335619213265,49.75824606702805,92.13380002842143,57.07917085226515,38.20519938880713,45.9940318038924,80.33304881008283,67.84066020515796,81.50184298778011,80.56028642294274,94.4423171164756,66.65979104346825,38.60354734115985,66.03372023241829,23.847675591547603,,54.66292724674151,,68.57042836455388,46.58437158955165,26.427625393721975,54.26009470400215,37.47363069896902,26.829084792314017,42.50234291061131,50.37495058384345,,62.05199541568738,43.134972789081736,27.869250054771854,50.77469898017903,51.63386223555475,63.48996493963812,,65.45619230574829,35.298994029695386,49.741850061936,23.54235123934193,46.72080990587444,83.87772471137286,48.28160892270434,27.81631632345498,55.2184287693668,,76.74700901025763,42.35914049109128,64.1517230352664,,33.77689154394255,96.50942218822883,32.16792062278044,57.54718615183583,34.4369293574933,35.12092161725485,75.33029317155408,70.94707032502947,,80.73271970068863,,63.55820504673182,11.536187998207392,39.99070330359573,43.22120387928765,32.822043396862185,10.537926864147607,86.52395016426534,88.39295791298957,24.765000767589985,92.74612857889278,86.73563073662973,15.335118797972868,24.482390533764274,90.91638344802223,93.57757611334414,34.47693703063071,,,,32.74982423328468,37.51155712252323,94.57657828223805,61.56394211647227,42.91012225010357,40.12819899127851,50.08901049612086,33.150952562022226,,62.950505092119414,,9.588180293280612,35.43719362643427,85.00261110126753,81.13356284409544,,94.03187323760388,22.15160606148825,17.36996920409436,20.827837222958003,33.69851918620179,65.572066378506,49.59359956024786,84.20823284184665,74.2394338574905,48.760599421627774,26.722533642049996,40.545450467166155,,51.043623951148206,47.3259014729076,,55.12155452834418,,52.27255731162881,74.65385468290955,73.43816219055546,,,,50.98605372058884,65.13800396250105,77.01161272339573,20.423261886942733,80.50320233932936,,15.626008886488174,44.74733219802759,44.188238175824154,84.69828979466178,19.19161368816942,91.02147026207771,65.86365392639928,48.88364593486024
1978-01-01,20.942682254854017,58.097983484275126,66.663943055857,,,44.366085739507625,,15.983752323590206,95.99806195936435,,50.438314584570776,72.01454198596974,89.79705401983895,,11.153322300142499,30.368799891086706,21.064673135024837,33.964928594400014,74.19380698370308,84.1032972971789,,42.49099664263098,30.94254094885641,,60.40261592927312,,,19.189006969509336,98.58928203659215,,9.460504072755771,83.81298500118444,47.38196908254607,39.69120736143458,43.682990082643116,61.07247463343035,55.39370406953379,51.30963466581944,,48.46007501355546,44.156783919196705,82.70759669941852,68.95289976773505,75.52907933125506,,61.16193897991504,2.402666152085764,63.34234640656096,80.1914839559713,56.59795501295986,34.5422988155658,37.569444200768,,93.56409519584177,73.57742908993576,76.19214906969837,36.85740196634404,28.9274172606643,23.679669072089425,90.72027208375667,66.8658952860429,70.97515015972817,55.59994692530614,94.81268814757343,38.85614857294198,,43.09812732489235,27.697705936399174,56.36802290860623,15.832176453726522,15.176592638326236,58.669194613974376,90.59170513442764,38.97608132738086,51.296932493035484,38.57122015496164,,97.6441652011556,73.2840692976323,,80.84133419933329,34.968684878849245,39.837389014102,4.503802296432269,61.894087381761345,73.61954292601725,46.34116531835731,30.519916389778455,54.62890282884247,53.94962086649213,50.5340898617991,88.66145635041168,57.68785581126781,37.60143124314362,44.65338639118198,78.33005280625855,70.99696509731889,81.31530607535686,81.17733574746099,94.99802985160696,66.24159019875388,36.456738558799984,60.13960772690321,23.80133618506096,,49.204533839803155,,68.497495729486,46.51430861089477,26.377695665663737,54.18627927617037,33.53934193130064,30.090526276241626,42.43519755241204,50.85008560078983,,61.97692532312933,43.99833661061938,32.901242704027425,45.99347934538379,54.342721993420405,58.03778857349862,,63.042356246450026,32.81378936545322,45.03953090274193,23.496451978176314,45.18293039303586,79.25428429231197,48.210516541942425,27.764548829952183,55.144313318004336,,74.02517693167539,46.82519090359014,61.68429659894281,,33.71798431649778,97.27731255668857,31.398597105067516,58.11988922311615,34.377306263312654,35.06057248641932,73.87631562450191,76.00167601035322,,83.85039460833093,,65.05180818931704,11.510292939088075,39.92565460831343,43.15350025835683,32.76419823670695,10.513952175468045,86.46878549182895,86.4918498864673,22.793497376829063,92.87786644796813,87.2884067381643,22.33034241051883,25.86896072685596,90.54743315332078,94.66768089658154,34.417271026065634,,,,33.47621235928604,38.35760132989945,90.9331730447471,61.488867859919495,42.84265790866188,36.87225274359525,47.43210493740102,36.617347422672054,,62.87547343809934,,9.5660744408395,36.340442360474576,84.94465808276279,83.53036260560188,,94.78036600210872,22.107752847467776,17.333676746594094,20.785994792642647,33.63969795388435,66.44132695802068,54.44135597684707,83.84835285375054,73.13712479365746,43.443664130527715,27.83195528288831,40.47991927533563,,51.553097488988044,46.91748202666899,,55.04746762803947,,49.40315047013393,76.43212055399422,73.36149498387832,,,,51.99212790463215,63.98655157929929,76.94319790718826,20.382046431965193,80.85629670044932,,15.198896886758462,44.25319979820228,44.11981330015493,86.72922388270055,19.486444737738584,90.81504061227005,71.63165127630221,48.81221498370631
1979-01-01,21.294372029600005,58.435863849773554,67.19872313663333,,,45.082377815003674,,18.03227528635274,95.26936176870751,27.350109779928534,50.76502157373224,71.89139811037671,91.89719089240404,26.31742911849011,11.267577390049299,31.034651450375005,18.684009941314116,33.92083986393249,65.14005338951607,89.68181924832882,,41.85406628444963,29.58352241319342,,70.14629839342597,,,19.367137975371783,97.62997386966728,,9.559740930531401,81.4039540746144,46.50910794277805,39.98451875968188,43.9909780177468,62.5998418393352,55.72893298822876,41.52511513572779,,48.78212232739326,44.466339352390975,83.98178081067941,69.28533419833349,76.31341197402031,26.35945859792017,63.1234370362459,2.4315661164903912,63.681007698085715,80.48402455175044,56.934545280269624,34.81289096515417,40.65811729893593,,94.0391785284366,70.74304547824603,77.70406229495038,37.13872979498652,29.168487316581327,23.888697605832842,91.7595063409157,69.71247560028301,70.0040950529531,56.11505074261909,97.1336632884126,39.146062146607164,,43.40412871383794,27.931654613535105,55.057432388881324,15.98502680691406,13.651482133563386,63.42868787117637,91.69393763064326,39.26648979204288,50.831229976248046,44.22536489391858,40.591720166533385,97.86293641584794,71.94446513561789,,81.62644601955581,35.34805919036332,36.755760625122,4.109640556567406,62.233134741872846,68.93010051106815,48.3158938413971,30.76985867808155,58.38405379127523,54.282844329493685,50.10724755803935,87.87406652081286,54.55758108792088,37.53425121199142,41.80376449265775,78.63222563246286,73.62515712234725,82.36197701258762,81.9717693217052,94.95292129659613,65.78852858481115,31.463988509361606,63.04774176722796,24.011156692404544,39.671513301871144,51.55697130692698,,66.50541742699335,50.66817332985949,26.603737260464765,56.27865640020977,33.80502164220774,31.170553388184572,49.90699819803714,53.29790872312883,,56.572491267270664,46.380066483006644,33.16371511980278,47.73040475179631,57.92053771397858,58.806391803084665,14.781862705699778,62.53145127235427,36.46310266056012,45.692025807145676,30.33277339006135,45.45272460930374,79.79116888161758,48.53192676999646,27.99889066300638,55.47922471002087,,75.03478164481037,37.12457818815849,59.62264575474245,,33.98455053789575,96.99616107502263,29.684279330578,59.68335229881083,34.64710111741955,37.38497706086994,74.56870144066649,76.66253690132491,,77.71923277241562,,62.78032577069277,11.240841123912283,40.219899780552694,44.33145425434877,33.02597352545903,10.65418939538355,87.86692407458688,85.08469974221197,22.996686403226253,93.92656795226225,85.80148837892646,22.53042949663424,25.755936363789367,87.90898279007091,91.66247522816046,35.7746168771505,,2.924573685772869,,32.17080400633332,43.183796947874654,87.68528190263771,63.14721870468294,43.14777375738037,52.953726445874885,49.51848594274991,36.230347293582376,,63.214311157060706,,15.352440676483226,36.61944624285122,85.20560227591609,85.96174167110001,,93.14378425695382,24.218538720280236,20.148844199376313,20.975488956451503,40.669952472464196,52.52210327325202,53.19993281878865,80.88774761035093,71.4037896103743,43.7508460448939,32.23698645136071,43.38318881804384,,57.715329558169245,48.707416493114216,,52.23897520150715,4.211188313878555,47.192802009874235,76.88540277305664,73.97681097577053,,,,54.87389650222696,61.22430860138852,75.65343584147534,19.36801316722516,79.47032140113514,,17.178822121855465,41.40459287795175,44.429247769883,86.40642934184454,19.66672399410383,93.22943668821834,70.93876096872869,57.42874046308355
1980-01-01,20.86058127175352,57.63077807467138,67.03878291256137,,,53.70716000316806,,17.651376794708774,95.51181943862059,26.828157313205004,50.023503185879136,69.13839834089785,92.21749105491756,25.8096069713623,11.009316733714513,31.22216583213733,19.022846572834307,33.3175925928676,64.37196221295645,91.55277647032989,,41.00164348737112,29.032268285025243,,67.37843552048197,,,18.964126911856894,97.38138360497817,,9.432415601944466,79.12976778807791,45.792540503236104,39.319562935193574,43.29246164412057,65.6433303201214,60.68051415842386,40.84656212719351,,48.05134259105629,43.76423283616313,84.2516994963778,70.06308894493571,74.45013810618799,25.851054155025267,61.92515910425711,2.3663409078616082,57.459921316827774,79.81678513513152,59.59530385670833,36.10556023481186,36.49460347449832,,94.03571554634964,65.39205335966804,78.30663178041394,36.50112338017365,28.6225483075189,23.415566408460652,92.26708642610863,68.95781937424937,68.39157538608309,58.46901283113042,95.68402343140882,38.48886500461778,,42.7101603799759,27.40190689931641,51.7484289883464,17.986533300629205,19.106085463467558,54.1176067523601,93.61466258415847,38.60816281694262,49.74527797396918,43.37834571955233,39.92130297356137,98.12935793867109,72.20890181360515,,79.36482817007135,30.976011922744775,36.261312015114996,4.003931273664496,61.21807192189645,64.01271521100618,44.559102181005606,31.28546429699619,56.09649488391655,62.095459698130014,45.71408391238002,86.64969256230125,52.84942865764486,36.89267192200298,42.718874007425796,79.29067130493321,73.07395660268709,83.93673603388041,76.65095717239959,95.33364045763545,65.53875141444784,30.88939559145265,62.369362405138794,23.536227114355867,39.0094244623279,49.200233751021216,,59.410590837295786,49.92714282611706,26.09196057209949,55.51580660914182,33.203078261283395,31.00738559623978,48.86809139804448,55.041403184582464,,55.80887207992078,42.340715381752744,28.33216276714754,49.833991322641346,55.904049303601155,55.023960221096814,14.4576146627871,59.0327312620768,34.1958607170339,44.90937840358203,36.29314129262566,45.05231725644546,76.53021727391354,47.80261286794957,27.468249215054065,54.71866161179291,,76.91046982846595,40.69946445321555,58.04094477644763,,33.3805879907852,95.0902195720907,26.349133297810713,51.11637182859634,34.03578367860227,37.83754929071805,75.54177046011516,68.58607895553921,,82.53209516056312,,67.5321608183688,10.98310255303766,39.5528111269422,43.63035788567421,28.45402155976724,10.296645926865743,85.8213562044293,84.34054640081632,22.536813610782257,93.46237274461072,85.31812108674458,22.07759836343406,27.438376490807492,88.74023137868987,94.20551969400344,35.15113421795624,,2.847196889050907,,31.587753796139182,45.75265835204184,86.85000640631473,64.04252003451477,42.45583216378665,52.20220567412246,47.470245258649456,36.91037632290111,,62.44404100715257,,12.639152058933433,35.71998596253905,84.60955452813467,81.33972075185086,,91.33109147601533,23.740575587266044,19.73318678915491,20.54669867500598,39.99884128482434,51.147234039818244,52.400114662573415,76.89754552993915,70.10138087743255,47.00366857109055,36.78683149834461,42.68938512428815,,57.344464013553974,50.48115444919517,,48.92330329830602,4.103102876635257,45.50856249577178,75.69873579824564,67.19070950038495,,,,55.55929410357503,60.45379625579401,74.9359959909489,22.26851780909761,84.66428311386916,,18.681935095103384,40.727072640826556,43.7274183530471,90.23075438124238,19.25884000557265,92.07501675411265,69.48797247526612,63.83160222763236
1981-01-01,21.124557602460957,49.915885599802166,72.39214911842706,,,57.11510027118089,,17.88311161237095,95.68974408065756,27.145916704715912,50.4756882609273,65.64791147452615,91.57348678113992,26.11874207914,11.16635504713923,30.315015250794673,19.268651896555312,36.268667810777785,64.84096160794772,89.7186955962157,,41.23698700504998,29.367917429719814,,67.75173699413757,,,20.724423091112286,97.5354460014348,,9.56998165549765,82.81386344402436,41.834648756805734,40.12656338320612,43.71820420908526,73.49174648317556,62.80360774986926,42.719260952468844,,48.49690991289006,44.19217850334325,88.18393011948665,72.5263097738633,75.48417037094234,26.16054462680314,62.03588881327748,2.4059591484879017,57.92807763900636,80.22506395735466,56.46800047459158,37.26258558725699,41.70262159614395,,93.9707385040308,61.944287365602825,81.68665924215205,36.88955218876383,24.94573018066091,23.703535198462678,91.05690449771184,67.5677664647756,69.99356328427793,62.40608223871824,93.75025831419491,36.36351765806089,,43.133112816903065,26.787885537980127,50.72728504060417,18.22174741947541,16.832040572278228,55.14145267844008,92.5090781203896,43.079079656069254,50.19658768362021,43.735546547366,40.329819106041434,98.96267172736935,71.017079980825,,77.67182640585187,30.281509713555653,38.46087366181203,4.068158605184335,61.688486338819224,63.597030258596575,42.1544776671444,31.638312468419173,52.04512598869633,66.12908892208058,46.17187855806658,88.65009762698728,59.680821115928985,39.376621635956944,39.49467486287057,79.70282467390828,76.51709954596407,85.50821062665453,78.36194059976414,92.35485897574401,66.00641293866806,31.239300195767594,60.97784117854101,25.249473129225606,39.41283945378816,52.44514443179138,,66.71690155400695,50.379026911442295,26.403509117215627,55.98121250942547,33.56969689874455,30.443402768072858,45.19619684731463,55.50598047281403,30.19848393943527,56.27475929837211,44.365006611652966,28.743927512944367,49.60857986284866,56.68372986984696,47.99061291292522,14.65483494593791,60.56687086580463,38.7441146600079,42.84893598720805,37.33181137648024,45.33909367823669,77.78800755820238,48.24727786201277,27.79131270611699,55.18264044929096,,75.92261245751246,44.321975009853595,56.80281361531214,,33.748440946330604,93.79944580848478,27.816658335447976,63.9498219511212,34.40813318460467,38.88337259721337,71.71354972207683,67.15716614454207,,82.37993436519415,,67.80425978618341,10.608900749323059,43.49389888297206,44.05768361439966,28.785079415412262,12.279197680407982,81.83981758115483,84.26316704517984,18.71662202168487,94.06972671765234,80.14801441128049,21.560660312308144,32.31750281972345,86.51042472545551,97.32197486614325,41.957160286406136,,2.418445356901233,,33.55895788319676,43.81946509945895,88.83760696273497,65.12707094915828,42.87754150490035,52.66057126729646,47.913681093580166,37.81677763139317,,62.914277715753954,,12.074230862521507,36.10346415789674,84.97464183098987,79.35272255063649,,91.7363624021045,24.03149197517448,19.986107649824312,20.807626124748737,44.734529161926595,51.63278512869525,48.52932366328317,79.0363792769757,75.27792934902712,42.18469124801467,38.74357675979713,42.05568688220818,,56.535392214416945,47.95632311789954,,47.53731749880375,4.168774913794682,47.760005357531135,75.50417830765961,59.91567756984877,,,,56.02477290509693,59.99430687699734,75.37463998128504,26.939734507606538,86.17097681926175,,18.458575144399546,43.70447028499771,44.155193956699804,88.7677936089897,20.873803144431946,93.50628135970562,70.74046884351834,63.20834455718769
1982-01-01,21.27128191664196,48.12834446959774,75.25669676846906,,,62.541513754435925,,18.011988974722303,94.48779892610094,27.32235519572893,50.725751373475816,68.5635759518844,93.31188959511395,26.290421281184038,11.253804704403269,32.947883929661046,21.570913878758102,35.87561252639211,65.09950456573401,90.12144270800773,,41.98259378762245,32.58597305020212,26.70096412874503,68.00776098333392,,,22.805055408314544,98.21490358292806,,8.90141814419213,82.70657054860973,43.69850251789158,40.76300364488833,43.953938842325634,75.0944874195421,63.06298409903155,41.72574626264881,,48.74340622834681,44.429112959371885,85.53455153339198,68.09112427498918,75.72489718778272,26.33241998082213,62.496611630665356,2.428078709354775,58.186577643796575,80.44898093513007,56.72549661883133,37.47917660101279,43.60161108079203,,92.70246192106423,62.20379669335989,79.81162466397834,37.10488039939985,25.111819684580073,23.8635245470028,90.7980921685042,67.82399792717517,68.61547366062683,59.56878646270387,97.3143222610507,36.577036495720925,,43.36732687494538,26.96267946119031,49.661524307608204,16.599372492450016,16.954841859707482,58.89471635389665,93.36925271198378,43.31315109720343,45.581777954508674,45.599640354232385,40.55614982498601,97.84414258536665,72.9953973604043,,74.68443388813574,30.47169825836795,38.681406752421395,4.103992558990521,61.9480108295001,64.99608771741589,43.28488768308326,31.834088185173414,52.297634118802264,68.47094392397774,46.8072988516368,89.9084727342594,61.251638248725925,40.39940811900241,40.05040119226453,78.65356999883286,79.09778325715862,82.71300059892654,78.59324007157052,93.64982992707905,63.428198794138254,31.433455554184075,62.8523824083586,25.417025912741043,39.63637928558579,55.554293787636276,,68.78326228032574,50.628928234553605,26.576520400448555,56.238301390506564,33.773047723610325,30.634269476455465,43.755483036446876,60.540612920408265,35.582769726422626,56.53209807034549,41.388676545271565,29.663165465935215,49.85714569960636,61.10430867023173,43.89038452796687,14.76458318819478,59.619105875990975,37.533370636273,43.08239583979838,36.37400978771392,47.13539408355588,78.0213714497209,48.49328651724747,27.97067707611227,55.438983921331356,,75.02941083386585,44.75850782663638,52.866529760701454,,26.145598086881204,93.15679534170764,27.996136594952283,63.77022437324311,34.61463381594283,42.82639111704087,69.93192789159136,64.77292562910092,,79.5059579585075,,72.2498042667047,12.610256572980994,41.33074916905122,44.29428052588911,28.968851899869907,12.373953764258772,82.05643416046662,83.90682853721262,19.145475853226458,94.97701219624129,83.25967055234422,21.70968515952061,33.34494909783917,86.34398059365496,96.7439250529841,45.35232723424172,,2.4406712515256834,,33.7622678188423,47.635702309365556,88.2059008768318,62.71038676902647,43.11107773901358,52.91394361333914,42.827623144501025,40.6421269220996,,63.173627660052766,,12.167655195383187,34.29699162100466,85.17437549532455,77.43096229597592,,89.95516889523864,24.19310998637585,20.12671492041498,20.952663760079048,44.97280123395713,50.110609012153674,49.48130780861395,79.0767084738606,78.44145057503619,41.91400040352753,38.965014344625715,42.28698752092207,,54.21971669729382,44.373361930308185,,53.43937469834441,4.205413569299498,46.77386677514186,71.61065568233687,58.077089113575965,,,,56.97688967919008,60.27829974497587,75.61568158330199,31.167979145398206,86.317323055652,,18.590718416823115,43.94016972462151,44.39203582260358,90.06123061150339,21.019193998932973,91.0127861619822,73.35904494601844,59.18308194701765
1983-01-01,22.08050701239185,55.59050302912063,74.04568009940124,4.992351397744132,,63.040273767663415,,29.308310900738444,93.82084336330063,28.293167954368492,52.08878370572305,69.05426755201165,90.46516783922148,27.235422497048955,11.73821720323367,34.04696200557158,23.183969961994844,34.87514559624276,66.49845719658025,90.92371317962838,12.39649314708573,46.088087076857306,33.6774312754093,27.65631931626985,69.59428442575413,,,23.65759013516513,97.33885854235308,,12.97019120342684,85.58076240445172,44.983710279913915,42.005220367245364,45.24260196303958,74.23574958158234,59.226493592374666,43.27520401142255,,50.08817224514688,45.72408092897135,88.88390002196003,68.73191752116347,76.13525805273542,27.27848558506265,66.37592111586376,2.5513464013942166,62.17272441899466,81.64621293449471,54.032989833666754,38.66626523751474,45.83083931214198,,93.33029033217541,63.6103131570487,87.11332001851186,29.881130812370692,25.95547879825323,24.745008639086976,91.09710974452938,72.6093887442835,73.16634396735301,59.16064482549794,97.48544387972453,37.74769957298355,,44.64798614915928,27.924576409488687,48.73233301994432,16.41998660987839,25.959221005759815,59.21333719528239,94.44834571972287,40.80171058828381,46.93110704821027,49.63902973089106,41.79511153287167,97.47752825981073,74.74664326794426,,75.03632813809371,31.516904576812532,36.55534482238968,4.3033615047514795,62.567729837074396,60.07520320448796,46.58966749596328,30.523272658035406,52.593256377203176,71.32643519606133,47.758840024939516,86.86703374898795,58.509204675229974,41.63588375633396,37.50099035180645,79.89131907735802,80.30350663554817,86.68505493888712,79.5690643781659,89.64142917516705,63.22816193352292,32.50006885251528,63.82637185255739,26.96078422219483,40.86051170723155,58.38784553413423,,70.16026481863813,51.991137639187215,27.528748987357375,57.63602543600468,34.889173708206144,31.683137405610896,43.95324968768961,64.03105920478458,36.734696197170535,57.93097902399911,42.499468776170765,30.908901716951508,55.385293999296856,59.71950650371194,46.46013422419607,15.371521360096086,60.71438330562358,35.602401989843855,55.048692378514644,34.806098800353446,50.12173115209164,83.20299704813846,49.83553796680069,28.95734307964235,56.833196696660536,,75.97863395204224,49.952665497922574,49.68113846680504,,20.391622962493805,93.4424662230181,25.434175121117896,65.6460261192654,35.74768015808447,44.92210142377894,69.21448177428557,66.17314352964338,,84.00877197241549,,73.86139031184594,13.143201533095661,42.58174815348206,45.58747575538078,31.235829796745374,13.515406050123712,87.31797588732897,81.7721523764797,19.586228510176596,93.11634281624534,85.6081714433689,22.53145496706438,36.284363315527514,87.49519498953367,97.90385519668492,38.69091982298052,,3.4439104918910557,,34.87817400994313,48.968979696232964,88.59686491641736,63.73994135384542,44.38816459063031,50.9424018160924,44.37734687682065,43.71800257653465,,64.57851675001179,,10.916300844165539,36.68813525880442,86.2361770216601,79.111892289928,,92.64081901573059,22.86710436601328,12.540949937992707,21.752688159685096,43.769214255897836,53.83202136342344,49.884090112489254,89.53634794077406,81.36381736425298,43.770502287591526,39.17931613940559,44.98440306707082,,55.2196878782687,48.281627846140616,,62.31377896682731,5.1797593506965995,46.36978267464781,74.27869897390099,63.79583899941519,,,,59.80287615007733,59.47937666900087,76.91034475680759,32.228744696025416,89.22246920056664,,15.275199094293567,45.676661794185534,45.68651760011316,90.28087490555126,21.82114540966894,90.51267387193582,72.53718171555397,61.67793895817431
1984-01-01,14.53810395381392,63.60590317705257,77.6820850440462,5.0541859110791565,,64.15782994106694,,30.61444667045946,93.66613422834992,28.55334248977268,52.45039344567468,69.34575699044821,89.95934960467096,27.488787488196987,11.868973157353413,34.82394978222438,29.242142216300525,35.17339709334221,66.86666002584967,87.30614748481142,12.533391947460327,46.18213675961221,33.96930571699481,11.89785897021296,69.95709200059643,,,23.787014558510343,97.12394437733215,,12.821763228542471,86.58080564000397,45.89275439025432,42.33627165956728,45.58555267146275,77.15845330134744,59.92985312786172,41.01255129661803,,42.474086251136534,44.91821169188061,89.27585377079147,74.08802682568476,76.52421419474298,27.532131547959683,64.39807253901134,2.5848335676982304,61.837148471658224,81.95725075303993,54.24902301803949,37.38063436902027,48.242268673774134,,92.8875452431485,63.687486539807956,90.66309155234426,29.0069382014977,22.998633329163766,24.981582392840952,91.23053345574594,72.8651514587016,71.43622711420115,60.98095711244396,98.21778537815787,35.17795126471999,,44.9888952636366,24.93791977472245,49.79921349679789,17.886150915015087,26.98580130108903,60.8593827319855,96.36747011460443,41.12785429818723,47.50609572106256,47.52590102778815,42.12532476534303,96.48855972081095,72.90394508071039,,75.44030800325748,35.675708240414835,36.86212568276825,4.357428529110963,64.52742625754391,58.5826549901032,48.608371918678785,32.99661593303797,51.76385976618931,72.35651253323367,43.82470057495402,89.59858972756878,60.27450950451851,40.21564819121093,35.80934291410842,81.16826048563205,77.6169030474428,84.74904305058575,79.24489139894808,91.16745884599085,67.15937472543231,32.277871864060835,66.67829186663661,30.103577477669575,41.18690120917235,55.027582596033085,,65.06854685945353,52.35254594326844,27.784021544193994,58.00580822723988,35.187498434478414,31.086426552867486,37.358887723170085,64.40166911274723,32.75345457268819,58.30101016980589,39.889826017538454,29.198408720123815,55.75255035604232,64.39303362805877,49.81589181767395,10.093537279068176,59.517287862330704,39.25124390093034,55.41547662641655,34.58648696166401,42.30988305327187,85.39263121731312,50.192012628207316,29.221695646885905,57.20220551438588,,77.62980520277567,53.44120790310987,50.03722440795193,,10.306209329603755,92.77389476602862,25.675502398476823,65.44278024956789,33.75397496701284,44.66010483709567,69.13477025264018,66.54175679907138,,84.43584031531411,,77.52506727813845,17.009894812351146,31.480101324837705,45.93158052769984,33.415550852174405,16.174060692463588,87.58147445822016,80.01225423958059,19.47513545497781,91.13546192588197,87.76699625604053,20.18363971024121,50.27617427647546,86.80218312617416,97.70046606190367,39.007834357264734,,3.488043287870568,,35.17644131875433,59.03957263886661,90.98897367906326,65.03359420993917,44.7281611135249,51.30152551667886,46.213591525155536,43.19111920779734,,64.94873103223841,,11.03925497564483,40.665032721973084,86.51029241870992,77.47516983797605,,92.8175309272573,22.253158191280576,12.679184431534217,25.446017048512516,41.25324499616902,54.27818849209278,50.53358644926755,89.25241821720861,80.94834649984584,45.78172648652804,39.49843608391541,45.32647529672417,,57.17925318247985,47.017822382139364,,61.65694598804223,5.24367866432629,48.240615414407216,77.34673177221023,56.41854619705475,,,,61.789446887057586,58.620097086540014,77.2483710513169,46.009397992155286,90.85515775899987,,15.437907392935625,46.021061409608045,46.03094970716588,87.09211641111212,18.240774709693852,87.20416100674383,73.55117046137248,60.28136285287265
1985-01-01,14.824533647948279,61.85913814453736,81.40769958140012,5.168903908579225,,63.692058149988576,9.394112325218362,29.48311901856856,92.41979060236018,29.032772418671847,53.11270220469826,79.89053278809224,88.5912779836471,27.955788651397352,12.110960116389268,39.629290933914206,32.68495395716445,36.59979582060051,67.53783102563689,90.07581347709322,12.786697128082302,46.8149785689417,34.50645113904973,11.056011009329703,70.98069456026568,,,24.208007276350273,96.40461387010829,12.483057953821309,13.346477063882212,88.72186052790265,46.52390086882735,42.944260583657076,46.21486796052711,72.35726726686384,65.07508088390877,46.61534224429415,12.909936222640273,37.62740043749388,46.01247706442436,89.55840338189411,73.19983294333437,78.85675425008785,23.736710950660257,62.025131899803434,2.647046029621025,63.34530479635805,82.51979697526313,53.64882404565709,37.94938123221399,47.99919646164971,,90.23494115102099,67.36797937854004,93.63765024562244,29.491555568165406,23.117168633786456,25.41789796346523,91.01261990531123,73.15376305571948,70.60421094044189,63.70258338258974,97.89403931044592,37.40400005159293,,45.61456176369324,25.373683298181927,50.45077989633609,17.372452942909167,27.2248556167478,64.66886411756312,95.8873803840552,37.64187914982824,55.58017987050372,46.927154251619804,42.731806996977205,96.13982591285864,71.7418570082474,,74.2083969913271,28.934745362418035,41.689496328296904,4.457769760508635,66.1439438379788,55.905759030583035,45.7965299813238,35.17429645664818,46.30097262242268,70.94627126715811,51.73674151386607,91.21686814236831,62.306048191209086,40.31650478200225,33.471384890086334,80.46545787899004,72.55327796750977,83.36760911272609,80.76255158589544,91.77538903143385,71.04881045957035,34.71631474510946,71.3188134370015,31.655547398540975,41.78650257978125,53.0029412611986,,63.010789472590645,53.014504348059546,28.25450534745838,58.68195430751264,35.73635292092716,31.593998023056567,37.92744487133775,71.50301034132656,33.27844619148359,58.97754692475665,43.35809259793007,23.62023178647652,53.72645717687084,66.0769553517333,47.5309752803652,9.549291698909402,58.20051152241046,44.50486818257276,57.54213407189104,34.01778336393099,46.10965010806359,86.15518469710281,50.84533266283893,29.708746476737268,57.87710679606446,,81.27443802285369,57.936283968315564,50.43775082413677,,13.832885868145773,93.79801580857503,26.120510145842335,67.46829107037257,34.28900188361982,45.28370886680312,72.05333819544073,67.656730069566,,86.46267816049938,,78.77931895583508,17.335142355041643,27.63586527474503,46.5629561393622,34.57086529220636,17.487038311154514,89.34977747737605,82.58463383963752,16.095427264036687,89.74868012922035,86.85012260024668,20.55562110058168,52.68222417187107,88.18363422364594,97.6697428362439,39.59034577043482,,3.569986330191277,,37.504395921762736,58.60818477862237,91.13602204837981,69.28956223814538,45.35219506495874,45.8212807803827,47.23378375058635,42.81303426994037,,65.62406134286947,,11.26686111261639,41.26068226304091,87.00417537214145,77.28665564871055,,91.2969602560674,22.653804284194646,15.761025966819897,26.470994497952184,40.139375986370474,51.813670367936446,50.04817824560184,90.57614931394214,79.2600755962454,46.38498192289967,41.324429638136074,30.286230179771156,,56.89743998259704,50.048135301516126,,61.427662132988736,5.362254162525493,49.90369219833269,73.04145573095589,55.96527293295579,,,,58.82406905871935,60.17636766419838,77.86156211209044,50.40752247625069,92.0660892077134,,15.738720675150653,49.718018432669574,46.66290938836314,88.55497182261247,21.286595113740248,86.76166464879178,72.96758181534146,62.250467947789815
1986-01-01,14.615104284646495,60.25659763583005,77.78393154097193,5.0849780837585845,,61.4333040440785,9.251715631163526,29.129074493311425,94.83706690146461,28.682442585766598,52.629252965285936,78.64678319728039,87.20144908342557,27.614525565623694,11.934002241534403,38.54252696774238,29.409689973708964,35.894139694322014,67.04832317185722,89.6502199606851,12.601468963344175,46.35289926550094,34.11403641575508,9.696538867583126,70.50025531988094,,,27.609925489729804,97.43844332973279,12.30153053608215,13.154491636985044,87.581167897497,44.75641760738226,42.50025075356433,45.755350983438625,75.99700281699118,64.12956008580059,46.15410546351093,12.723213164371284,36.20061056211916,46.3886574128432,89.52097141741572,73.16769912346943,78.41674780994438,23.433466242336497,62.04903442701284,2.6015215066742536,62.85069755753412,82.11007832877549,52.33542012714758,37.53394000937964,47.2517178392309,,91.2221656883934,68.30627094612734,93.42484700899797,25.58462519698155,22.81984455055873,25.87916729262184,89.26243514349996,72.68155369452391,70.03357773889368,63.20817314210163,98.24783672666784,33.64389225688611,,45.157696617288515,23.69788931470377,52.84192078635377,17.134259199767634,27.305557269119163,67.8565976740867,95.2592814817185,37.228385105661154,55.46687288898162,47.30188047870788,42.288893350366564,95.70189498059048,71.18172556853297,,76.55842175977767,29.4401489232158,41.47272384008986,4.38435744542478,65.65204950342223,55.05015345320463,42.360325833169995,35.07075928679673,45.84108253903065,70.02048467571076,49.54744974905957,86.7718405870257,63.93411555232833,39.00290960814408,33.8471199648547,80.8386119689146,67.69620753577892,83.71658512166434,79.00462826731733,90.34953409181678,72.83085869970964,35.48823281615483,68.33795668276817,31.28421799426102,41.348595892363974,51.27315431353201,,68.30536596459369,52.53130847140446,27.91070156347463,58.188549268859305,35.33540468972846,31.223143862224134,39.431420452221,71.02436424618158,32.89489089490631,58.48386491627666,40.635455382681684,23.573958180061272,53.24148372724833,62.938105036756475,48.29687135647568,9.404861987054058,57.625050233201655,41.17158810523242,56.748438924888504,32.6090719353219,45.65059153476633,87.50036514609883,50.36839143952776,29.352857840805303,57.38458831871072,,82.03445875257027,52.48960585263731,50.4402198454406,,15.402321867087633,93.65361052499559,25.79529404515316,66.70789983282204,33.89813130320755,44.59225817730792,70.49835468380374,69.78859541651154,,82.69886831733217,,77.82980377711729,23.94559896662235,25.489985701647555,46.101942076103285,34.94838935408602,17.24758869713503,87.48385550043236,80.18405457908963,15.871447843780961,86.65090462099154,84.6004101808692,20.28370928070695,50.02644484192298,90.10571864055588,97.74961792106538,42.60008434860636,,3.510029734541553,,37.091779435602575,59.41023997840313,90.36424948985929,70.32756074767586,44.89651660793855,45.36349248734394,48.94269324251718,38.89301208281031,,65.1314568069445,,11.100412144573625,37.31437793830732,86.64470827010847,75.04394139224661,,94.84250106288252,22.25940448188597,15.54083550291302,29.584209454309164,35.44213576060342,51.33378251416447,49.573846961052325,92.39919855822087,79.39911141265715,46.1145326503826,40.88904698839575,29.925673256281726,,54.85121475619936,47.01780467168718,,60.414729071741725,5.275507563534054,49.4298516149542,71.19266052960207,55.1471749002999,,,,58.33052757661159,62.55145658839869,77.41472146464558,50.4317900526373,89.04580833519964,,15.518783939813396,49.24481633893003,46.20147096544468,88.17812053072717,21.007277267533773,87.95651291701196,72.2866770488341,61.75552042636312
1987-01-01,14.463494969352897,55.01532584302045,75.37069049606727,2.1420155879260383,,57.96021564360427,9.148768864520473,28.87201221823058,92.1442013371218,28.42809965111799,52.27651474265984,77.74792883976824,85.17788206870209,27.36681693967087,11.805980370140013,37.847237410642684,27.388049629645618,30.927215642174176,66.68976538261663,88.69336620868273,12.46744217640121,46.579468507695864,33.82883650175334,7.998572101412349,68.86652302082568,,,27.473472927483712,96.79928133193626,12.170191019847277,13.684240883521248,86.6708017770975,44.538803192567,50.59095490458789,45.42058951243844,73.21693111125937,62.979053012885224,42.626213183525266,11.973814890540545,37.86650133135117,47.84244664872198,90.87614814920046,72.48462132302048,83.55965567270971,23.21353515710589,59.33357346092447,2.568689531335455,62.48886465022861,81.80803330519151,53.908969896561885,37.23180030465165,46.63802272486092,,90.52179004773822,70.4056888866121,92.64914898443777,25.350042462059374,22.60423392240457,20.866439768163026,91.56562247687269,71.85976970749766,72.27427029372457,62.04532653970922,98.91722423803927,35.06619875587054,,44.82490946767258,23.4761158290535,54.97562205258766,16.961731055618156,27.059802888934005,69.16209808907507,93.14361346782884,35.75949350734583,53.61376481369484,46.9623087674799,41.96646263738426,95.76663131779767,70.85151301755978,,75.29417033306977,28.823448266987086,42.70148805043683,4.331367969293609,65.3004828823788,52.35541684742764,44.469878390550136,36.31583857521099,45.50604310510866,70.02740972704397,50.26360087605583,85.92582538200699,64.01829420337765,37.993427041376336,36.22237806427264,80.52839855573085,67.23053022892807,85.86531757558458,72.4841365692102,92.93548496602946,72.33747457198115,37.44229677762807,67.52443841145474,31.722692101916117,41.02987185214959,53.567156492567825,,67.54433027260498,52.17876320917239,27.66113427950264,57.82805383773684,35.04393263022927,30.95376639004921,40.64394417108159,70.67328823224504,32.61619655082367,58.12313944134861,43.19525571283722,22.434166180514158,54.51621044028015,61.703479738623976,47.888923319284594,9.350453274503788,55.14881752866434,45.9520995572808,56.11265339171201,33.57000341307702,44.965631213373555,87.86333740182167,50.02058315517486,29.094445308430327,57.0248149956752,,80.42192069152173,51.82251002788361,50.09223979590362,,17.243372522244616,96.32808501734202,30.557461579440503,68.00835508280205,33.61406570039674,43.054225004490796,70.41304988554282,71.64301086447372,,78.32591493166021,,77.12283100558665,23.695395649844354,25.9199965602391,45.766064996813924,35.85926527682758,20.01430425420384,85.42066712033241,80.69597752256239,15.709259979791511,83.74737547157403,80.94046608927997,20.086628270158556,49.67946771407169,90.95959230852137,97.02900068840098,42.27646058674003,,3.466769252853674,,33.38891705422866,59.04891729864381,88.5936197149418,68.7497285845122,44.564612272363746,45.02357560904945,54.97819325655446,38.94326234481075,,64.77084632503045,,10.980018036421734,37.01326741872758,86.37887964217225,72.76536161024303,,94.60634270565168,22.047794979689627,15.381402953458444,27.776864318324446,33.82714937159741,54.02265303000493,48.535743238819876,90.73574940362283,79.75714814813249,46.06580219179094,37.45404854258281,29.663841762645802,,52.86738663914241,45.467010596017424,,58.19127836664404,5.212871637173255,54.90121625298243,64.03743394452037,54.732898970767096,,,,57.29194271860463,64.02279861424809,77.08611742588222,49.9100618451375,90.26390257266709,,15.221192125475469,48.92618846734506,45.86527751844773,88.59443271597745,20.804798409482807,88.30733238396245,69.4589782297534,62.16905058359521
1988-01-01,14.534029287217365,55.8497500421447,77.58981745768676,2.1549112622531674,,56.32737635451899,9.19664925898086,31.367219275563542,90.90919121527295,28.546506394116843,52.44091190590772,77.78757940458199,82.57395025161513,27.482129730596828,11.865532467900175,44.61516307006747,26.584982763444298,31.052564391127156,66.85702140417729,89.39502080848864,12.529789860725838,42.65268527791684,34.683130219188975,8.041166240072117,69.03215997524971,,,27.58910059102684,97.18589809697157,12.231287622942254,13.751622915903505,86.46562878873611,48.89053800886217,50.753664580161704,45.576554585173724,73.10510770378542,62.78291367404414,41.83376630450578,12.034080319132002,38.83311646906411,45.91538954099309,88.6909097236496,72.96781750311865,86.5310804679368,23.315898004242086,59.688457310822926,2.5839512319316915,62.84454962833686,81.94913039776345,54.16785906379642,36.80794653214885,45.35170032224052,,90.4601008394236,70.4047714320009,90.34251001170807,27.889214836811192,22.506060552498507,20.960883361168726,88.38038335174284,72.51903769973372,74.12290343687144,62.78502862344193,97.0364440882035,37.94673469085161,,44.97995026529692,28.828524879785554,56.647352933287756,18.849263811599627,36.79724262905298,69.96153007158033,91.76325198513904,35.8968955573189,57.56712430816577,42.92781226442399,42.116658229396855,96.25929105914103,62.73647874804311,,77.24416160772822,28.94298530845584,39.50898162509468,4.356004453211537,64.44901950333406,54.438857235670454,45.96514759393834,33.81722696964602,45.662138324227044,66.36232692130051,45.32226677069523,83.77354738727033,63.4247138122775,35.945646302545086,34.94692976465961,75.99087973252293,69.45587066808177,88.82501770355805,71.21512838180458,94.54779540970988,72.88718757059172,33.78079256119177,57.08411354860665,36.95318379707189,41.178334333079604,51.790339926662796,,65.48379303211212,52.343069594036386,27.777313823866766,57.99611794437289,39.440518225873056,31.07918630334109,41.215152334141095,68.67841442416199,32.74596386375489,58.29131369033953,42.62865536709033,22.055623316306484,54.68244366032005,61.89635987840432,43.424331652599825,9.399245440593006,55.51164757894254,50.218378864532774,48.751604222261946,35.102785423557684,47.329541161478616,90.13415960312352,50.182663689358485,29.214750154641923,57.19253467682179,,79.08133146234407,51.83114011073966,50.25440096731937,,17.50937322197594,97.65913470076745,27.63653756229911,64.6281170781257,33.74633986361497,50.62038839317724,72.48886472097853,68.82136586743644,,76.72089539401377,,79.2840265227708,25.168852446550893,24.468115514990263,45.92255244311904,36.30795235715956,20.10576320343168,88.2060875512204,77.7585407627266,15.784720601933266,84.89578479753705,80.24040887298763,20.062500972696807,51.87380851177359,93.01276100777841,97.12919104860906,42.42721411026883,,3.4868806837131006,,33.52063233790676,62.22202667943333,88.30258649766856,69.97502964647704,44.7192398530437,40.86432655740017,54.00646504152975,39.30586052969491,,64.93903733074255,,14.481704314386057,37.153499786996605,86.50314535034933,75.8853531000911,,94.0231346436415,22.146279485570652,15.455580398630397,27.893382846800574,33.95994884455742,52.96936984883167,50.784678542552555,93.19487469624393,82.33434948253891,51.9422419152449,37.595246616266145,29.696711564501253,,49.06708165701533,40.10801780004629,,57.456786693176795,5.241995332574501,59.894768933094376,61.93773541688916,60.91862917562489,,,,56.873769484341196,60.15514383508518,77.23953703590807,54.179735476250436,90.97775972890885,,12.210460771300546,49.07515920119887,46.021913115510756,86.94998252423878,27.775096902572795,90.42904082788453,69.27140786069388,62.892988033889985
1989-01-01,14.114777164177305,53.58559544322758,78.8486816503493,2.078559721263873,,52.39240039085706,8.912417265255678,31.76432180382569,88.34979792501173,27.84072449871364,15.119910112661806,75.62853625903462,80.42222928614595,26.79492939713688,11.511775151859327,43.69158012352046,29.870240843767924,28.657315223854752,65.85142543244025,89.92215378858455,12.159367624065043,41.7492405071676,40.16698614008172,7.788395993204411,69.50918889859669,,,29.436202589091053,96.76485670573514,16.419816967575983,13.752857043390176,84.29468901353185,47.9296773275655,49.77948161887179,44.64379257626118,72.63985589124589,59.92079564303652,44.56617354595722,11.676071186300774,39.46833475532524,46.998656588901845,88.59277984005148,69.89189639160034,86.42549251133505,22.70636136219989,56.437156544821775,2.493568338408103,63.973490135577805,81.09550824533578,53.17407871512558,37.3775340795795,49.38085270330157,,91.59604455725704,68.35104066867135,93.30328056512238,27.194847446203795,22.881714704318878,20.39876361699202,85.02544360436184,75.87930634581345,76.1918362058241,57.39127339421943,97.5085011926515,37.09905943361447,,44.05283086422909,30.367418533578807,53.02237334778279,20.4055306665075,32.551412607316735,68.57920846382652,91.21927943789683,34.32387574203395,55.61574800905695,42.021431929830435,41.21903712815287,96.50234380347472,61.05394484086892,,71.2180566033133,32.57036344599911,40.904263708350044,4.20998155044876,62.18275849441641,50.339626250964265,46.70809557453515,33.02695067630612,43.551067490967995,65.35517578897903,42.31945931650362,79.60568612641417,62.96450547157295,34.20436777598843,35.568453317369666,72.09494450414707,66.93091456427032,90.24017246860531,72.1557231461044,94.66073881339591,76.59396786753123,29.856616660993673,58.75370350166038,36.713682893635635,40.29123785963436,52.44352475906402,,63.78182359079645,51.35897448164015,27.084909093862453,56.988154116679304,34.97936950879386,30.331240552421313,44.74786418948056,67.34008245608905,31.971846184620766,57.28261408127877,43.39615686854946,22.022505178519747,53.68626670217671,57.15016889634277,42.563933122258625,9.390644099449863,56.60004090384045,47.44697971679369,45.27709970027766,33.903825233073846,42.496772146946185,90.28838690326971,49.21237039138917,28.497562997736992,56.18683848984431,,74.62176522118453,50.56851944153895,38.494143603134624,31.189382126957277,14.114104030821451,97.24774990409594,27.185982650552653,63.933704519616796,32.95711675591485,49.64709790065495,73.60323588726445,64.22000731260671,,72.35276013835092,,78.13758660219912,23.8625285009855,22.15882899076087,44.986598720049365,35.49868043431032,20.338942402686435,84.06776482573514,70.32889026634844,13.24304775997247,84.32828933666674,82.01689246021246,19.519151123583544,53.77045457669085,91.35168791259309,96.19325600014983,41.52620219568699,,3.3677226081719303,,32.7347777854274,59.285124189869286,84.46326562563613,70.15280856967688,43.79464126762325,39.98084548867953,51.597864559045824,40.77625430513305,6.389549134855876,63.928406811699205,,16.10258200732131,36.31624370523314,85.74906818844717,78.99575389455775,,94.53615133021862,19.885765868057426,23.185019730787705,26.84335522941801,31.881720143667856,51.74318382618988,49.810289249694186,92.40100114753984,76.27625428732212,51.06310901624103,36.75215233767781,28.97142328326421,,43.301514342803024,38.49519629525724,,56.45030232335919,5.069318159588764,61.407850699391545,59.470106094826235,67.79919085003114,,,,59.95538869826014,62.865777372938304,76.31357377698585,58.46993954983171,92.85812417287596,,11.383331460868607,48.39328330994328,45.08505381535036,84.54937130340952,28.563682770548127,90.78549205295367,67.72983993181698,57.87629235723433
1990-01-01,14.259388144957752,47.702238820078236,84.55046569800899,2.104813917238879,,51.913973287141225,9.010356605917336,28.355910858364375,90.11929355728041,28.084705987490654,14.9287788519173,76.39335203989285,77.2558398483536,27.03244949260447,11.633736202530487,44.612148964966046,28.389202416614225,34.38598864644251,66.20140461432251,89.78616653518309,12.287089926421213,40.57308928949153,39.78653525478049,7.875472343465195,69.85348850750339,,,27.417771572457205,95.71268548462862,16.583401708480437,13.894398337233504,85.37890804605948,50.60335299917333,50.117424314283724,44.967084438743676,71.76201980936061,61.875569341523764,44.8892079184371,10.646889151783757,38.565613216729865,48.454109010341696,89.11296992074553,67.7161005631767,84.77195347154483,20.733431512177614,64.64294502605614,2.5246535606211373,69.79146468640893,84.48006910828,53.51903008859511,38.35130486493432,46.66211555860122,,91.48352948841749,67.9213690640203,90.9362652267199,27.434859394905487,24.63616811799313,20.59285813991959,86.33184663657696,76.2043384204414,74.83268902257858,57.74177556852207,96.90992993440388,33.571794593950585,,44.37413582493788,31.208101961800594,50.02250818919507,35.103363534773024,30.544893071280566,68.83453439383567,92.38728554920212,31.51454351876768,54.765229657885264,39.3451027249889,42.33014260498804,97.06782329678138,64.40794558213108,,75.6695842631021,34.0790381480659,39.05819846295155,4.2602358204019914,61.50579032318455,50.046296114653146,47.78908325367824,29.72201445050937,43.87063776711596,65.7056545571153,42.07322332871283,80.72356564150412,66.78471462859565,34.483847062650085,37.48654505534099,73.74488853917839,67.81061945626969,92.18462694607864,71.80472979827913,95.84540861437554,75.0025131934728,33.22880221136337,57.10290318673004,36.42648465374747,40.59848625716833,51.398514870791786,,62.682510606587584,51.700451295411675,27.324238617781916,57.33828306830608,35.262723031185494,28.582006002018577,45.14876722900881,67.68818250694109,29.51072894472333,57.2380335292193,45.58391097454134,22.228267521457656,60.356639612800755,56.281208362761895,41.04523953163333,9.493115050749356,56.49945483835883,42.8960243911031,46.116084753958575,32.34551900455662,45.20278013662297,90.42885899373907,49.54893043327184,28.745511992602225,56.536124981190895,,76.8713626187293,50.066359621160395,38.79383133251279,29.159417286098787,14.258709325559959,97.3188292020972,25.338012228672135,64.90454143264239,33.23015572781145,54.602423721896855,75.47361010707537,63.67898477000935,,72.1530717992434,,81.19001678914965,26.645375456477684,20.466324656307698,45.31101517666979,35.78457512655593,18.855609625525116,84.34578866841804,70.67141082502984,13.380222183251167,85.23293294803061,83.29247124242214,19.706738056279583,53.39125871785271,89.01955058601206,95.22385171973136,41.83833161599342,,3.408719168253571,19.2711074990921,33.006642146430586,62.32250889708983,84.60131059752469,71.06339539064324,44.11505907499249,33.144601453579845,54.10240018987895,38.314019237758835,6.904562923616265,64.27997918927863,,17.09269575527843,36.606049551415985,86.0134000858616,81.50112987455172,,95.665262571595,20.076081201344252,25.46779115811969,27.5171945891757,32.626569671264605,52.68171918092239,47.26999185794665,90.70076571028778,79.08707603437803,51.40395962216673,37.043998689562166,29.222191131358144,,45.78141219130975,42.4722179063604,,50.78043499283096,5.128761419874706,59.338569089403556,60.978766760769346,64.43599419529251,,,,65.23157280761498,63.103757395882695,76.6368029581529,54.19726864570884,92.36675468492496,,13.91324069578397,48.72774169554215,45.40978944944509,85.86521518800684,29.58759842032058,92.68711890651548,70.65412377917838,56.59570839159205
1991-01-01,14.48288277550358,51.085632743504284,84.66831042579928,2.145558198373698,,51.156038119872264,6.920446566279659,28.734365582863052,93.49586679084136,28.460659534764044,16.333016720161297,76.9451475404208,73.05777339668072,27.398525097094772,11.82234801910017,45.10678639153396,28.921470920577576,34.815329350042724,66.7358159608543,90.20011176291062,12.484578575250804,38.73854610110945,40.73550631811402,8.010277221024575,69.72441929283832,,,30.16391477455812,95.39039177886677,16.218394808378743,14.025981970051216,83.45300048530582,49.228289234148946,50.635726446265885,45.46349821991349,73.4375517346825,57.92030858551258,48.87482200423362,16.93865766146222,39.02488599409368,46.93547535023944,88.33263095570967,68.2473127551518,85.6808657811374,21.03454362039654,64.01362253958243,2.572882274968058,71.2905914033966,80.67306602158716,54.04764741872261,38.80915049438771,45.655008682766294,,91.38564343111362,67.07651836757847,90.73458563761785,27.804745190134163,24.9787151471207,21.889336535488756,,80.27271941672566,77.52386196665624,54.84269720152444,96.26628558448523,33.99479341828155,,36.713950351785975,35.73430926390693,50.540474171945846,35.45673050621188,33.22789919388682,69.81207658090267,95.5994892376071,33.09013236175904,55.738948088416485,42.08134109012316,50.188243311241365,97.47026201138989,66.7582797994956,,75.04975182147149,34.50600742760177,39.20054705429651,2.7904626139298783,59.05821769428628,51.69501263591023,44.71886597949409,25.904809329243882,40.26661520924587,74.99095654137795,43.17141434237956,82.05674168805058,71.07574583145247,35.11473770939653,37.216200458088466,74.22107894806413,68.34160112830958,93.39163852175366,72.32246347381192,95.1232858287501,76.54142973152493,38.97887919782258,57.23717017109604,36.87098911107272,41.07071112037639,55.06948626701747,,62.48747877160421,52.2239764667731,27.693081035724298,63.96933746134066,35.69870723090545,28.962531884399223,45.64607716260029,66.45289432009474,25.492255377656914,59.59865235125503,47.60045625336914,22.545711294361446,59.702905389928375,52.29218072972741,38.36572589368906,11.331046844141191,54.95477621299791,47.09704702746045,45.82474356165209,31.779802604797382,44.06656000146412,88.7890497858328,38.027976438356085,29.1275277543515,57.07097526705738,9.337956904303702,76.99747337618074,48.79702536348335,33.43834905096561,29.54517485700294,14.083120006747718,96.50200960057921,25.042494584932772,64.55899468038109,33.55757368474643,57.600383543872624,79.13897653642735,64.97965897786584,,74.49759803571389,,83.76003360655277,27.007747916240767,22.20886000012159,45.8091178723773,37.760760449613116,17.626424970182164,82.93620173035772,74.48152097953806,14.742135050547422,84.44240397546076,84.41846665342052,18.187615489491794,53.919550519369295,88.42010956444881,95.86159023966728,42.31793159676307,,3.472294697213363,22.846477115007456,33.42514158402652,62.86106675012426,83.88494579719772,70.51981164708968,44.60715190814527,33.5642065864042,55.26305023790079,39.988452921880715,7.024636588117605,64.81715041356004,23.479111402566332,21.234061273901606,37.05183827320698,86.41313987209868,81.51608389758762,,92.53781345545922,17.235970869777795,22.143096461332,33.957591257374766,33.04199842359857,51.20710796538628,46.21248229584351,91.55966553838344,84.27781981814643,51.926561956641805,35.052292800067534,29.608512472669513,,45.12267290242728,45.737294866745906,,52.09507671904659,5.220873954722805,59.58924172875193,65.09629812389599,63.651015205651596,,,,69.75691227774678,59.674584835224344,77.12838211366174,54.72753128489425,91.61658593772103,,13.981940209970723,45.18624614332918,36.873266500467984,85.17410569587508,29.977182024296855,92.45754108210657,68.25261910483158,59.96734621761712
1992-01-01,14.552474137097281,50.68279721790909,78.03712398373561,2.1582868642433195,,51.66478737292613,7.450271906646777,31.500071497885195,95.03745116962486,31.147866568166727,15.991291173256839,76.80224765158279,76.42475397129635,27.36122478444145,11.881107876722762,48.770930001541956,27.55085839914322,34.84108122224332,65.97328021741767,91.34834955877238,12.546095781940792,37.022235188202735,43.48523193584437,8.052309240090505,69.88687043850597,,,22.559707887273973,96.17574000880464,13.099790059075778,14.09375913871681,87.52371898098434,50.34923717059052,60.364891470794,45.61727608167511,75.95407077434743,56.895127628490606,46.6863410769579,12.372731723591768,39.16731385053348,46.018423357815955,88.44617059309844,63.77948626627372,86.15664096424528,21.12819586539937,60.43888406337008,2.5879459142241323,71.8237263062161,83.87904835958247,51.73739524062613,34.41452935160196,49.60768258772502,,89.60138800413353,68.70990168663016,91.73802874899958,27.919660696493164,25.805175098600408,20.256048479268884,,79.5201372156949,75.74137149461964,61.97537284055494,96.1027724156746,34.12607965283168,39.47508893733315,32.29523987302143,35.4380941747958,44.75380540465308,30.08934579013991,34.23499245702539,69.06838799691906,92.90102604487879,33.43415879918332,59.81490377110439,42.22957265687109,50.43022242843702,96.30562061979164,72.79814867983185,,75.46727622802094,33.931544594840844,38.35877152697259,2.8066992057893425,60.10768520363226,55.18681698518406,42.15180578509968,26.849079439898183,39.56797156265236,81.33728567606383,41.752290694035324,82.71844544636534,70.96827189287325,33.485986090412624,37.45833191364489,78.20238865230948,74.81899502175018,92.97463222389028,67.42876187479794,94.68817906598966,75.3219973515071,41.33297497897106,64.01818182773657,44.421201805395306,44.57981861885153,49.931026391169006,,60.26154182673904,21.854458799305664,27.807674440203044,54.412990831741666,35.8339864922659,35.72631717530902,45.99354305338906,62.44509295626213,25.600305926097853,61.055729784548475,46.64726515419032,28.574241523241973,62.95002752410661,52.6378210066698,36.90921026191172,11.38773390406399,58.41146136919364,46.628923496436336,47.481826033510835,31.90556609538049,43.02437794412599,91.25802704337178,57.435898234159154,29.246186625505576,57.23629605106437,5.002580967377456,77.01147092037475,49.05537501117539,33.56828310032283,22.023898965162303,14.15112507058318,95.95162831214759,25.667346164500525,65.63371243194022,21.433277443814713,53.43068150205126,81.33790824612838,62.48132669421027,,75.36337465185869,,86.14336052883064,25.558216360197594,19.054391599948715,47.680304516782215,37.225191651168664,17.70800645638959,83.07166600981083,74.45788756507852,14.812747566962681,84.5848149592775,84.97684907439805,20.334456667867386,57.60431962030999,91.26300422511423,93.80841004830117,42.46658136299794,,3.4921441535388786,22.17867956394177,33.555043251085735,68.24561359223928,85.17447665737954,69.57171579395434,44.75961396317766,33.13093963128573,63.37923987250278,39.46947701731598,10.486486109441007,77.00076190726848,29.014139512727933,23.587265990636162,37.190129290037376,55.869355781466126,81.26193012198412,,92.85425386257205,17.3161087443907,28.67948374701904,33.016107151096904,28.638091527557364,45.874461141314605,41.28009069372389,92.84273337210468,87.85575227435523,49.54028578045081,35.37947346812085,24.773206658315594,25.456082221322717,44.91936996221371,45.638336919947164,,49.5940389984544,5.2496160760374995,58.97345134918262,66.41130122599547,64.36685731210248,30.772279629833964,,,72.2814267421933,60.55906559758255,72.73751288794001,57.612990772211404,91.13546071395935,39.33754373629402,12.40444136345511,45.33960463510161,37.011168166817,83.6618028487338,30.098175105890977,92.40005450767272,70.2945073484114,64.51048043628602
1993-01-01,14.424937068884747,48.24319166158851,78.31097957962896,2.134974724403249,,53.24259935511131,6.052383941577744,30.949370983285608,92.02240200828965,30.920871380145165,15.853535888172521,77.0066230281651,77.08098885222424,32.00988924241008,11.773432180944754,51.257536051972785,21.68986743286783,37.3643036201784,70.32004235489693,89.23911556401336,12.433364386048229,31.822336249265703,43.20934733587279,7.975299512623568,82.07613996536753,,,24.635189380436763,96.3098713503247,11.606840750271418,13.997827138458675,86.60260039636943,51.65442926893651,59.03099030720871,45.3351670114216,76.00145905279096,60.24517196753505,46.40136884579484,11.090327522702925,38.90608300797298,45.73521955283768,87.36681134508379,66.41435914198937,92.18298903431987,17.392131228234287,56.86076499864483,2.5603561929269936,69.64698381044259,84.28082749570324,51.441303988357404,34.172505119727646,51.30311442634778,,90.31976062533444,68.22720369582487,92.37037023371998,27.708966429363425,24.00325850479699,22.387195730250475,,80.55748648524889,77.0090722094803,57.965070020603136,94.280444605808,33.885322938748075,39.212724472715536,33.57953822005002,36.856704673476855,41.74298643768297,27.881838782851975,32.36985391943657,68.60409136893037,92.74846048403143,34.19019375034986,59.56228379528934,46.75315560102777,47.15995145347439,96.83739690315157,71.66985300439288,,79.7207312557855,31.23420201246794,34.37233336672438,2.341549884082128,59.802578310202904,57.699483935143235,38.066636680468235,22.584371663816526,39.30526764518567,72.68027757708604,37.225441693271,77.22816898929061,70.92348954251047,30.31889958567242,33.352284807776975,71.2245543047719,78.00435344135246,90.95208130846623,66.38326188588243,95.16459805553873,73.29962852582644,45.713090128182955,73.16421536542046,41.463404382357496,44.30065344170263,55.680848620942605,,65.19312449980279,21.274569337728998,14.06843623769497,52.989844400170604,39.41552660958714,30.378720498792166,45.11357004981566,62.13977063624219,22.560125297723342,55.43146884082735,45.3947294334762,12.950674312885567,61.89532363978793,52.980347042037735,42.213285167643775,11.392320745466723,57.20525571729145,44.16522261528031,45.93054287311481,32.133001041531664,43.37017233512157,94.25344864833109,57.13231500231648,18.561525267627964,56.93287938857152,4.952166027108218,80.07926191766586,44.09533065759965,40.52518416670734,22.07608826259858,15.333754354073047,96.25011231833946,26.45218068933499,61.9182100630844,22.826792787867944,49.78615195749118,84.32371920738717,64.26465945121143,27.089392933683754,76.42596923291758,,90.4187555154712,33.60848285788426,15.942112951297904,47.392827297309594,39.201902417321,18.28687117065502,79.89681944198715,72.03281036543355,13.478681112471659,77.55739069788416,87.66709255802073,26.238798743017544,58.75149579695314,90.25125011505466,93.09367739101897,42.19390907452686,,3.4557862614072676,23.88370225379528,33.316829913620595,75.27935679223576,81.94509852600112,64.0540302692199,44.479927011230224,28.703800300670544,63.3548336842747,40.3175580813284,14.384139180539869,67.29361259144413,27.79853290734835,23.22394771975511,36.93650216994448,57.484903150500855,83.10588935377503,,95.24605278074347,15.721700355361756,27.948063147594915,33.465916541626854,30.7450124552755,44.84234375186422,41.01135164099057,92.1990055126784,88.31534617141943,53.22729554031942,40.74952330867805,16.746322734886444,20.86802058487779,43.90825375371209,45.839909960908784,,45.43124681670688,3.19445065404117,53.69556808271554,74.18940292096923,65.54156653314173,43.22954089586788,,,69.27826238776147,59.63112659617617,77.17827592711855,57.52367836177341,87.15338668875438,39.07568421660918,12.471118538204905,44.27369078512275,28.07783799701946,84.78467385106131,36.844764782355725,,74.51276207819546,64.65242755367728
1994-01-01,14.34458570304269,49.29869087912547,75.12368859938115,3.199323088798045,,52.54872923398064,5.275990254626805,31.2883040230054,92.2899643495217,37.344001261521996,15.766730636277316,76.897671683442,75.33042911587881,38.76178353846317,11.70561871367809,53.15088699266495,21.37914520830342,34.93972108416098,62.63766658153469,84.3852228094869,12.362360219482671,31.676304198874348,43.034942935056186,7.926828006238551,81.41535867378742,,,25.188671359635308,97.28372647225673,6.737068397835211,13.919445473776227,88.11451854846672,52.13809928029891,58.83789291535395,45.15678120599031,73.1406828690586,59.84074265387109,46.221148604884945,19.784947914672834,38.74102686126294,45.55613260834923,86.13761146907018,68.71364880575621,91.87253304943077,17.298600864236448,57.7012442394996,2.543011906125381,70.87178267745382,89.80679944864461,51.25392955366463,34.019668209668666,50.603367973115,73.23457661478076,,65.20715973587185,90.75116518973448,25.30842485444811,27.190132336595862,21.695658478519075,,80.13830523400313,79.06456590415462,58.52761103459285,94.5147777660866,33.73329145502464,40.86242982464918,28.52751461321499,35.95733793978106,39.5841842118615,26.422887993271406,32.28838959908046,68.04002649566634,91.86979379024153,33.30048519090765,58.03005795311371,46.659355661693894,64.35519636788575,95.35397212224113,73.31450753644414,,74.75575764745918,32.02627931033113,38.20376763292852,2.325583798202391,59.60926569917571,55.82133405179843,37.90360116815377,22.91487692531061,35.98925541976313,69.61633848692105,38.64062957441803,73.75468763725208,67.45133990157018,29.155432732629972,33.201767563722996,70.44488660877649,77.83036394405524,92.2483786435156,65.89664798002799,94.16781130078836,74.94309560063208,44.720874128488454,71.01382774552111,41.292587209267616,40.24710921812888,52.42764859418971,,64.44968644771396,19.44058918647904,13.98972765066131,49.43325932921595,39.249275252606886,30.237109104444915,44.72600406327415,61.94624919544833,23.440153955250587,60.801955278164414,42.84541770765712,12.877202001594856,61.70179217969305,54.4014429628876,40.142771472601844,11.326371784225008,56.51264003377725,43.46948027757487,45.29514257890496,34.552042438228526,41.12325421114485,93.19160675342705,60.47027655417043,18.463036025833603,56.74072120955809,3.6287860054488363,77.03334532486089,45.66664732126004,38.62656173589909,26.03778257067484,13.343256443271212,96.02738530714429,23.904657273758666,61.72467922015223,22.71129543417335,50.46562034536066,86.41734317211122,64.07154972475804,62.16663126430993,72.05696816006018,,91.45853461343674,39.64249973803111,15.854914251098728,47.211000106260435,39.036149381177474,18.37250784410238,79.72820714568117,72.45245765316028,13.402718989137508,76.94165628359671,89.96449288142792,26.980973309478596,56.652581850026706,89.55685290049182,92.76928175172405,42.02155652842423,,2.991754066279717,25.80431740236049,33.16641427735083,71.41883408816756,82.61507912731102,59.84320071569571,63.19277797049963,28.661931379314474,58.487417193653066,40.149248331661894,14.198623059817205,76.56660068583147,51.1083072559094,25.36485189403843,32.00725183528568,58.82920719955025,81.84451959045138,,96.04846515653067,15.635482137800683,27.81275546145272,33.31507439457031,29.134837733728247,45.50117980229914,38.98642400651201,93.63800829544245,88.02611401846639,53.03800854016774,34.587912886930475,16.65558710306706,22.724943624284645,52.70740267117384,44.985549035466356,,51.13561377482683,4.633906985079983,55.93876061235095,68.37458889301803,69.59799730137424,48.4758445689043,,,70.11016342498696,56.774488877773344,66.35135241253577,60.17919664916638,87.2764532509918,69.83691531493422,12.616924932199481,44.42423469434199,27.943650314761705,74.0527271178212,32.25405707594171,,77.62362568432877,62.87434015250464
1995-01-01,14.76653760965776,54.73948976373657,76.84784905031152,3.312235032917743,,57.37590482379582,4.779102246366628,28.19769775923826,92.92457201851356,50.328218016748494,18.320467613495538,77.86424910764505,80.8022615936236,38.19329944778953,12.061943278681841,54.13784581713648,21.454074384376277,35.462883799055845,66.17388463047922,86.65046218891615,20.828855314163164,30.453426773402757,43.94572109003432,8.18176834424782,80.91513219501104,,19.481968476475686,20.563593340668106,98.14742574101935,6.958055721336088,13.568143981295922,88.26641440208888,54.83546033399291,59.842775119026804,10.856467248448565,71.17745655146686,60.521031491144896,48.030169658607036,18.640048247885165,39.603710752551315,46.490888556365476,79.9632713080503,69.34471129316005,90.63113319101137,17.78945346123123,54.35220438628532,1.5831156032326432,67.74371037983941,89.34478561425567,64.82635851805429,31.949082684417952,51.54177719785695,86.44956623884721,,70.82624741314312,92.69274768158546,25.963830690689747,29.380004180303153,21.633683609847342,,81.9845312346213,80.24979981199698,57.912494401662414,93.92679386165011,34.528656664904254,41.750002639225556,25.074194232029654,36.78407382315658,42.32862373218238,31.861634681224437,31.51282615755141,67.35728673917276,94.95417125801741,31.475543110525273,64.53831259052353,45.899380350670945,69.37500324129662,95.65369518957114,76.04517355121983,,75.78237572282413,33.375199350371396,39.815187080645956,2.0905575888503836,57.88593461690981,53.82295151224916,40.3684006528823,20.285378493444874,36.81642444356032,73.54897818128244,39.40575867632417,72.980942968501,68.67405721446627,28.416806366755942,40.38644505797655,71.4205261200711,78.5007430317784,85.74184929197335,70.47325980678951,94.55329282222267,76.33156087621421,51.992693343407126,72.5497997856708,42.18493931597699,41.521853707028036,54.58635768458813,,64.79331140136107,19.978556138597646,19.30134284198466,54.82716393246949,40.827043793164684,30.978445985368953,49.74917165473388,62.95252591610125,21.38639018987476,62.516502779602256,45.665445478813936,13.263155916223536,62.70818689716642,54.4901061197486,41.32512012261629,11.63895005181984,53.92086977428827,42.32357180838528,46.258879889374036,38.96815774719232,37.95902097669256,89.72885467450735,54.1247088116708,18.979790740155376,57.74123164483205,4.483234907518141,76.50763782763656,50.90547869172566,35.09122094354616,28.77341671544109,13.844194490871786,95.86244159355068,24.848912121325107,59.819003500969025,19.157578973678568,51.437663675062616,87.18861813117636,65.07509779690139,54.933364901599546,75.81650852560594,,89.17222679121252,40.51602689601135,15.974175108979427,48.15973498560127,43.28895322323771,19.319816257441992,82.61953144946456,77.0589721123908,13.287902089381587,78.08465438009738,91.89456065366915,23.187129811315856,57.65285009468051,89.00340696568087,94.86428980602051,44.24401412913728,,3.097924782918582,20.312914837676843,33.953409824861566,71.7252471407003,83.98922078304318,62.50593736308638,89.55462875301164,29.377049480415252,63.70773470086357,40.109999963513474,15.44260193332444,69.45193113565303,63.06106570063557,26.49952737155965,22.60087835284438,65.00900352862213,80.63158412534213,,95.69760430146054,16.762143655798845,27.72102944546426,34.51981901662573,33.62352165079257,47.342452211353624,38.14601009862735,90.96553336560613,88.81265234909404,54.03700512642749,37.96764735181062,17.131836010251654,23.33070254066144,55.81277836378589,51.45968782783097,,46.403735975907935,4.792079532675631,63.045974230110644,70.67503482781245,79.07987220910276,49.434304620826396,,,76.6443421640682,54.89443386717588,68.28394635355554,61.185443005711385,88.64630836570262,66.17371052021073,14.077958621170428,48.92118858892262,33.53622776107663,73.61445217858002,33.027264350313004,,75.62684586838566,61.34740831249286
1996-01-01,14.369737801744964,50.57525215264229,75.54309301929423,3.2060283089673014,11.188883009614736,61.085299233227296,3.8930331702096477,26.23705500730569,90.3796928715127,50.59861080258506,15.995904388495774,81.40638775416052,81.52237996822271,37.48988712007979,11.726844057996466,51.01572736709632,20.91956423263175,34.40964014441796,55.563171115784236,83.25882434650515,19.431408734384014,34.215478884030325,43.08958535698974,7.941997003163315,79.57394191230047,,43.16337584070061,17.738867039594908,97.54207178865234,6.750211812400908,12.095405634012636,87.76519406091448,51.89951584527186,62.6762405202123,10.485032043928422,70.42412314196172,66.7391392965731,47.13938178881204,16.925444171683722,38.792733348411915,45.612246740402405,82.3020490935125,67.13291542849137,91.45827902553837,17.327881301783478,57.019306063439146,1.5367218048074949,68.41774754609024,88.43603251490475,56.95207425305888,27.856479932096523,51.36349023024809,90.52669930426123,,66.97403382834457,92.11958164053932,25.347592418789954,28.924367987991427,21.187020270968794,,80.4000137157839,78.93110601541417,61.12555776586643,95.14781284460592,33.780910411594924,40.9156535166193,30.642892798925747,34.74028742555362,42.354485749231955,32.089895347306474,30.807859188300203,63.50965966723032,95.56753842789284,30.647224350842595,63.887191134594886,40.24173480461069,66.02650837442596,96.75042953168231,71.46899548443157,,76.581372530924,33.35007918737727,39.00181678388769,1.944617860704545,57.46656391382856,53.82624998135705,40.12361203799502,18.24627684989013,41.5956471690357,66.69450989201371,40.420531264277194,71.4333638980443,61.37283161617768,22.122954377429917,41.697443415982804,77.73860887668685,76.56544572193901,85.3077122558797,68.3688097919271,93.38243281399022,67.83735168100631,59.010835260485536,77.17391191380062,42.38784077040525,34.88450833848176,52.755281719856264,,66.58459097747848,27.070242378236674,18.00144848436619,53.52030989288106,48.29529456306315,30.28145959497932,53.96715813475499,62.00692344719441,18.998086709768547,60.84940959530427,44.32924200467706,15.810380432162209,59.871318869790244,52.63155245381898,45.68282332457445,10.039637742393326,54.51926816407144,36.051253253276805,46.5303261873015,34.527307795478166,34.541323831824535,86.73968935490673,53.73461758450422,18.493870063712635,56.800955114904106,4.343182686751512,83.09531456667646,49.430967701256904,27.416662417328276,34.368474017667914,11.441357366807736,96.76970298477133,24.252069842650215,58.29871394988375,22.604722547440794,50.90321725536899,83.81744915128289,64.13210064540841,59.99321250203052,73.97204655230317,,90.6933639901902,43.284253714981716,15.895770623166438,47.26797600741538,47.108583502265525,18.61943267204369,84.1639390579125,75.72992415837535,8.893982087969999,73.25656150877691,91.65938229891411,18.045043492782774,59.1097428978822,90.28263536363917,93.72537438299663,40.43346639276395,,2.9169658269668775,17.18482914684991,33.21352630849174,71.36027047050071,85.32686817938885,60.25177193061921,90.54887176836884,28.2761172595829,54.36147731665457,39.33508635811657,15.450896056485973,71.79353053394976,62.01107037237668,25.194295179858727,22.04475686623082,74.85383149656893,75.07549213979736,,95.91017581762549,16.241070060074424,32.3896382422147,29.585444834960594,31.879439020231672,49.5146033746725,35.482484373274616,89.40561180807218,84.53733495828601,53.89691171749875,33.22867004223714,17.394746929741245,29.63548291912361,54.440761800531014,52.72375040866597,,50.26016499381589,4.163104862856349,61.49731766383284,72.31541634208216,76.61738615431774,44.474579484898925,,,75.95337498722165,51.67865128515394,73.6566243941857,64.79911503490226,85.72520879256709,57.15697603343119,14.403347180981186,48.79774838371787,33.62512308632735,71.35081173124469,30.488968790445746,,76.05633779745858,59.993515004737176
1997-01-01,14.423066082342107,55.36378781557276,72.91318020577586,3.2202555680580502,12.694948874135136,63.866966197130104,3.756657879193892,24.283778619061003,90.45507138708516,51.16162962874014,14.978057279892642,83.90011177931426,82.36020254876215,36.05344771500197,11.771852922247994,45.21896514212362,19.56502507328216,36.220986079491226,50.51168255109204,84.62924170754141,21.97197218123318,37.57076488938278,44.46764470954179,7.974170442040041,79.33461481564609,,61.14152209020125,17.476849839422528,99.19837726090171,7.302430095143741,10.20221966659256,87.77843669981051,49.620306904689485,62.80454615328264,12.995604596151066,68.26271888004156,57.90025348430792,42.634195395147614,16.98636080190129,38.902243845284865,45.670198799257925,86.80558898993333,65.9483943589943,87.54339381887748,17.389953681272964,59.44843102155068,1.5439091187355536,70.46962644062876,85.82192290060091,57.08228882768831,26.953938202647755,55.33378279858723,88.16939282492572,,63.43609040171161,91.05584028425163,25.430594830663455,25.969620760786526,21.259655423487512,,83.88831895509689,80.05541552852713,60.373927395425355,96.06458452164243,33.881785950302245,41.02836664274029,34.37799570570241,31.165568289531564,39.1119117961342,38.659209939715765,29.82955378129304,64.46528896856466,95.15119693928195,28.93925082538924,58.012934623240156,41.9796757794229,71.80191858976383,95.40263292125788,66.76924628852368,,79.70200658392403,37.49518514320482,39.11165485086552,2.3292801171301947,59.9013387711276,60.66187025583998,36.54327995101656,18.49427734025263,43.05476269057367,67.43698399200059,39.15868962786073,67.07895534449739,59.998530731209954,26.105117463754024,41.94343873526098,78.8584571802033,70.82924832281337,83.19202404677837,71.5120198982202,94.16518859261761,67.01491777420947,62.54702186012287,75.14104668963316,47.73559255927399,49.389503447846415,56.921115665453435,,68.71304341003177,32.492481340591524,20.346968657930866,54.6911946469693,46.95301915501068,31.400926541837435,47.420400260965124,58.58845870965277,17.187362382628322,63.17002152536939,39.63790973815207,13.916354691068268,59.99956602793137,47.7388104709755,40.33961427004702,7.9301948337405115,57.76167513248307,33.91010009931341,50.47324016131534,35.66789628284231,35.70648113131494,87.89565690889573,49.4147705102798,15.46902679193356,56.92841377545803,4.3619530809035245,87.65677774648736,54.200535211637835,27.411603757641956,41.910894216151604,11.288280940654861,95.51708017338703,23.385375394617615,56.178604811416946,22.26926984633971,51.02719211649822,82.00870565261941,64.26017370311065,60.104763051555295,71.97782738707335,,92.63153358390929,44.256074218303084,14.192068518659017,46.13108640240119,43.10642801962052,18.022593608045987,82.81503073420926,76.73277642306877,8.905993250056298,74.02827817493657,91.04931874139905,18.109149670153446,60.33961130409895,91.62112317629459,92.52901672116215,40.545476193069504,,2.930008905449244,17.141556602877582,33.31333043168154,69.43419028038295,84.1444634127095,58.06231786269323,95.70764380552468,28.365799683880045,55.54920913860313,36.332359356275056,15.75008959082228,74.59168368787674,59.41868227882337,29.04206580733173,22.119614621777785,75.62822258086548,81.26528993326323,,94.80079757591649,16.37557021588115,31.72869392334232,30.387531533019207,31.535467541821838,49.637402674803646,35.58645911148409,85.98986615872938,80.77605663364815,57.844025413366886,31.632189586557125,19.742873123379944,55.388039693679715,51.08943877293199,53.01404826612745,,52.43122005144259,3.3571815988249987,57.89958207934562,74.66426523353844,78.94001445309793,39.66291732531655,,,77.02056619235297,52.274638686628336,74.14280814784348,62.61509942700685,82.16829843982156,57.22997915745977,14.456778100603607,49.21798727340695,26.56996279440147,71.57506286760189,32.18141797296206,,73.92176851247314,59.19100851927019
1998-01-01,14.688266337016898,59.02031727475902,73.47059837514198,1.9547103588409054,26.8808781882083,61.0238100460524,3.1745445643640458,31.269963990079972,93.67244219076989,50.13617880905947,16.591061557913367,79.69816443304117,81.64883244192113,34.662066028475365,11.995806010354947,44.579552126923204,19.90346710088039,35.70743657025657,57.51148505260664,86.34377893265358,22.341827321950912,39.95308244593955,40.66420323558357,8.134402816388597,79.88773082961882,,55.500272519690874,20.61357229872266,98.09690029961097,7.330416118682259,10.638725752309474,81.88479556135353,51.87823244441636,65.90849187930101,13.63387198078061,70.89999706639425,58.71325946765496,40.98762314330243,22.106683528155447,39.444443072773375,48.46258109679361,86.10313318418164,71.3401565672417,86.74420806484784,16.253622053781037,59.99278215976778,2.258457724131979,72.3496039412039,90.17187538474126,51.65093175070679,26.877200554209544,56.017311845036865,88.53498416414351,,66.22874011977274,88.88991876454362,21.31044688534487,24.363121313780844,21.346805902423892,,83.74850788982125,81.949088084026,59.53690699855396,95.63319818563487,28.670600368550136,38.266973434812115,40.17705785234622,32.79969495759829,39.65571437716455,38.78172478238467,31.780397918514367,67.81925133409447,95.34541399637467,27.89091672698232,60.941041414124555,41.94589011441997,69.43020225181915,94.57323716726408,68.38661452613384,,80.24228113867504,38.11828871828382,36.87488010191748,2.578865824907217,63.34553992480612,60.0025860253393,37.06653188729987,21.341399674806084,46.61046521857756,66.77274134755929,33.88968081445527,71.80105462292676,63.801026576810884,27.163832980440972,42.764252234259835,80.26204603998679,71.44154414925028,85.6490341738189,78.53081091858911,95.70580408949054,71.30347995988475,65.52341781956366,74.056879499806,48.13494756433197,50.899604783052176,59.08343965644276,,77.66258735651786,32.97934826219575,18.539707793885775,57.21673951045852,47.10249338757262,28.627563640160503,49.61119039180761,46.89875875312107,18.71678017637668,60.29386163457091,38.38313125743002,14.173863239064277,59.2495466630645,46.3212138930224,38.35933511491065,8.847031073884592,58.61015262923619,33.24645303663654,50.279124296095134,36.183695482215875,35.91136495062949,88.95386151366951,53.74756034286621,13.128383812012355,57.557230404684724,4.455537940963106,88.1425751540789,50.33769845323632,28.103622224549895,47.393968924243346,11.986956984171627,96.60506418484108,20.883693976492633,59.441683035377444,22.64288234890265,49.68724414991104,81.15608571930261,57.17991171066639,66.17917991650278,69.36417546537777,13.497143878766005,90.96236912208744,47.791682165396885,14.453773284908877,44.155623283625786,43.678222854928336,18.547676470567765,85.50802448789283,77.22677922787038,10.204194668605005,78.70067539101953,92.03488050666552,16.97289860612766,57.754423031215474,91.65230879218869,89.32410416427248,36.57081325395299,,4.073060071174261,17.099795362689818,25.44558460318931,71.87235718739709,79.97015032414477,58.99263754106474,95.10503167257791,33.30217252171237,56.17531404767071,37.59083450030419,16.035019623261128,72.39186576241615,62.397933190584375,28.61794805918062,22.49133906721401,74.65971773509834,78.78793239697221,,94.9141815841816,16.284070034134423,31.824016396948895,31.714055583856204,33.23731562907699,49.6395189658298,34.330248793143724,88.25034110553172,80.67906056479993,57.69366727139242,31.637344344844486,20.08369729847376,47.7915601504046,47.37331408827683,48.46399612168104,,53.68395099356087,3.5820562591056704,58.831460329957274,74.82514500768592,77.74620147552803,44.537863639111144,,8.335177597747679,78.35294371804078,56.58467167585235,76.95319479527821,61.74587988137197,82.92351338360004,59.51249783346346,14.685817435785253,49.822924157057216,28.470582189195383,72.68921974686585,32.66529140317699,,71.7468128042326,61.515295033200616
1999-01-01,14.709759257119526,57.77464483761214,73.43762834414387,1.958271537365741,27.870609990858085,59.50101862890482,3.1801236193507387,30.399872477225507,93.59243891813844,52.66762052317431,16.61479200350574,79.74254529809063,75.60333480006734,36.185693594642345,8.040294471816722,44.62612257736163,21.289997125878337,37.40591176350316,59.885513847391515,86.435150053532,20.22234704188548,39.99715701379883,39.091300835354126,5.252255893431124,77.84542996831064,,59.38330264693854,20.94799838091501,98.63710628194076,9.779311570145467,10.321721239617098,80.80426145263252,55.24818171841375,58.58998008446699,13.426200688799605,73.00027102303693,59.77215161530809,41.032301260100866,22.61236019901619,47.81007587561484,49.60112018161041,86.50074964061399,71.38929808129161,87.28022090826077,16.27696261591932,55.98775136563414,2.2625311394261938,75.60202208428855,88.17155834187515,56.60793934461053,25.61333409417341,55.20813720864186,90.32632413216731,,65.91274139623407,92.47469101865325,22.116947899046448,24.590027847817808,19.969883120146413,,82.09105058310983,79.48778189987291,54.18209613695202,95.18015444334023,29.081879194552695,35.563934813324636,45.18845797297739,38.62120173516421,40.28995951805601,38.55021427275007,31.818811181930396,68.98365191956375,92.56524812925045,28.220739371717162,58.35547583673131,41.23765116939405,64.91603417615113,93.2122992023903,69.5454092915464,,80.9617109228952,37.596577352048335,35.64533437729804,2.5834721871108357,62.47404149219407,60.939757145743044,37.10878673569464,21.675118011675043,46.05987743572596,71.74120565755932,33.41371600660157,68.17318674775248,67.55078547212543,28.782194376573077,46.441622813051076,80.91867151712096,73.47118150751267,85.27343881959092,77.95632818475927,94.17012109652073,69.35655922550578,63.07590553952234,71.85384611526655,50.56871089238604,50.94871005383117,59.292244368905855,,77.38168563003288,31.25283551319402,16.506509093312815,60.19139661857138,46.67772245678336,26.86209469144174,52.49291615606659,52.14447957009762,18.979162201487508,56.21916680225028,38.16882910632386,14.194734730300674,59.36354414213214,42.51025217514065,35.33422932208199,12.048921124908695,60.24369890957251,37.54936554572635,47.66418234052061,36.225354285070544,41.73639531765077,89.6114205188946,54.49473272584513,13.147969995621,57.60782790654477,3.9847641251800847,85.29609979381503,47.43250237294353,24.94757466858345,45.09706565329857,12.485373917979448,95.65651994414564,20.912133409119647,62.489588563200904,24.56245364624462,49.73594442175434,80.99041463346799,57.483307376727225,67.24863406366491,61.059944553621804,13.51718686454374,92.54183168986894,46.87357591712031,12.421064476387366,44.20198702441582,44.520614296627635,18.573610287694166,85.66518227362104,79.26546734739247,9.663364109927198,77.62466342966346,92.97426994618536,13.956141742497696,57.80504498620995,90.7675205915804,88.83860516419193,40.70884469567944,,4.080067065852411,15.386771398335108,24.95872718463459,71.7994927259181,79.89597892639468,64.91763857835222,93.48799457057393,33.34175857486059,56.10470180331748,37.30556336636457,16.058106031581822,70.35004085809085,67.00489229756533,28.653752216308938,21.933755359148776,72.71426258887527,78.862832357362,,97.71765880224025,12.68225839768573,33.50296208381105,32.815479085471424,31.924055439333298,46.889433661094195,34.55324663503275,88.1596198466809,82.89676284403666,55.71183777077928,31.6756445943563,20.111293725363254,46.44762516136264,46.29525116030796,51.91507740100134,,54.32023134558099,3.588288431112663,63.83332359533747,75.55589245082898,82.45096954424034,43.42869234174741,6.853175802908995,9.249192524102167,81.80881846436309,52.39340182128676,77.94702564237062,60.085537538131085,81.64846032886034,62.54174790942226,14.70730741439169,51.184026976329044,33.03418885179735,68.30629383711894,32.704393180269605,,70.10710505933366,62.677282136818405
2000-01-01,14.976735891274817,61.92007439985454,72.39036497691202,1.9905829659493501,27.66795968136757,61.87903155635723,3.565505351943954,27.454362405444822,95.90145686309074,55.88445565832105,16.711117975269918,80.60650654784347,76.11942918457395,35.60468726352865,7.0254947399494005,43.53979956359646,21.195868924841044,36.28837091603244,59.79769355291762,87.44956750186456,22.081629509415222,39.566414821835224,42.85216549981088,4.506541550012688,74.10559918861235,,61.648013912390745,27.191601071969828,98.59120093815848,8.991776007642327,10.164181302931174,80.53680816063076,57.437462251498815,53.67663847552861,14.832225852456515,80.43204572844076,63.750564724267456,46.997631641413264,22.517094527919124,46.23180562378565,49.3575880677385,84.38376419274739,74.89842228559928,86.47877905484836,16.56680981028029,59.33995035175161,2.7243294051037092,73.29508124268595,88.24452413613312,54.465468237944336,26.497680264929045,58.82678411933651,91.89321296838818,,63.708804692447174,88.40300743966748,23.256148022146384,23.94969800867255,20.175323784298982,,80.52989853907768,79.27835367404215,55.86547452674113,93.56248321921868,29.218994614714646,35.387843900358654,47.5067000704806,33.31018747084595,43.68269979011742,41.18219177870115,33.056802197451795,69.16730661645683,96.05846994626043,28.659858287497997,57.167538925312854,43.77711647706472,70.67843291558242,92.73875832236934,70.37439794103484,,80.24490586262945,37.039335659044696,36.15610097210799,2.368188903196944,64.70430877222518,62.908855935039476,37.94363808715351,22.769355661059198,47.8438093511629,80.03350411146019,34.34226641510239,73.20328913621722,69.56302269362766,28.306225123343744,45.74620300358811,79.08149083326859,69.894234739883,86.99576665226274,77.16762926989202,96.21016127394027,71.51742951749924,62.851611594368386,81.65373002725119,53.253849699613795,49.38718044354887,55.48266632653905,,75.37465688477182,30.366764719524287,12.521215399389218,55.517128297194304,46.969110575426534,35.61659867737744,56.951051541552665,53.43155816686207,21.240063813590016,50.55928034352082,39.135437881512104,14.325966819269475,62.90284727361297,45.73761381438387,36.60029485051663,13.734688863950506,56.75122800074881,38.850929793030176,48.25623948564303,38.00219693165208,42.658939247434915,89.28743340566498,53.47516389178193,13.647550176657086,58.23182960042117,4.761486368204881,78.7158871939278,45.181305590772325,26.51060009230961,48.84696559355599,12.82346219401017,96.59340267545164,22.27948797285305,61.43055654098391,23.682781053209624,43.038145330653734,81.54559466064377,55.50286928718413,65.96407628347067,62.66298338160918,13.766207109299256,89.17151654198419,46.492420984895666,12.486644704581062,36.828919980219254,47.05746454340319,14.733160252289112,89.30934428592695,77.31908611133133,9.787667425459079,79.36939249738985,95.46344498310549,13.882252321247513,59.77115249331011,87.55865756948431,88.98091833288512,45.33029568557462,,4.167317376134583,15.86300133518278,28.057430764493663,74.97793352041704,80.83402479666016,63.43386735969372,91.24198105319819,29.577049206510964,50.29342095638758,35.06308106114111,15.673383456342671,75.89840273762017,73.47144022030953,26.269862720963456,22.20457365492976,72.91054831541089,80.36606428085027,,96.01908008493457,14.025565989023448,33.22065687246138,35.38569024437286,32.163063659186534,49.21669375257965,36.144606166044625,86.85344593583723,83.09133274642724,58.17500476607484,29.975345625778438,23.945509829734203,48.005794450835936,44.20979790902315,52.17146779816577,,57.36525701235114,3.408789897475395,65.5343889158829,75.89592174989538,81.87688865338724,44.1977681393519,5.496427424173744,4.465514388780745,85.90321100785529,54.50925757334131,78.7014560517603,60.887109868175045,85.2904499896642,53.57423666447821,21.914435179054216,53.31951202743368,34.667416426598784,68.73121820083297,34.11240712008783,,64.12939944949474,62.64700984113401
2001-01-01,15.176162827283202,61.526605112269884,70.1387126090506,1.213180004770531,31.99987378650726,64.59173461812074,4.317260048248572,25.598808577373422,96.83841467884777,53.54441313178084,16.62915260687012,82.69669672003124,71.44835340124959,38.5750203560471,7.382956106992367,51.72510558399151,21.52045402676366,36.39788530053401,65.83168058845676,89.10061973653495,27.155709372252367,39.33405726995265,40.82961627887851,4.759218166059509,71.77479074058739,,64.69759357120593,28.277978939726044,96.08717305997664,10.30031050236052,8.672989369800888,77.55496259184785,57.66922732429591,52.76666146823396,13.88352256926556,80.24169024234928,63.412911220568176,47.865456132038574,22.877229312260727,46.66273077656845,49.79975161497724,79.03605078284119,75.77327187541165,89.582786862692,16.78322428517227,53.322066748344675,3.501374771101262,81.42091876878754,87.64079099436238,52.726989781137945,26.807127264564134,54.62915792888457,90.48493612406877,,58.64725450936097,91.57509200506459,21.89982200293874,22.72677900473884,21.680271754938964,,84.52826084977374,79.1717403473104,58.07704691046715,95.44399394350876,29.550184453152227,34.443128753521044,47.505554581490586,35.739015893131,46.44411949240922,43.191193056241,36.15195396468959,79.01830823610263,97.66755984798456,28.986709656511312,59.36349907554048,46.457808897726316,71.17892533609465,91.4887187951325,69.03245520529718,,76.31196371906537,37.601647656808446,36.64852274775961,2.4071362289212583,63.76171657736902,63.859135847576724,43.67319922399929,22.75135149674794,50.599451629433155,80.19492657764695,32.18426878354025,71.89202687989523,68.77213974675955,31.76086056148335,45.70119003334847,80.02016689948701,66.86756589483034,89.2335560047699,77.03182127155375,96.08620740214423,77.85692585965094,63.06919679932277,84.04312188958374,53.65925573965966,52.823988628672524,55.41479855060874,,70.12063534186579,32.071623025229016,10.436300146195165,56.14148519352524,50.40100311414734,37.33457907961126,64.8270527819551,48.20716329198468,21.670988167007387,53.64139708282241,36.020748728675976,11.571970369116613,52.576884409724855,44.08761792649747,35.685950741542335,15.938137705457422,55.234483602089604,38.93647376998166,46.629902711452196,36.07519231780546,42.93460088158832,87.79375983876974,50.57075029027658,13.714616756969722,58.6925682991801,4.065633294428739,79.81361542230111,44.59152471819304,26.82015405736553,42.880465195472496,15.908870346198722,96.0146621506217,22.552087302706482,55.3305168723212,21.17375882846819,43.45522684742751,84.68586585712242,58.39557735727294,60.271989534752635,66.96689845215494,13.95228606502732,86.04638021276413,50.49549545261949,11.45034666605287,39.363421666647284,51.14757598571098,14.929930653099444,86.08068284157629,76.74579865358508,9.379501764178432,82.67793105012545,95.55100655416567,13.361883646012219,62.83447450559721,85.63342212487215,89.40356549838772,45.25095680914147,,5.675484533340269,18.49904091140019,28.37953320506238,76.29556885026884,79.19358674309787,73.39429262956136,89.41227463395035,29.91098230790078,46.722782125718155,33.44154952765494,15.88032816113152,74.49335124555859,78.4851255891693,27.598155730182185,21.579200461804515,72.9530459858907,80.13946758303577,,94.93772422881455,15.189734682556688,35.897207947611,35.79320611224428,33.768615642296076,52.494382162489764,36.17549160415599,89.58938846927053,80.63295542731001,60.21810726884305,32.180053565115486,19.652316609979415,48.44338373118381,47.941610535153565,49.94214987482385,,61.431763503962515,4.174105469134426,65.16858383503742,83.20420512947567,85.20929273304444,48.02596816741157,5.5804215227142295,3.7622849211301324,84.03000199645008,51.51641271402889,79.08250992770478,56.876612532344616,86.51124926062379,59.14436770298575,17.778191257151,60.97169532939668,35.05151379905176,69.005149435454,36.2088034889353,,65.27052649669992,63.42177982553281
2002-01-01,15.19170219693542,57.80260602241616,69.45564069413764,1.1435760166468856,34.649829483607874,63.31826262684564,4.466266835263588,27.326024271178582,96.54149873300574,54.609627976303244,15.096536983659337,82.57237056105397,71.88963439266301,38.05026916287338,7.391362244654953,53.03383116930394,21.5409378553608,37.76599893800985,67.28862413725385,86.79051400955164,30.605321856657252,44.992153077738415,40.861004843215134,5.543665765687866,70.6959399978949,,62.072686229649456,30.669996883645766,97.53272600192288,9.689888905319311,8.682668542105764,79.68613386983175,58.03634893265941,49.39117425819609,13.011267864922814,84.67482189921085,66.04226100249188,49.15187731457385,19.806232383522293,46.23794492804429,46.24390102590189,78.3842766971914,71.85272331122722,89.3519534641875,16.800083878422367,54.6075504296259,3.505670912481862,80.74739105218002,85.25679049625569,55.97685918309709,25.95489336007919,56.14849452988145,91.46905287581662,,60.41466296848292,90.65771286545471,21.920579342883826,21.956381858299412,21.134430206409515,,82.80315801102522,77.46666519176908,58.27338463247187,95.17718970071122,26.098624785796233,34.86394767457537,51.778029819845564,37.20383198461925,41.72569367159825,46.09004794361123,32.35819297784247,77.21824473781575,96.98887059162767,28.297663429946518,56.70540350454829,51.57418702589727,70.09556924981449,93.46395338858314,67.63273787361148,,75.42584892432885,33.918583520120094,40.89831359623479,2.4101780518422378,63.00092316724455,64.81156828237158,43.705669032673434,22.813128770537936,52.688009409833406,81.44396248650555,32.21153274420884,70.81203726280916,66.97062082963473,31.873398784636,43.70046243243715,79.21123553429115,68.9044603132397,89.92182774132027,78.1292658820155,93.8193485173071,75.34814414521207,64.01711762877386,82.87273673819658,60.2426057595854,52.486311797198915,61.35896164037491,,64.73986383650356,32.09882510112683,11.739515695773184,58.926055568175784,49.50301634829651,33.622509815786785,62.502492666913035,50.993260823570985,23.60497381930996,51.39275809407386,31.9485305662523,11.584370040078419,56.66595381644128,47.277615893850566,37.10456583265166,15.827299805998152,59.02726720426137,39.0833984138028,51.113966098977606,34.294474961340924,41.64082098501795,87.96993020030726,48.87116954936326,13.728913538643361,58.72827785446751,3.4859816461562776,79.67484289149583,43.39650668039877,29.674812254314496,41.72360829479097,15.925017534536845,97.21406545879022,22.07334248777486,58.96043583535522,20.67165830435296,45.06364358501804,85.08289132351592,60.27214885039933,62.45864062310176,63.50163316962738,13.966787689377258,87.14869414511386,51.236628244483406,11.66901088894442,43.396020683167414,51.18220109216065,16.973176988594695,86.14374629391173,76.77852286023808,8.735177991793986,77.71706170698741,94.90344269934965,12.86321273062705,63.428761904940245,88.52433439741631,89.10616451489692,44.34007454594059,,5.371028286110279,19.006876933958328,28.404592262225748,70.8481623852357,76.9177226541651,80.28235448898225,88.84450344359237,29.958234941621853,51.006151202036044,30.047748187441158,15.896451858163163,73.568064605198,74.53990203566009,26.23166953621514,23.131927911188054,74.18831271152222,80.49854962766805,,95.44145240022722,15.048850776277412,39.18552945725986,36.35786775230416,33.79672800475626,51.905613529444786,38.91689262878661,88.15750229948878,82.05732474987127,56.55029375006,33.112766409914364,19.464931122394713,48.47734726316762,43.31602577817668,49.98311330994031,,56.51979866956982,3.892130020467399,61.54279715331339,80.08138543508734,88.70376324277048,48.05981742337061,5.586976157299839,4.016410017975125,86.10749264444722,54.10465176252459,78.66281288761404,55.68273893513651,86.13450247686266,58.258818426048386,20.59890698030148,62.98640206332982,36.2822678171175,76.02665901973484,34.776722405526264,,64.71845990273653,61.45573676646057
2003-01-01,9.572464064598663,64.54579698577344,71.19777494721447,1.1517300870919622,31.254371327016727,64.76412961310037,4.4951008808822195,27.342434522696024,96.84982691459773,55.86319785126464,15.179687653992712,83.40094167606861,74.44522239935112,42.64441019228118,7.469012937167896,55.36747830904689,20.779203324868966,39.771290579024196,61.99640049462436,85.36043225932687,30.746994100623215,48.743973952202424,39.88625277852571,7.605660303163997,70.81048894891015,,67.35316735324027,36.246042265534285,96.4847788898191,9.747161258721547,8.726081187698165,81.42548076086028,62.34716370906017,43.07967467454949,13.08481309966768,86.43114812569354,64.2607335708619,52.659904459151164,19.90948798127512,41.36355051267855,49.41562749502073,79.77823651748537,70.13350553868231,83.60437556982023,14.103975230631537,52.320703099468766,3.528798787745313,80.29023227039652,86.77680672062245,55.5568374783451,26.081295123476234,55.10229101002378,95.01305851540536,,61.73116832971686,90.3340797445928,22.032180382311893,22.06812068782843,21.24297621068083,,82.19255789450264,83.11489625672526,59.369602644557375,93.31437712990743,29.87128259124393,33.317456382291965,53.021674839637065,34.76782121927462,42.14810757049459,45.356893832359276,32.01096838953866,79.12679515060437,97.75143856789153,29.653086684328667,60.41439570559608,51.00321961264835,70.48320054047468,91.43246773477105,65.38468133958793,,81.59837491676973,34.069974901809466,42.03715011071573,1.9457824299292548,64.89943987303108,65.7504781417223,42.12040296755466,22.928130214842014,52.233848682197845,78.11511308785425,35.49162136264057,70.17358788666934,69.56456206529163,33.34036600527913,37.338795206045575,81.20672758200817,70.23389206476729,88.7446435534327,75.47938601958792,95.68486745974471,78.6115768905355,65.66247679454153,83.25616427934631,63.5297384598257,52.598312599966704,61.558742279718295,,65.08578802275875,32.57942396089426,11.618286245829879,63.19775769033935,48.812118816743,33.46924511439126,59.43623734560817,56.22683093398617,25.886201826505474,56.15280302901142,32.65462763872922,10.028143164099813,46.034866919954474,45.6915219675099,37.084794182402845,19.514774061826113,63.03694788239387,39.03379836925214,50.73720682290397,32.588419656550435,43.31201064461653,89.27383149673508,52.3654287035203,8.78864123895573,58.91987007464925,3.508990618928809,78.91840187708499,43.7004261177233,30.292766071579024,39.18609848843673,13.038716207938494,96.81522110233081,24.276686385084467,57.23633580196381,23.679142877766203,41.023950950402174,82.8622215742981,52.269656763507164,63.80215507909681,61.0638165085347,14.04479033673125,82.54298246849955,60.9687177488466,12.884904891702863,41.71082521447561,50.683183498504135,14.865935667527964,86.55383924723546,80.84574879004097,8.787533439432615,79.52508339377505,94.73219476810775,12.936058654254134,59.867325052691434,87.75414168263435,87.86647850841518,45.78709018200578,,5.40508138229796,17.538565124060725,21.92961866169871,70.50095381010517,73.2276341921189,80.14506001950991,84.39599347425008,32.113867561456665,50.07570145366857,30.683948424855956,15.983169436201816,75.4406710974332,75.23351371538232,26.552376414938152,22.301147612234395,74.80550936943182,78.60729291531648,,96.10069848998121,16.852350274003115,39.54285951936968,36.43319843836389,33.947779072921115,53.762435817836064,39.08110482106842,89.145378517728,81.76009528579208,56.94889413208828,29.8084678566763,21.006589293185584,49.183479577080014,38.87565475461698,51.050038353281415,17.796365879367006,57.058381644270014,4.3915462659419475,57.46874108615563,80.09660123765465,86.54855097875138,49.60980188663599,5.622254497996126,4.04259430379973,87.00018042966559,54.48945890031454,77.23211889538375,55.23398610802748,89.3468868597941,58.9959131890085,22.238477139086953,65.79325752156873,35.601315815459486,73.89452686684417,33.28908606070458,,63.95699084088569,61.35863629265821
2004-01-01,9.683786177597453,65.07528005710046,66.27374017222367,1.058693921371201,34.00740718006923,67.16384974600274,4.818801960383123,25.17049805899738,96.76684217729088,53.50752199957611,13.797463301359269,82.3499229655992,73.1127943488912,47.06436924868731,7.849203804364091,63.59191570469547,20.989552442401926,38.30412504596319,71.95765822859532,81.87167144020631,28.184149161127458,49.22292904719422,35.74423641318523,7.696789305880425,72.50189722468477,,69.81707130612827,39.900699316271904,96.85975356867554,10.937839510243252,8.828833268628223,80.23602924692578,59.081093490010716,45.21621930254137,10.807444919342068,82.81574961345535,65.27267200398563,52.9030168922894,20.478952064415246,41.69634411204537,49.77571195485463,81.29355825385673,74.3851831654654,87.76198022491624,14.258397431769776,53.50906226417285,3.6138897850039875,78.72027061231323,87.7046639157004,58.58540514198105,31.094241997882,54.574157687641,95.21912977815103,,59.36653721070648,89.57913715644956,22.252103935757727,18.183500646101102,20.090053480286873,,79.86163031960119,80.56811599632404,51.63092840161574,94.72202902845751,30.144820933469617,33.611187474495864,52.27871882546879,34.044493032898735,45.257057176897916,45.443290403593814,30.158450748954422,79.30706015093759,96.39346262386762,37.4242603516745,62.14610244040875,51.36720971277988,68.51801315285803,92.23284882037166,67.27645683765968,,85.84525408252202,39.911994015917564,46.09369986839419,1.9721663786079424,67.00420480242242,67.96778586916572,42.45627665403813,21.293313695988992,49.88115613906767,76.4461003789473,33.89574616664374,73.60802557906787,65.55960421016947,31.09197653736392,38.99784305539112,83.15776335444602,64.88823278652276,89.02176053724352,76.49483899923275,94.2125020288801,82.59343222125302,67.55675605959912,84.29200580826492,63.881363674693525,49.48954309887653,58.526396577186816,,63.94096737244126,33.870003023326866,12.460507009302912,61.87725648491447,47.48787421910653,33.3497429444354,54.30007462811719,62.83278503515497,30.987245445368927,60.28708098386646,28.70813403932091,10.144007516721265,45.486872231575845,45.8157172026277,34.1427051815143,22.96394591781845,65.01563169056274,37.83160706426213,47.526473367425915,32.87805051377628,44.969680934923254,90.88996172207212,50.439281748532764,8.892032825172125,59.29546533274588,4.200509747949921,83.3033401764655,45.113167923329996,29.722683411036975,39.79161532072126,13.183405470167454,95.26350556043303,27.377628080734016,59.07994621780803,26.081405973426698,41.3553287107294,86.32363939284951,55.29992497071336,66.75901091790051,61.82709433772662,14.198677915425971,86.24621681710252,66.10292328153513,13.028169306490101,44.90868015982,58.91137043490684,17.000374721843393,86.20393499050942,79.95517916815453,10.121952379564704,83.86040156561667,94.50086175390638,14.615980184002876,60.72417978657818,88.86670472303231,85.6688281589014,50.39933703630501,,4.814489650994247,17.90504088810789,22.148769104992972,67.17228367437468,70.26934443563229,80.73797111372252,85.50176050827282,32.40077993808437,50.437470929870784,32.463461481021724,16.154200830982735,77.81705004180407,75.60812795713142,29.475055892725067,21.561032778515244,71.23027555823657,77.87005565905918,,95.06677770082331,19.429577609733006,32.22278331123955,36.62629651327718,39.77431537417754,51.611521150885764,38.39453957190238,93.57923248209497,80.97810739254847,55.9196227756855,22.7887904595106,19.081671820710323,45.18442042684244,35.52153303228,46.96794610172025,9.49473881669698,61.77098968994168,4.4380102224018785,56.407284720105075,76.61534731869946,85.95866390547985,45.57403954646371,7.528643612324693,4.082593242589095,87.15273928652171,51.9110865478154,81.37435916863144,53.49098285531546,85.57326442314573,63.248302814049765,24.938885946727464,72.12299803269573,35.81683924606494,73.77798946826768,34.568805200876,,65.00210970405308,63.96446257015826
2005-01-01,9.169974748384425,64.12736576663272,63.40661645217334,1.0645200319036596,33.968647241105884,68.76148983811463,4.84253791161533,26.369173910685518,95.27202318063219,56.51012208402979,13.856817505968966,82.63283401125292,75.51272000159038,42.45788022673549,7.88585642733215,64.15532312944188,21.991942808527565,36.452083198181114,69.55926267218999,81.51462780685121,27.09928367039238,48.73232963766993,35.53671032756884,7.238295160613428,70.82759904715145,,70.88664901227715,43.273425324453974,97.71156386832111,10.986672251904539,8.869447744734716,78.04650054400504,60.252887733118584,42.779872886122746,10.773950719650271,83.99685314410526,65.61391506298204,49.18816765178441,20.56039981373908,41.82733303256736,49.04712965538859,80.0581868336976,75.25448628357121,87.81273498735234,14.319384745871211,53.289249637241554,3.6321651018142664,79.03352371736908,89.20759581956587,58.49558259406289,31.204306303797335,57.528312678582694,95.46665650150507,,61.617856432539654,90.5475426383538,18.425829626324088,17.45641871897412,20.17030504183529,,81.62081974673005,82.97495773018208,51.5200671728997,93.81695562957474,30.252637652418347,33.769591368014964,56.00080684754152,34.46181242687102,51.39229991048096,43.29055720144454,30.48760470230767,78.21390127563423,95.78936576849337,35.81536798005225,60.31162718644847,51.28185901529956,63.00855145319566,91.69231748431817,74.62321431529348,,84.70799490243822,39.29913107162384,46.28052814908159,1.9080201822386234,66.02624877236052,65.274483835259,45.44248088756242,23.807188734387786,50.99680418797534,78.01590958500444,35.21604547307672,73.78555793469137,65.50894353632815,30.243555776914278,39.06338469424018,83.23276109129235,68.08637124747725,87.63592149157027,78.4261798661809,94.2312529253335,82.89796892802151,68.69978599244516,83.00388627842361,63.208245879328075,47.86944087332553,54.65075319403467,,59.60906320318804,33.98628902480034,12.515027229803444,61.5865234530431,47.60863399125247,32.295897471257085,41.825302544943455,60.24016235293339,37.276971267378514,61.44175243590275,25.477704417040204,9.821523644560203,45.295985716201734,45.50863756939153,32.67595590612057,25.161467540845628,65.3098969168513,38.63787066314492,47.66559404386486,32.992172995987644,45.095630550780996,90.81594483035082,54.42607605140868,8.377817302107626,59.44293671357477,4.221470053502507,83.57185058786858,45.20916876368963,29.26928632462754,40.020831311219055,13.379229934457094,96.0240063197221,27.47854671227863,59.35466295701062,26.39099809032459,41.485765922705994,86.97635267448968,58.63852864364518,63.20791215713979,61.042165305648055,14.259454593027787,84.91620143835709,65.212849021638,13.747046271721274,43.730881065693985,57.34011995912154,17.070735621721678,85.62833911533185,77.64703268348701,10.167654302149531,86.39014126275606,93.63617151036267,14.67373797497289,60.28939039806056,88.82012338462334,83.81877351898557,49.60381562267725,,4.838206426044767,18.290670446099323,22.235231646827526,69.63824620825986,75.11733457256453,82.84102968588847,86.84356493561938,32.02721388558247,52.38068981346329,34.89329742301004,16.221730296305704,77.46477958348108,72.77083207670421,29.38613403728705,19.75994820150927,67.46576908755398,78.50931396905678,,94.83997210530448,17.86008084025543,32.33544005447938,36.748242734511784,39.90208746617685,48.612858147481184,38.51984272126413,94.47852759733206,84.26927825116094,56.41170907119797,22.877123417558053,19.158771472037817,44.631804974871855,36.83309173278704,46.08999871365662,9.537992759060742,68.80157444877055,4.4600430599052725,60.20456736048683,81.91897294471595,88.68105083968848,44.833393015171865,7.563978623376033,4.1030180097572195,87.223888282424,54.65376221815317,82.42138747962146,54.92659850058288,86.50299844928185,62.243253184907246,25.0332951692975,72.84258575436225,35.937177001179876,72.7533023848506,34.68657524318593,,67.98029005693182,64.51013348514086
2006-01-01,9.725890760512746,64.3724138400805,62.64042574092264,1.051881411042488,30.340238415183407,71.6296050026885,5.830400637144539,21.29232231189089,96.08601408038818,54.47561457421093,13.727937021281367,83.30200429950753,73.43973285038274,42.28462299140829,10.697791872841378,61.769093891802854,17.46149559597372,36.54761202517396,68.44071938852845,79.58222447239004,26.882165533789994,49.504299585512555,37.520349928400044,6.908856282369591,71.36025594125843,,65.8532590212075,45.12143131743838,98.13754822125397,10.880652687312276,8.461448836960217,78.74682394456285,60.64473139140405,44.56535509964572,10.962601770770453,86.16931182117983,66.7615200299405,49.08474565507884,15.579577891480989,41.54258089005047,44.24037463837889,81.33296371846983,71.34729371932593,87.98367919281065,17.12033047084577,54.71606054078624,3.59250702853664,76.35512421165033,91.34504661583233,60.57688648328649,26.225786661824337,59.93091560561208,93.92709100745097,,61.03695309921508,91.5047039427734,16.974023002503124,16.70404184044496,21.600285795034413,,82.961541257888,82.53119383175783,50.22077562819802,93.92446100386205,33.36796805431235,35.34124394427588,54.79626060383895,34.174937207812725,49.41202620425445,36.225108297123455,30.252114409793872,78.54792078527284,96.58103158979733,35.55436734884305,58.359011909636706,52.98719196008508,67.47871972666084,93.99174478875251,78.7007346625286,,86.44188427925738,37.13363523318836,47.0587038296051,1.925512254144579,64.3155980076789,68.9461156491808,45.14610021014547,40.84213178451619,50.562963176361464,78.23419314024936,34.718051070240854,71.492716984114,63.327698909766305,25.43906688030948,38.16708128068461,80.88064108937367,67.58388309871887,83.70365137950333,78.5433620134479,95.60458315205696,86.88667417793316,67.80218819363265,80.39275325418166,63.50846429562904,48.52457147567516,51.7487287049583,,62.02266464242252,32.58218227606295,13.25831105028894,63.65463232563408,47.753683571689756,32.74624117673226,41.264646465064516,58.294915940510016,36.916953889612216,64.49920233820245,27.62667406922905,10.124536457675104,39.42450326831464,45.55280252625879,32.03431062813189,24.955608270051922,66.64542607254191,38.77178326469113,45.5515846065656,35.88686788947899,42.17753729391953,90.17482045682522,51.85682422049322,8.293925471002627,59.12209127235582,4.1759830893339895,83.12998792131587,44.444958906063725,31.30612036847782,41.725689644571396,13.271004128957953,95.14728778055492,27.259289169117494,58.56064664840319,26.177931510292062,43.10588743964119,86.38114506114528,58.13220308459379,66.74460945808396,63.09425856448709,14.127482915770894,84.87993369384974,63.86664266326798,15.398741719658894,43.011068430863105,58.30177599408823,16.917933381389428,85.31887649345052,75.95724390061788,12.131793452796147,84.34137736588636,92.83015750800497,14.538614413282879,61.668917895110866,88.96261452092257,84.34005629195606,47.7836474993374,,4.786734935857928,16.74411089590142,22.047421007769298,71.59228856646278,80.20188993418077,80.60989302552373,83.9350955933556,32.95150330663002,50.09837250488995,36.970771203504285,16.07508251054052,79.21473026760067,68.45410228581305,29.15643315844807,16.244343342823463,64.73822510897675,77.6323968963114,,93.02632434059224,17.412098075631064,31.73044898987609,28.50787591171948,45.370614116771854,52.73810644831591,36.380673121826014,91.5927024956923,86.5757346106876,56.20011864025138,22.685244940649685,17.140350121519187,46.10488215788205,42.641416587968564,46.656237564952974,6.052452161964905,62.2089487049559,4.412227592850748,60.72574759624572,79.09744105013245,88.23658713104571,44.538828187981906,8.747230253645622,3.6808309228248848,85.60646167741282,54.76386052614372,84.03125233582857,54.63793757542026,87.00097161691616,62.22276202400503,24.828199975366005,72.19979466621076,37.18080559619001,70.94125135664338,34.55353342195204,,66.35468298043446,61.82031226334457
2007-01-01,12.512272923942314,63.08593690045237,62.51437770380679,0.9542411424853681,28.02310619913705,70.47579937267362,5.91586087796262,21.76831691505218,96.90749439919489,57.286843785535304,13.907127674577657,83.26943749863095,72.91220068381463,42.90031699601722,10.843099888366803,58.627126783707205,17.109917496357752,37.39579136723257,67.95319344385182,76.28198629460684,27.690340103296805,56.42782474020807,33.09396844934267,7.008226094533754,70.05359262948159,,66.47989713013169,46.424535478169695,98.46849020624333,11.028073275519567,8.5801635810137,82.01753477532748,53.40048760425962,46.34479315554126,11.967125077083928,82.39850391648108,71.44734995367585,46.52351582555288,15.778352428980934,41.93816285552215,41.356712027146216,80.06717392772482,73.35516928205364,87.33582832531359,13.973983323226214,53.723860458366104,4.188965356085605,75.91728095107067,91.59351773320827,56.114554071109325,26.522299266480065,61.44468832871057,94.14717448260261,,60.743130399291914,88.65890948787492,15.22932250650203,17.760749317347944,21.857330908159135,,79.84799681595047,80.69752572881112,47.75908943584476,93.96914472978972,38.89103268729085,36.86195538948021,53.278489562041955,32.70810152533645,47.87708204452924,36.93534480414078,28.845685624416294,77.85022915371187,96.2733434868598,35.517092813356776,61.392083336912975,52.45721805234902,68.32422960278646,93.00541781276918,79.4946222520236,23.615053892263628,86.02942382545693,37.50570322779958,51.23856060138099,3.105549195604529,61.775814939484874,74.01829484234375,43.909198372335645,43.20576781311685,57.816598915153875,77.48409092628303,32.16939824719842,67.79779961841082,57.59426028945705,28.89152154295198,35.0919977422118,81.2422912946799,70.23969196804167,83.6304050622218,80.38665540278646,94.96706143726455,88.17432139670183,65.2467429535033,81.97168496424932,62.7815983054443,53.40808506321848,52.04117523605962,,61.4382089462989,31.362931346743327,12.041727189668727,64.31842907390211,47.4533061886189,34.339327584448334,39.21287823955231,57.42672854327486,40.29494645498993,67.04746908940305,30.969795648945496,9.33030146439392,42.946922045106525,45.94977758261055,30.181917834526907,26.380213134865137,71.59140239684798,39.58332758476031,45.233269503262065,39.71628948591219,39.865711756528825,90.51725517974162,58.90361130564861,9.641836505637835,65.07939701899548,4.239252430661022,84.17804000983053,50.32935558243572,30.091909049233422,46.80675901955029,14.981878816417682,93.67695988562296,30.28409485500063,57.534343591262285,28.49853434995957,41.54428321464976,84.11059007424537,57.40609018267293,68.23767670229095,69.57255909431011,2.589531531672795,86.43888048138392,60.81365254735525,15.753623052615573,39.976683932436586,63.315290553565774,17.45940071801226,89.13895122524775,73.98158218950732,12.321456457818925,85.82346842626029,91.9694537577026,14.726480091676464,58.95786514315275,91.07725936673661,84.98528692043625,52.87477509600023,,5.248659164573455,18.180904365073268,22.30847796662,75.67403750935739,81.89146821002379,81.09797609359661,84.54602919739777,27.777836894048313,40.869827043172016,44.790507792553214,16.278960372695494,79.6589765296366,68.01717019169769,27.603580113645187,16.146661967966203,66.38160404048338,76.97567346004318,,94.25991781808283,17.351922319669676,32.03496139427485,28.82222214738087,44.138463110037485,56.84488542374344,36.748315637985705,90.48632305638827,85.82668179966562,56.41147954689032,19.808009872216658,18.427502248793125,44.78929812974625,43.60473394130051,48.651451923392095,7.0075086924577645,62.26207503594665,4.930697813949392,59.877284897177674,78.59892937231342,87.29448390127571,44.36509566713737,8.8694240624411,3.73723203848102,84.62565244857882,57.44263223584254,82.12982506808835,55.814437806124275,89.04526422853813,67.51416702190984,25.452145997325047,74.64951007132137,39.47789549257921,73.02602583661721,36.53447150249668,,69.28426650614799,56.96467210461849
2008-01-01,12.433197588145116,65.99857809345168,64.59175792070128,0.9840576585838035,28.20344556732417,71.50078108589939,6.830986984389609,30.291945599802172,96.36165746961576,55.70883874448762,14.722078230236402,85.53043992308876,71.4582445143324,45.57785895742064,10.475800512494772,61.08859666363362,17.071622848918988,35.36580655504267,70.00665670745265,76.33578984023477,32.50927545877887,58.85552486547776,31.02296893949852,8.756635719909022,73.99555349818039,,74.49262667966043,45.96540274155885,98.1997124329998,11.042533502749363,9.6046009461634,82.0782913210314,59.16325219983598,45.20882141480895,11.135644622836494,84.51995421575653,69.99584955972848,48.84559954670008,17.288170290026038,42.67369239843506,42.925889684801135,84.57913517793561,70.65134199969624,84.8938754717231,15.2990512480091,53.96423974557087,4.306818005405044,79.48064556984458,90.64734823037793,54.005214685281274,28.9582083504478,63.760982838791904,92.20632344699058,,61.42240128404841,88.64895981309286,16.419321474938965,18.54748160680506,20.396694948745488,,81.69851644882746,80.51588073196085,57.04174818830761,95.48707527944464,40.45977668314199,37.54782890919817,51.60596353590352,32.568547826162565,48.657483580447625,40.1813319658317,31.251934040593422,76.87249441590178,93.94039023825911,33.0443946635379,65.72203606219158,58.376091989862466,68.04132529776189,93.98960085117672,78.83045819944299,24.124354481437038,86.33246390346653,42.07604961105345,53.61562041863643,3.5239147929709613,63.71481790779685,72.30413379521114,44.66123395614111,38.221988453466906,50.756615068382786,78.35612062463326,33.98319679253806,71.48109138861747,61.26822373102654,31.01197025718585,36.438978006625675,82.0344654269454,70.6345024661757,83.66921646103349,80.90908229915962,94.29734587770542,87.28824154008656,67.99514938048856,83.45020686255167,63.36071138594348,52.09265381100543,56.390887142190785,,59.034481122172,30.05622094596083,12.30242772749004,67.07905412288795,46.668757587304235,34.32187438178407,41.14244859142177,61.524680158003655,37.621647815600426,70.15388193286316,34.10238861629317,8.936213098351796,43.60310285438265,50.22105662831422,33.7872183099478,26.988741400960457,69.45501272216201,39.820103988395594,41.44609783135178,36.52736512225694,31.623086905618724,89.5728504803431,56.487430316901445,9.888552581621857,74.45769125836455,4.576277822120478,83.67042643738536,55.58091309305675,29.085638360068522,47.812925952815824,15.631414409361854,95.8660931513505,30.55032926225183,57.33745648196231,26.028745178448155,42.1956952665403,84.6030419876574,62.06367191809314,70.3422378457101,70.09002987592719,2.4283415123154017,83.90141474730805,61.505704028605315,14.73748006026494,40.67674345644654,63.15984734490265,17.86337242385002,89.78302807237675,71.3429427791054,13.319517495208466,84.53153569741023,91.23014074773452,22.89639787594897,58.15610012133343,88.74978699453152,88.20444404477544,57.41031738128659,,5.393109589610345,19.278486444696206,22.796691115656742,75.85338482326961,81.22253896509511,75.7803274039546,86.66989164759413,31.302868369142445,42.45719934747536,46.667021801718754,16.660953689260783,78.18219961813642,72.40028279220105,27.630170946609024,17.129506576421292,66.93283027749789,80.27218700569392,,96.90163013749657,18.165656176776523,29.489138801870006,24.60512708998106,42.245240605132906,53.96888864254519,33.045920338490006,88.87850999593532,83.90088403094845,59.68577059818401,21.324564669727366,17.945983941261634,41.600527612435535,49.311056369998305,50.72763364994004,7.109357971576513,65.1298620684468,5.067258578355505,61.11186819211869,78.01953114357762,88.09250358558424,42.284990429026095,10.960457611072648,3.9163681833515818,88.19798511282647,57.20422177894757,83.93477763222796,56.21983863509836,91.33365969586225,68.65993388094157,25.437644553791905,73.96366524791802,40.454631318522836,75.2465400245904,38.005824531975094,,66.37041221210369,57.09987551210387
2009-01-01,11.729984757354883,64.9438675676808,71.03258720993612,1.0000834339396691,25.55251427769838,67.72181270488157,6.926477946760146,31.233847855177423,93.99487073202675,54.54158012838511,14.906319014632652,85.18364727737693,72.32454797594644,48.70214689009033,10.614343867478038,67.80072637771949,17.809424934378193,37.08568209117426,74.06918782522504,71.95054486933587,33.35722832102923,61.28011726972768,31.34598661060819,6.1616202260165505,74.14023848372268,,77.91209463624376,45.71675743152919,98.40277103155368,10.721781717856649,8.14996131752197,82.40887500889204,60.63783020541107,43.551660108446285,11.572200373664398,87.26053098917494,71.92089656709928,53.08672779202801,17.488203809435234,43.06291240088353,43.316233862699626,88.29041307245475,71.00891070339569,84.49028916821881,16.801501248571384,55.694435501823,4.674772019102602,79.99261070527359,89.16458523092301,54.431105915210075,28.528906389537223,66.64048413026147,89.93570158884985,,60.81352499403862,88.98060809143693,16.654461818329125,19.511906808428,20.635517921709436,,82.94759495492505,79.68866198814584,60.87218641828276,96.65911647999924,38.386965034833885,35.58551114201658,55.74226072609776,34.21304092145324,48.94714392221452,43.65943356992942,31.57651650381186,75.9121051805938,93.36500943969529,33.40265155639423,69.94307312738583,58.80801479092275,63.858660655376994,94.07897761817223,79.84586430617591,24.395314235056354,85.09758091258892,39.44380421374826,53.9946288524604,3.8012752871679822,61.192632637708336,67.17516645736148,45.05894646252487,37.86624967318393,51.878315498750396,79.45655646716332,32.93911705864835,72.29420763982033,62.28688550696422,31.735653904699834,40.02855857611625,79.56181554955096,69.7050378738215,83.32855446042599,82.54914733710247,93.6101189776356,89.89800236971061,68.46920573938931,86.20098537956518,60.357293595912374,50.26893278665532,53.108673471204405,,60.69771846729408,31.744375888395847,12.46117429629484,70.36801802432882,43.20298352381589,35.23815827210159,41.52455553360211,61.98346810348339,37.552861921049384,70.14355575940034,32.35071163385557,8.290046247895122,44.185936179822825,52.00526903172935,35.80664278707045,27.962366748716683,71.57396244612228,39.8975939180795,42.244497069929466,36.885096334409575,30.888372573555667,89.9287486128023,58.26953987946448,9.50216937335261,70.83334784468434,4.64300034999412,78.61459456295424,57.57479704624162,29.32640583494994,49.2642539781298,17.68912266030471,96.79171873183155,30.870083765880608,58.99807867169111,30.1605656097353,42.582747727548224,84.86813081306926,63.863339616243664,71.08433665889709,72.63922581799986,2.2952759687754565,85.67418410676383,65.35011623346026,18.423993968532358,39.37163536534021,66.89362256162931,18.078696940104322,87.37163016871305,71.20133881570433,13.334322091254535,81.42306045362268,92.59163947678658,23.15708666074755,60.3484343536413,84.37704880170418,88.0170627421554,51.00535719431007,,5.470469699604418,16.677411688087652,23.056532412067465,76.84791175376024,76.44967108456586,75.20143177699603,89.88865694551683,29.288162611948067,42.84544360356517,45.96147414806763,16.864640074343473,80.36736634300019,78.95918474655362,27.928776512706964,18.27635272132826,67.66776923973356,82.02680272782491,,97.68934907517684,19.33107489847501,31.34587173302811,24.880024646217947,40.45061449148133,50.8728957580735,34.36129974566848,89.38818705949203,85.43356206220506,60.77657066501796,21.571655184404325,17.970495647020112,41.705478858807275,49.75647173313856,53.744461708524184,7.20827807992146,62.74517629994778,4.862380231256946,60.43479849197835,78.64561918485002,87.0429561925252,44.263579280985745,11.104445246174588,3.9742976053665835,85.21554735904178,65.14866334018248,86.92679976592395,56.897379468591346,89.6665189479035,68.70932543644011,25.719250332843558,78.1711135947167,42.00671458869476,73.14920323764025,37.3795911686315,,65.5016880888095,55.85917701417915
2010-01-01,11.993666340351695,64.53433520267625,65.00692559856509,0.9912486259825326,25.370157571699913,64.45002358989713,7.039312516864793,33.12261499215976,94.97594296604974,59.6650162000838,14.42677133765251,81.60107709063776,73.64011819584707,49.688289779625414,10.538035995469974,63.47100426542725,17.73963055805944,34.91386887517527,77.42025219195394,73.76098946899809,33.78574311632827,61.07160259138733,31.168248556925214,6.114208088131723,72.75754339993831,9.67105178397275,77.51930491619656,53.19662098441948,98.45778818790278,7.442589650800446,8.089253410231922,79.56179241023037,64.55996554069591,45.761167227016145,11.908318196306912,82.66604470974136,70.73359073008693,56.18138397903725,17.357745323402852,52.663918105188,41.75396749168674,88.52647543272985,72.23226046902556,84.5809491689946,17.054299512000483,52.36441070247713,4.637779113973961,78.72880249223797,90.44628378628595,54.61805493112064,28.265689017602845,67.36923881527608,88.948227193529,,58.903435401720294,85.70153266486355,16.54343694005549,24.075804073181395,23.544916966919892,,83.05266136552352,82.47071034122223,60.35290893169438,95.20415276453605,37.75433534811226,35.39289124687966,57.407573601578534,32.69300956373369,48.82456926300483,41.37710841276463,31.397919256143638,75.02776132809873,90.81134478092581,32.30389407613783,72.2127744803848,58.686600828700804,66.09579118132018,96.70102550375408,81.08288563157186,24.246174663313326,82.74252605559388,40.253509394518616,52.14546443802681,3.731214569853858,62.0827914485478,70.31514722791941,46.65657385207938,37.854484528822475,49.90430994435893,77.69205024573502,31.102652130850682,74.5653281273211,62.80093517158123,29.777751657403428,40.37605878118593,80.28819860202687,69.21158567815466,81.53083206421827,79.71772626901904,92.38204230497303,88.64128617227898,69.83390848767321,84.9247829893246,60.05869762810585,47.617789518651854,50.78414350452087,,68.57736788931687,30.232465032899313,13.178801803227714,67.83263188844187,41.00668084837059,35.04668431924195,42.34861589939991,62.47321026168304,38.53201954009962,70.24262781454433,32.791045663577044,7.49260988000483,42.24309300449549,56.76006432306862,37.86831559847752,27.361178552446553,69.50748582188777,40.859519686164326,42.39066390591611,36.34712296239573,28.772342374044957,89.58594179803309,60.11817889105635,9.432788855156481,76.43552056308707,4.948877948625297,76.93832771647217,52.7249171728035,26.85571686362205,47.788533523030075,17.572605973239863,97.13276429278734,29.303540818180117,63.510136906528025,28.90677155773622,46.620390444583684,81.89728225953405,62.67830016490918,70.29968266645348,72.24120727281249,2.2868008668606388,87.12468291784708,62.820408163994216,18.303653163276213,37.48556610884856,68.71630307228911,17.96014514134532,88.39423978268124,72.87809976344933,19.20691638606924,81.22038609862332,93.92201023079225,23.415060451526635,59.98902738029604,82.44374714967485,87.01998464376261,47.78666052186983,,5.4278459267681605,14.48129160878926,22.913503944464974,77.2252131514389,75.63282850933103,79.64165283476538,86.05109118167313,29.11834789728207,46.09526112628808,42.93461343843137,16.752489325309348,79.25496379774049,80.35447832150754,27.764446208237416,16.633369351842255,70.56231286093917,82.62252192811748,,97.5056008587692,18.538419891831094,32.40082513514771,23.171142855381653,40.777078005407475,51.968638801069304,35.227428114472005,89.26793159589639,84.1065548049571,63.58834545039515,22.27977614609794,17.981232290104177,39.84717050895925,49.93969756026788,49.53757179092613,5.926403351923071,56.4501577747162,4.8240477550186345,58.03449011204984,75.59959032705007,86.44718502327558,46.34955126604308,11.025140981318305,3.942375463636294,83.92449541688002,67.13987598969067,87.440631698607,60.011334787303674,92.40705517026205,66.26546513317449,25.56426023673948,76.52621788109315,39.351181496782964,70.07606853845421,41.34262632934593,,66.2112483182135,52.82769794009467
2011-01-01,17.317707988075913,60.926133524642665,63.57372552724878,1.689394268188893,25.00509275118945,65.25522793791927,6.482786838104859,38.93066068639074,92.99885183970413,67.68313490319035,16.92334511576631,85.24294892306446,72.23084207236387,48.55405436751078,16.491478029757523,60.687072815483376,17.90685944376593,29.832159206246068,73.39469555134323,77.11899427840166,31.81601931939837,56.98805711464483,33.85364393480443,4.925952672993706,71.20736941497825,14.332730319897923,79.09308270193304,53.52847709706965,97.79395002943122,5.92387105784089,7.92474164729986,74.35793511746172,66.4620805969482,45.550494525685856,11.403292697692057,82.18206732676336,69.9885483437721,53.963772332725824,16.324300651805125,47.24266678385799,39.2499227290417,87.84988987708579,70.63912007184565,85.07813458645269,18.617134859910077,49.451206776465206,3.7429011884355545,77.53160311302199,89.6555411316813,45.07486313848413,24.49780463154846,60.511080637794,88.91565314862093,,60.39743438230851,88.96989254117099,16.007026768288533,21.426259559491847,28.729035946129112,,85.10751257579126,81.25746269579857,62.35245204009154,95.11864988772028,40.994639010818986,32.76906950190671,59.26036538310677,29.586868784802,47.40956479764421,40.93629840526223,27.87544198811387,72.35854863586,90.967360569381,31.80819676103175,70.76615565351487,56.2021461611911,65.91868691887028,96.26156900160868,82.61624552402837,31.39994919235214,83.42760744892239,33.11681196785564,52.21617051709045,3.6161870583006572,65.32362417707604,69.4875664016972,44.323071188665196,40.87576820660783,48.11995688843717,76.400411517437,28.143698514544703,75.94771836800538,62.54121892497801,31.519022595023216,38.33115460724095,83.55351016508101,69.11449387469176,86.15639591633105,78.11771234349557,93.145961875053,89.28515915973331,70.71737754524509,87.61757765661085,66.07807549675506,49.574653971682146,52.7711393147013,,64.1654585767196,27.024729699319984,14.351433815038838,67.16907576623679,41.90186356731688,35.34580992802792,42.30737323996681,61.290979721679385,40.463534606076635,64.9714236689127,33.63518289998473,7.023015802500032,39.950025034433814,56.1828507714937,34.900994218035294,26.60326928550264,68.22851922317017,41.08068947254804,42.08283939364147,35.81344153529882,28.24368318174333,91.0332036761742,57.66144410887335,10.46737004023971,72.5041652260337,6.329490312493902,78.05744966206645,49.60333578253886,23.97270410658677,46.08766576807184,15.953459704849271,96.61266558960942,30.48228031511392,62.00790537072321,31.379068121480437,47.657865898569575,81.75221315387937,61.92925564731664,64.60958774105441,62.407038270649636,2.2345081487298635,84.0776801107649,60.84850476615205,16.258377878965046,34.843335560463906,71.55187207402275,17.954594885528053,86.22072605531376,79.54483392073159,23.254593417422463,81.00245809088989,94.07952897836452,28.515241875280484,61.39731734293672,81.52994902811946,87.01633573496837,49.52199243430022,,4.884144789282685,13.751228478298216,20.429444036085798,71.80302676582254,78.27409066856202,79.76523643329627,83.78534261406777,25.521479932747624,48.927249671712026,38.56626621964179,16.44790314116664,73.04240096219442,78.26610985670776,24.651102095876254,15.784592528450226,70.25370467993726,82.80752363899882,,97.86092948191302,15.46942707952822,31.503338931187475,18.159509043752674,33.3451026598137,55.91247700896902,29.846737449736615,91.19354880352512,84.37069859537267,59.34765664714323,22.1681651154795,19.408468764709742,39.40690760992387,44.61957358000133,50.12557805683922,5.709468045216138,55.13034456959647,4.387319003916446,57.2181099265203,76.30818173024603,82.32377317258585,44.28640196300384,6.078962954002909,4.425911003292726,80.3034851988289,65.53356811118205,84.91676269701821,56.148720152755956,94.36222137720274,68.4769633484994,23.00983898932033,78.76348638908152,41.3508179603794,73.22661231006546,40.74576029768486,,67.86779320737233,53.79388630798812
2012-01-01,17.157786105884497,62.180882521063374,69.74008606595665,1.6692037232443835,23.982692826008922,63.498941697047975,6.123506829585457,38.7143975729876,95.53162505048041,67.22261501653503,18.781708582140478,83.47959600959267,73.49565550430567,50.72772688322691,16.337717709438216,61.773462227499905,17.698087887752912,28.252920527467108,71.68720179966029,82.69797706823005,31.56538577907526,56.776305908629496,32.416100599502016,5.022606828783582,73.57046896310544,7.996306571017842,85.14387120140974,45.352055646779185,98.23752104377952,4.598594160284986,8.865912284998556,75.83102415205727,61.943378984428655,48.15964668867855,9.820750689180603,74.25429188674092,65.47982900145722,59.37795935666299,16.171800865425723,53.46176308700892,39.69807373091465,86.76655786220306,70.36857001955313,91.13646052644482,18.447749349094146,52.515048971343134,3.7007300583786984,79.27799577579438,89.22688172889805,47.76306327449228,22.535100955086584,58.22310777674116,86.65113598990833,,63.28724223965298,87.12630208289778,15.856932154135439,21.44050413457861,33.36645275670751,,86.13677335217906,81.08944889652079,60.9170693459244,94.46575496044642,42.653500730468764,31.91413453882528,56.572883969811215,29.450612378394815,49.49669759690042,41.85415631425903,28.327240391601414,73.24977331270365,92.00524396510029,34.489654705343156,65.67835737126752,52.45320923056009,66.32812027546369,95.60530084521194,82.26550939941481,31.151474107046607,84.93184609829068,32.25855767172803,48.71163300943139,5.864170424593995,65.58832365748366,69.27786679124385,45.35513353954745,39.314242186412166,48.21522170269466,79.13385191574712,25.492714184464937,77.33115061563615,64.89908668489714,30.10432736143429,32.94477582484699,79.11401964038703,69.90349962060485,80.12761986707602,76.58918277178121,92.00124556003814,90.17138006135607,67.5595047089205,88.04205172365572,61.19473093554457,48.8999688510387,52.7444791723118,,58.724841090681764,26.668813231802822,15.77128292638056,67.45062804743968,43.06719755174986,29.850249099482173,43.96419361483703,65.48296014092618,35.16886542003385,61.10004249216266,32.673224943209135,6.176477117506729,36.182444546322024,53.27211055352272,33.96642111295053,26.64895220023258,73.4651569375965,43.128297217474994,44.03435300128038,35.8265114977375,28.012429029280604,91.26004765662915,54.34181031750387,10.362128740985954,75.67538412709777,8.502853699356338,72.7685794676426,47.550390176477606,21.34391683788639,46.440933294502294,15.706277152084436,95.82442414726917,36.886360839897804,59.6340638109389,31.598215616138337,52.75724515796028,80.54698982902046,63.899495852478424,66.44764128197964,59.97239163325363,1.745069438689495,84.11457548111399,59.9489086848944,15.737276361598996,38.80559128231893,71.779321331113,19.941311939428942,82.53847405910737,77.91687105641563,27.089566324170168,80.1957560401437,92.5701166352364,28.75200675401083,58.698037038807314,82.4720362938361,90.33060304513079,47.32933357681197,,3.882962732473305,14.013668672955736,26.675824703401062,69.2009321126428,74.69647169442611,72.99779050047735,82.89674485939055,23.986084850136923,49.58393432296205,36.478545461694644,16.294470929225668,72.69331815177271,74.72980215974691,20.802115559467282,14.143359174692483,69.88923686906374,82.91647792389779,23.971203077891257,98.88236430763719,14.800510733935557,29.738395043766165,19.55283702854572,35.13730713973888,50.658057587261254,29.911193031165617,90.64450329344773,87.06345569780893,57.158562444835724,24.543701179876276,15.960393690440045,38.75530008315855,49.5772023233276,48.191016814834555,8.494773541917244,55.246863655578096,4.338582906860767,56.29052976664144,75.04221498736672,80.88795482742127,44.05681281788873,6.013590533350688,4.3767860159383165,80.33840377511866,67.42836316035194,82.64114817570741,59.6833436426613,89.44499763278873,70.94413680901938,20.98461126613058,78.90254544521407,38.83103135128588,67.15535663007563,41.76343096061481,,73.85704323384519,53.584044879709495
2013-01-01,19.667759635845037,64.7731482495016,71.17736560914858,1.6622859489758945,23.66716305426948,62.39825199866882,6.100719105906183,38.61670396999543,96.05289718861381,69.8003087978186,17.055660087627356,81.12977989481075,78.2104478602539,53.65675502086642,16.28490452381555,58.36054089272884,17.286475358977814,28.172917389828413,72.15629536419745,84.84928554513243,33.74315859999759,56.498252279026026,32.328370003449955,4.857137796903633,70.12424486677497,9.745178423633572,86.93285537045512,46.73529501135491,98.84406043593226,4.580978081439424,8.834339803776537,78.32862428379399,68.3272822069522,47.46523148733719,8.532164881114968,78.00700648507637,61.588720365207706,62.85137570315897,16.119421637424182,48.85541643297707,39.599014611588636,91.09515466313968,67.67617189252225,92.65455788153245,18.38955552509114,53.29222695888327,3.6862724223677756,80.02012079621352,87.3536212320981,46.89359848326217,21.870739776076498,56.395559360396334,86.45605171965559,,63.66283092047771,85.39279457411868,15.805380895951583,20.864265114552673,33.283022640556446,,87.3813062282067,78.41468863189753,59.482022453906325,94.93693326227627,41.29856309835963,28.920673716336964,55.31911188920513,26.569466176122237,48.220755563867726,39.338999107857695,28.247091381062674,75.32960804476396,92.88359107762165,34.39841302796567,64.91445453506593,49.76845120337742,66.02333147143082,95.89735765066006,84.67979842756631,36.157363112692465,84.80609598637984,32.17110303618118,48.60255610413725,5.9968692104169214,60.93163282828697,70.57277593826932,45.24925030330079,39.215709687909616,49.02019119785101,76.56352596019292,26.101201980429202,73.01740445219082,67.97855741625793,27.80611674728437,35.23884728460007,82.94551101395197,65.74181490891127,80.17420632781597,76.9418142807068,90.80687454301334,88.26136965872729,64.92479319188857,85.21101352987152,62.20136274341055,50.999287139240934,54.38945359995968,,62.983762224241666,25.354223494985696,15.845044243981498,61.17402103541443,44.970408411920495,35.369918559895886,44.628221991867576,67.54616994329777,37.153328057812395,61.507420261462855,35.09989002790348,6.610104784127591,36.08850404437624,52.29438994597595,34.20984854039344,28.435882103081834,69.4288380805047,40.001531877559536,46.48188230846081,40.99530490748501,30.091830157763113,86.92854525968255,56.187938559525776,9.966598791241655,69.58821827672385,8.472409767235334,70.82550224591321,47.29322535206207,21.28206125040132,46.137236809614954,15.348681293326283,96.59347204789621,37.19395094484783,56.622304816844604,32.693914602929006,48.38880247853133,81.67629719611178,63.42314438119454,64.31677086216254,57.603008472675164,1.7148784901534375,77.05537923103995,62.80861129911981,16.61614547152823,40.39498369911135,75.32096511928259,19.879461185193193,81.50369106235836,78.53396253211913,28.669443735691736,76.22829299613477,92.02862377151263,28.67102955617686,60.99387084907004,81.25263020697493,89.73807402911874,46.14885690529235,,3.867856575006645,12.221705135723548,26.59898509421952,66.01993558135692,75.73439437591199,73.41848278370936,86.16862981704234,23.11236904018039,50.69351923745542,32.87097993942317,16.241770701433577,73.31188082395101,77.93856900635521,20.197704191632216,14.462757831232963,71.4356131621256,78.5984729284341,23.7790008498203,98.07417668918828,12.946274721956396,29.655530939523377,21.336649061229352,32.301509935381304,49.73095267832459,30.28514580967874,87.08761236509513,86.2042811641118,56.62481408598734,23.714612456333583,16.635716864819194,37.96447252848674,50.77956112796424,45.83583856751512,8.464354840199185,55.617227845910236,4.321872176708252,58.54313818643948,71.28361001450381,80.94614650829024,44.43642107902026,5.991168161189275,4.359941803808887,85.03497944520703,64.17062229448831,89.61916465638699,69.14555315891113,91.94405047200502,70.08500527193095,20.920279023691624,77.08210735397736,36.015171252322986,67.33841081251337,35.449794791627596,,69.60291975808042,53.29993622723042
2014-01-01,21.97055346661618,71.91582280484731,76.9606403865909,1.6703226036447028,21.976569645525533,62.08149106946668,6.176508361766453,38.16530307975157,96.02870602274002,68.74698268076465,16.03228249881692,78.6655242497544,79.6174242778665,50.41898582687849,16.346253400590093,58.522175997265016,17.45261898305166,28.542698349024665,70.14766693303267,87.33549929090574,33.847876187545026,53.48008956984991,32.43027253740245,4.8787141076561795,70.7968215927429,11.026868231850662,83.14205451039439,47.79152964145431,97.63776138239655,3.9399240782092337,8.181064058252563,75.34402540229524,67.3409378628202,48.546461467468184,9.998120651085785,78.5005852530223,62.37238734381676,63.770419937049574,16.18026646784574,45.79886495295364,40.9597305075549,92.79786406684917,65.68090923084335,95.26934757622834,21.34974592288308,56.713753295111104,3.7030680135786587,83.25185636608538,89.87116891165334,45.27597858404139,25.664441367630086,61.29776968019773,86.99847982671761,,65.53081856447587,85.00498600336023,15.865264028462644,19.20632825220414,31.97561447462498,,87.41114967973705,76.08423367941617,60.542185961963526,93.79477545110898,43.61340920475993,29.015294627357925,54.8654193067998,28.050576569450048,48.47044831864869,41.88900712625312,28.340189212524415,73.94068017269753,95.56979329720156,37.14739687807788,65.73241187619878,49.896247880346465,62.08018414196894,95.74014579736753,83.41746304152335,25.25124925781602,78.70031464828114,31.17265841843907,46.12619600739885,7.281826137218117,61.47808949044229,73.98718578564645,45.33836884988677,36.33726024928316,49.609514260613516,72.94835828987665,24.82034180740813,72.4593589243003,75.85091150338317,27.44711525511605,34.94152691078183,80.9969224394797,64.88609690950788,82.4493953070204,80.07466844414833,90.01130593547964,82.96692032653048,64.11923094547403,82.83768872671352,61.394458895680714,53.24602360301638,50.57560447442526,19.34680351470417,58.401196451320246,24.223720849249986,14.660540034647173,57.23775640411042,46.94515944862664,36.446636533707654,42.57962243439765,63.3289148006896,38.90835345331315,59.51545308866206,36.6117477988613,6.668652622540194,38.97940786191436,50.49967810817741,34.747796286473154,27.153842966007513,69.51418424394149,41.13581544789964,44.63442114827899,39.1478997527797,28.41407867049298,89.57282198469343,57.7117015051007,8.879507287999822,70.27223569147029,7.947803578914825,72.82753913229658,51.143854596524974,21.697676566475856,45.12354975524442,15.100345618541589,96.6413626807676,37.30501923008376,56.24637574722158,31.962601893085175,46.99413603181025,79.72823384471606,59.298545543090796,61.462452018113645,63.322281857214044,1.8473248276891452,75.78972647893146,63.524056024063015,16.28271332034781,42.05527590722542,75.05070821653678,18.73226836807389,80.90179806602403,79.25743174813236,32.09658949269523,83.02175785387571,90.76929367057365,27.14251226359713,66.00472621941054,83.80082602418739,88.0773313362004,50.78950282304668,,3.885405529607455,13.094559678338335,26.235171360428645,62.5440797706539,78.44790870507192,77.55067620689917,82.803990391161,23.361947899678416,49.12550131670703,29.843829842706082,16.302988376574625,80.41260844933309,77.98629485341996,20.270438729981088,14.518452222219736,74.41565480255335,75.6687861268123,20.598998646666544,96.67558721940065,13.395893032077133,32.958665093264514,24.027998065988143,32.18443919820984,47.6403055180385,29.654530179831763,85.60396715155528,86.56321824494054,57.2199979790667,23.796739146285628,16.090727680206808,38.3018886597849,50.55769756539623,45.25472548347952,9.322138286600623,55.51612057345798,4.341285095773861,58.630107327151904,74.59361872162683,77.63511308546028,40.6749798259495,6.282938805747262,4.488621929183612,85.20688434595525,63.122941747729676,89.10227333923783,69.49707494977395,91.83872910551682,69.70987871582466,20.995007094921693,76.85507344979887,36.754119383125186,69.36063230839508,37.39955534721609,,70.54394418131358,54.367850443287494
2015-01-01,25.162773683954065,73.00807023511989,80.30934558209272,2.5209904144701367,22.589382214453458,61.77921549779977,5.853672950013211,34.26841528026874,96.4104891817006,64.99178666053622,19.057627776299036,80.42449268530068,84.45771357075004,52.17662370838143,13.46942121690924,53.65766189277703,14.015040974859138,23.920082705274346,71.36825709204619,89.53148895687067,36.183736301586535,53.89290386928409,38.382917502894934,5.746889427175638,69.08177984114856,10.727487775414168,82.0584661775273,48.999574118458554,97.03123717554998,5.307530789544169,7.922795463510612,72.77348744345488,62.61404318409238,48.154537281161744,11.892839588009574,76.543384939464,64.11988314562689,68.4565235883292,15.741409762227887,43.813272624642565,42.8618334641041,92.91904402803685,65.06273500319972,94.22628706343262,24.06165985554889,59.37183466488969,4.021243836942934,82.216396806408,89.81074553159876,39.06988355699086,26.32095198480978,61.12900231654477,84.45516238496768,,67.24068648192745,83.94904364134915,13.956669197427152,17.254113786309667,29.436531872210313,,90.23855608436281,77.04533592614227,58.62404995771677,95.25352544645823,46.05573860330329,26.570165632664676,57.23278577809807,37.393264274315975,45.3012601882666,43.9749704487465,27.142917242238575,72.00451748281105,95.26532280211822,38.70222365338791,65.53316763757198,50.053679058596835,63.673647430720635,94.4591672046596,81.37990903462168,22.846549933535144,75.45705771284645,29.497399682477333,45.39500037889247,10.952338280261776,57.75247580625027,70.88296030569805,42.58046534853733,36.16512179287916,54.917652936748375,70.94493433348677,30.19563765597335,75.00406535078112,77.12332492729065,25.074930704982535,35.041684591740584,78.94469230359913,63.10387796212296,84.005784014243,74.25078434526517,88.72443747024914,83.31953348938008,66.9091691097353,80.5495872463913,64.39965301183106,56.02188256560896,52.87941529840672,24.99806215565423,56.43823016970231,30.794873303326987,13.711543934304892,60.151397165500356,47.72383307960665,34.70579012603423,46.79523705367398,65.06785872908026,33.940548170759335,54.5186294724235,38.86694791451121,6.545645483277795,44.81683768304997,48.28273919029943,25.083742529543972,22.596132626877896,68.91284066979762,42.300483908546305,45.49981157307842,47.25571068514033,31.399949559511487,89.94850028334331,55.20408300424877,11.144715795360993,69.83471275395125,9.668780024422874,72.06505392361493,49.74821699740125,22.742492637135236,48.05023202939337,14.349339727374478,93.4169205447721,37.44999595860339,56.627406933251564,38.93090659446634,46.25512116605526,77.95923709783203,60.21771904107614,60.59328294430215,68.6637699167107,1.8588873891236646,74.65396906195781,58.308740959515504,17.359446963698723,48.698053272042216,75.52192373602401,18.821657142498328,80.74268087993534,82.49277820217813,33.09158191632762,85.86493723706884,91.03900213775292,26.670889247193262,63.81616188279378,83.20269167637254,89.35167108163085,49.9566069245358,,4.354962671314744,13.609905394407473,24.181843212458432,65.40635495561969,79.77019226899714,78.31366026245328,83.06185978945474,25.937821921931526,49.84074526478269,31.134470200913313,16.383015861076622,79.6359207140276,75.70212709503477,20.365493222764563,13.394558299382297,71.66855616614227,81.10137900349372,26.733870584392182,96.82545484404908,11.069024138594429,34.05712194476816,23.98647625540451,29.812207623841026,45.24449879726868,27.653239851121114,85.09830974864727,86.6350588767421,60.25525474259179,23.90404058304043,16.754449333095444,37.47965800686448,46.978916141037296,46.57937764588252,8.041844184564273,52.23356599182141,2.465428832417771,62.66908203899153,71.15817548727068,83.14113015964682,37.0230711326115,6.812336545561681,5.476842439415064,84.27405390473002,65.56122078007243,89.47097987120559,68.65065148565897,93.70261830912494,71.51467547395411,21.425934897270547,74.80587978445993,35.14606742009817,72.62110980930075,34.787764973566695,,69.2692568802926,53.46900910960495
2016-01-01,24.95405942987582,70.10003474849245,79.87010952632244,2.431299765857464,22.338456621436066,49.716991491785556,5.315064794009561,31.042545791632037,96.85435468380692,64.4915229867346,18.397191960872185,81.55871380871487,79.09295192073044,49.73762073434853,13.069793171391431,54.08956759454486,10.622943626508995,23.132818646902553,69.43407941984101,91.91660010726429,35.47526171611904,52.29174692292313,35.568146886006616,6.548604734069774,64.28098925801689,10.397879510154818,82.57098686150292,47.016783040405215,98.00052032345329,4.77006028336564,8.223872484562767,66.59888396705273,63.87507158126142,44.880640891114176,13.300541631961282,75.68112565916043,61.84714664662485,60.37845721098953,15.286877751813178,46.711877972079286,41.94214223899016,94.42761989110866,63.058682845090885,92.45944602319905,26.860666154883173,57.028796694175824,3.883400943095694,85.23342218252768,91.07369318878096,36.549633992873694,30.179999298790626,57.41179895970383,81.00528435251181,,72.21052917720657,83.56958238248701,13.331639756421342,18.786209933870033,29.88418795512151,,89.23508605576438,78.88396694638496,53.99280146281353,93.53591495312133,47.11968532138394,25.888953483206944,49.645019682866135,39.85449246208835,43.59558121243533,43.16382697910749,25.33052048562745,67.17523747868671,95.21472938208561,41.776752839828376,63.39302261855468,43.79088305808638,62.400143905892655,95.18016016269112,77.4612747963476,22.080778923865818,76.10826136069929,27.556437240412478,39.44904507119924,12.049731995121826,57.348988027491245,65.76809570655335,46.95017469998103,35.282397309364576,52.48120911906358,70.80265838167972,28.64952678371787,75.12374095618011,79.99657424121543,26.215150240241748,35.4913899778034,81.16172185745988,61.287025714703944,83.9815858008415,73.41799677153762,91.03382832526165,80.85718105754526,59.643531886912406,81.80171378837913,63.358938279610925,53.54215852642681,52.057014733643435,32.89282867597356,55.419433417551375,31.392714440647783,12.21190825883751,56.64695401922466,45.60927109269405,34.78026262525311,44.336909205243,60.75154774809211,30.65770097593925,55.7458736819128,40.76213781922813,7.86987026745003,40.55933350800653,47.280574376871655,24.16837565648402,20.87179086773191,68.44403314457934,39.64547073541445,44.95301978280308,48.54635597026032,29.5561560521433,88.25392883849597,50.89663140927803,10.30806871835498,74.0873826470795,9.367383030831633,73.84698452975076,48.250809734640484,22.224415293719947,49.2372687642796,14.816144901525231,92.39174018172942,36.06413557296826,54.87550044826095,38.52487441632935,46.174078864819975,78.05624629415539,55.8907031568185,57.91165394618558,73.42875322451066,1.6204863236826794,69.43959030201295,52.83510381286578,16.867441154548736,47.75630331551742,74.3475605895523,21.12130435166123,78.62683850193011,86.94521838413434,33.03134507184035,87.07902175628767,92.32279250101986,24.418245213493684,62.66937869909053,81.85175378319707,84.90886887761955,50.576940895959346,,3.8806040040358813,13.035522959393052,26.37864853949907,66.48366876218954,76.36059538086685,79.5172238689277,82.30478043898458,24.935537636751082,51.50986159714363,28.241672919598603,11.889275518716435,81.63929142394583,75.51609555412821,19.595684260921953,12.996786178795293,72.55437516941873,78.00684016106771,22.948042123100276,97.0043026224242,9.370618532810848,33.99377083854051,23.354316909933893,24.875553850190755,45.64347705460757,29.914068817582518,84.55525032495335,85.70168163411806,60.149809461422585,24.619678299932257,15.426419577663008,35.84226805791821,45.34091374420394,47.14509306325299,7.16937258433854,53.24924305288463,2.3775735497925443,58.379260721390615,71.1396352171351,81.26497779164724,35.63500732331353,6.590665970314291,5.30434031706265,81.71413864685448,63.052340510286584,85.59773125619049,66.13372757583168,93.23830683137238,70.13229893273146,20.088391938594764,76.06315436450257,36.28567848809128,78.30221371356748,34.51362931763454,,63.9650728827216,59.28868240250862
2017-01-01,26.8570664647916,71.05787870893788,76.58756402936339,2.4299609756911478,23.51051430593971,48.5793068228078,5.312328555660805,31.03092941613228,96.01461661643273,60.61645497284231,18.38928006077285,79.03409052146763,78.96488337847406,50.022543875186656,13.063802249691214,53.59381968625083,10.617915130262057,24.50176431904032,62.21335589352619,92.48540938656534,34.526548142978456,54.91689476174408,34.42155037991221,6.3683947675536645,70.17723409220994,10.392942283531825,79.93783078291531,44.91275719405054,98.5339477381579,4.767578207681977,8.058748729511079,69.55375120125571,69.83772172943591,47.226051210392974,13.467071876053005,75.0050898848994,62.885274090931965,57.93618694279408,15.280059492879694,46.65819434087799,41.9282550283753,91.56859679795967,64.78416784096979,92.89247772852505,29.39052365088244,54.226530620917515,3.881341536489058,81.31755173707882,89.48443337430491,36.536762672306054,33.84298785969159,55.61869128834307,80.6836556435757,,73.07983680444335,89.95855498510704,12.705312525635005,20.39258438523568,31.721791784741338,,85.87802389306385,77.64525665705479,55.42292482434408,93.37155860327296,46.03740196954941,25.878707373643373,55.9672879470533,40.10478321724793,42.145004506221184,42.27883894333209,26.106317685686076,68.59147610242252,94.5872210582558,43.8354814801674,58.52961540689936,44.759184641823936,63.9302007422488,96.0970317936892,78.66806756559738,20.331945045612198,75.65480778528571,26.225000595832526,37.36615328270017,12.044135788153799,57.333450720161515,63.64081252293796,47.26586046628864,35.27113611677406,55.2223805850504,67.55704842858682,29.34853958793938,69.7583632874004,81.80352926617496,26.937643118960963,32.870791800082785,82.08708846036686,65.3962290358229,80.31654778232209,68.9223434540503,90.38734721219218,76.38590208237247,61.421595284960006,79.38217521083195,60.44638544506571,49.52538345643121,53.59938905665682,41.01253385856944,53.782925771711085,29.798238241624887,11.999504868108591,53.43412601727824,51.35067738853836,37.14837818003907,42.70429353654279,62.92494526360042,27.795856280846397,51.417047885540754,42.14374796846434,8.255676451195871,44.88552190065075,45.68672470430417,22.75612566284233,18.230395423487067,64.51794910954656,38.33269518863802,44.745786098588304,46.76544779565391,27.80044183765018,86.29815012585456,49.88740926703469,10.501083813813006,76.34898066643704,9.362869905738858,81.37205323328297,46.00091438844037,23.91966805351111,49.56898245817627,14.672765910951291,92.09725903780743,29.535385180063045,56.41342278549932,37.988561309074306,45.454001443548556,78.5941820978738,51.195664935621046,66.61133631071678,75.18640202798359,1.6195689879473618,70.52301702440711,55.57903172424934,16.860057620060775,53.415209434282794,74.77358241061161,19.534265589513577,80.59896652014159,87.6064089875045,30.809742285327335,87.67822524228978,93.9108816206723,24.817406044099155,58.33460260730248,80.62318894503801,84.18627379502536,50.02200950282221,,3.878545949879464,11.785611493756043,26.54416713610469,67.14584473634339,79.47591275110875,83.25105806684381,84.08984612843278,23.014236912753596,51.49471808580035,26.11708809272031,11.883742235263462,81.88502275766109,76.77510646821706,22.16407124464932,12.990823206284318,69.42330443726954,76.99102214743601,23.06170185517258,98.11530798803493,9.366104059889569,32.80337391646285,23.49293765529672,24.674111780886665,43.27918680328757,31.376380646698053,89.75174824805387,86.19254054748767,65.55527289803678,24.890449658968137,18.766403938030805,34.07387355508309,46.48476484249804,47.58344039358431,7.5351904115873,54.239560717527844,2.8458559645099024,55.58336437408504,73.37249568414619,78.11939318301158,34.38757330123663,6.587350028452111,5.3016090409760075,82.64712770007192,64.10855644646078,83.26442319549969,64.35190924950358,90.88324919407762,67.65653154490501,20.749538480421993,79.22884465819237,35.83476791300093,79.75594167358908,33.14459249908671,,65.17541996274095,63.13979679836655
2018-01-01,25.634905556125243,62.28158589455046,74.76658928464695,2.3719843091587034,24.43509519776739,51.00805902492751,5.38754997044093,30.941820696983147,94.35696312439606,57.520735527197964,19.043302640412307,80.72074745861597,80.74104642183859,49.55985106350658,9.218918298836732,55.43747896311797,10.187468727434757,23.02628605899084,62.638558459943084,94.68353541813069,32.67981204485447,53.898545235766406,34.87944550824896,5.084844793190236,67.74952339203706,9.199672498291033,83.04534033117744,47.31167913926685,98.645140211726,5.006951486474409,7.471432741708406,69.4379084007402,67.06981398553424,50.288415908829265,12.922214770366015,71.7870838858486,63.18509990164651,56.68406375940875,14.843017639514555,48.34200361908687,41.32226700067625,90.56420594540364,60.39048858853307,93.47572405514964,32.94877113793531,53.4722342686951,3.7921051616279455,79.84418125010609,89.27080062583423,39.283202846452724,40.48971550518652,55.04599239675112,79.750049879067,,69.61358292665633,90.07077786905536,12.451133599590369,19.520112822628334,32.75199316043811,,85.49032476311157,77.68593416432948,53.055642036207296,94.09285417585686,43.590385538692345,25.432756616033924,55.40340517684746,35.87936401347711,39.023930018133555,38.93354608520704,24.75259626839801,70.03036185057503,95.19392772668454,41.48304204922112,55.816010069210996,46.909178489076695,67.23028525433234,93.13800560114504,78.29464332768664,21.567616307238936,72.00027616419936,21.24776366128961,30.018548106714892,10.847284396097322,54.033509153406854,62.63628193396384,49.156086440192816,38.53306006265073,56.55907441217409,65.99530509606547,30.273752716241866,69.43069288689136,75.26914626386677,30.83469386655071,30.022127917054053,82.80326667132137,65.12006468396552,77.99477539156938,71.04117290936662,89.42177018514971,75.96842199791453,60.63388378724663,81.52856426835716,57.54467252237705,50.83351381094445,52.77445034857462,59.987609673490816,52.80527504402392,33.779576822226346,10.741048731250924,47.75434163040785,49.97077170113431,37.139006233175934,44.72704936979055,64.6511547704219,27.935103308792275,46.50909341037751,45.892787131470214,7.78020793509151,44.402166279908215,43.55528638167474,25.538602736533523,19.68290706722602,65.07934342611338,33.18860058403048,44.12617886555408,48.50653624549225,26.211554541492042,84.3222849498554,45.295195138310106,12.182834504620155,74.84288462480488,12.805244225411961,81.745186157651,44.85384736809564,21.427710536197388,49.26387756557017,14.908286498492373,94.26129228078737,29.183453946381622,53.7887581000245,37.96989525315567,43.637201574382736,80.09829404240911,48.76162880505463,64.252205614524,72.0361273515208,1.6075910566965002,74.61793040092624,54.40604341260426,17.029879302327842,49.65421014062087,67.50207163995441,19.17357705546676,79.24518446192482,88.25990113466351,30.194190598714886,84.31528453857025,93.11558551734352,24.18071832315478,60.54076267352953,82.58943548080376,84.03310436017385,47.80800125107291,,3.7893682675112728,10.96657456476966,26.427908180859028,65.84845106181561,79.92737900564832,82.21519095486552,85.32427094910096,20.948363950696734,49.7816435929621,25.923795246554192,6.259553613616209,82.11820008864882,70.91201227860726,22.36039392370458,12.7318624326337,69.94017607394541,78.39477666399691,20.884680256173304,97.6041221750393,9.674869580336964,31.715544436949095,25.651154060455905,23.063470263349974,44.33056130662365,30.77274812988877,89.22673778107524,90.97040380419894,64.25294596138782,24.501429882892424,17.697462470897165,32.41201808468735,46.492678628431946,46.19623383580962,8.20154374976224,51.30130382406486,2.7787492701025207,55.37646730869818,73.65991608795507,77.13214781924178,32.45751872222411,5.72431932353904,5.32831548631485,81.54353440799416,64.33873106228161,83.07626052166201,61.03297919814719,91.50596680408152,65.41507117115066,20.17984270776455,80.04097406257796,37.49495628925432,81.22278120858712,32.8004976568178,,60.16842626204877,62.34796527658315
2019-01-01,24.063804710318905,63.33139658788378,80.27810587768371,1.9678093080569115,25.75017610893944,50.198485244494684,4.424721063939929,25.385088849700168,94.02628649161917,53.24118581972663,18.86897415025276,79.6609168343768,80.81084209463783,47.617799616747824,10.089201692230965,55.83170605290593,11.805404968667032,22.647328989587344,58.63215814511307,95.34842747797734,27.849774158380658,57.73573005823691,39.69571148184787,4.544696313803431,64.34739955430547,9.361748585157748,76.48908720922996,45.417665787891124,97.97505060297486,4.518535965596082,7.321729226673734,62.33832626984264,63.73822936045306,43.98098776190742,12.717872319561929,70.64516954131665,68.1918138188874,54.201503246995976,13.21008828048652,47.893550750628386,36.68028372268839,88.31005354545447,58.12772047293897,93.6098314248847,35.14743100207405,53.17234871111225,3.5960989998920168,74.99592797788124,88.53140512012868,29.623805479015076,44.55246598989102,53.518836464244465,78.03423977283906,,64.84683858141436,90.06609617604134,16.358698945852645,17.18015416072982,28.49732973252912,,80.45966968927016,73.52968342036732,50.62789598968014,96.61421662255108,42.757745161208426,23.687420610251664,47.957519828142594,28.501271547795493,39.25033555279518,35.482195497753224,25.60564350333476,70.98962133495239,93.43286591612772,37.48295124802192,57.241048773846614,45.29184754187961,64.15109877452227,94.71024101745004,75.98497586291882,22.669066898745914,67.33456170771856,24.715052567021456,29.052132242621965,10.01611809062104,58.08425336785243,59.439192919249216,44.35236193318106,36.73579297002677,58.469195152454546,67.29835326234077,27.589277933355948,67.63967678253051,72.39237540130449,30.24338846679109,24.371142211790985,82.01144392143594,64.11944783120573,75.43556976184395,67.86401300888664,94.45622833746854,73.94823965933092,62.58392402955113,76.70331547122743,56.33498789357656,51.203515821319854,50.46544552059722,64.18880935192865,53.170531682606324,37.53058023547966,9.894351976997662,40.40317881279483,46.31386136232837,37.90097832005755,45.245861722501516,61.10435791090873,25.21525455185656,41.929738529590836,47.060231793299664,7.095937929450269,48.859764100579625,45.15739118799949,28.990435930480608,18.066025298040202,65.55083573418072,32.3904000802272,45.35160640749134,49.58123732965557,23.543284042348567,86.10788646748723,37.85842697927648,12.808693013944449,61.67294534114755,16.836209372072965,77.37663407598912,46.66064506036148,18.82161216642235,45.058471481569505,15.715788026472598,95.11234637990228,28.353088565610186,51.56084046047984,31.11144161398385,39.40451696721099,75.81857280141226,40.46443084763567,64.6034062632804,71.0372342964126,1.5192284985135363,76.7826508963287,52.87239123105796,14.207965508963373,47.85542103699929,63.56282109454479,22.141265583491567,78.66880691632826,85.99357671872286,29.561491502607538,84.41595353109285,93.5588807471797,18.20189337085887,68.90367295288146,78.22797721796186,86.3893097884157,49.56845217421636,,2.7957521550330267,9.835668718455503,27.021626426482868,63.181185421330795,69.4262017250941,81.99517444961614,79.95601802125532,18.017904695755092,45.726729206364816,26.853228133849516,5.935484217245158,79.87362365060248,72.38431851267391,21.539406621674708,16.127835084511833,66.32401977905185,75.03054118908251,23.781262658153235,97.14479237468265,9.692988888912568,29.379123276895836,22.019685822571855,24.028508910200053,44.00456221670825,34.972392952241194,88.13046079573563,89.1121358586363,54.652545782497384,22.6665855998878,14.60154757022808,32.24409226062504,46.41995246650629,44.866715945533045,7.456595261739462,48.56332747738983,2.0877405647589886,47.72705636388576,73.31660857359124,80.39042359380718,33.13072678978666,5.407437048094277,5.469586465771492,80.4609597459501,62.5153789660164,85.74052213555558,55.19038687770597,92.05525237897567,66.07346034166726,21.183121198976764,83.68911583497965,41.269220749738764,80.41635306587158,29.801053577514793,,56.40953722864068,55.40786768892212
2020-01-01,23.962016346493222,63.49124618934447,79.89179608248924,1.9562982405635143,21.46674456157588,51.31432477637618,4.400446558529458,25.279244438676372,93.93706250191642,57.311960729124614,18.784426415513988,79.51750516618925,81.61837354946083,48.05401051053122,10.03882017257196,56.87559064750176,12.033896871985373,22.612575461737507,58.85674411455535,96.17880203336493,27.736713687660174,57.48227109754605,39.554299390464934,4.519825936450827,64.48660527438295,9.3145152580419,74.09823747183289,46.20722866821056,98.46390235854408,4.4937953282731975,7.283625040659247,59.432667924772446,65.1586854666719,46.577029709484286,12.656546229880206,72.13164334701376,67.66468780296937,53.49328743834574,13.146784389701082,46.38690607990049,37.29438381824399,88.3051335176455,57.96442312434353,90.02392639482582,37.18005139648191,51.69113457402064,3.5760030176265833,73.53338802633975,86.12795558141154,29.505831419679584,44.40252591103548,47.31112776528919,79.61850004759053,,63.884023301474336,90.73571638386109,16.283244887229962,17.101667874826198,28.382448564728268,,86.45049496896988,74.00386525987955,49.152593653683375,96.35975086195057,45.906434727280775,23.586811785182192,46.74067723172863,28.67410804341384,40.97407047610382,37.551580074456425,25.499134833109405,72.74346670008529,94.85497854111868,37.34603241420249,55.098349199898664,46.696377392754776,60.99421078159284,92.24673989972796,74.63399599735381,21.778026655767,69.13877096756083,24.611248575449117,28.935715993253385,9.966050425128948,57.98145440646741,58.30975854463132,44.2914957282956,36.60047565937974,58.305779352304384,65.9227683522174,27.476958696312124,74.42483480341467,70.14643963489056,30.12375348533456,24.268398640981214,82.71135434294699,64.21628772957801,72.4899804665961,70.12619967244018,95.31657814101206,73.17048814772278,61.95902795680799,76.5114824985915,56.712904200378574,49.26757671035244,48.53770013648614,60.003901051245265,53.01021334115126,37.39356074690079,9.84480842560329,42.43873681429962,45.605464564242226,38.365687769713254,45.0948570185785,57.58239044710329,23.997795902911456,43.92565152290886,48.353546268966305,7.058873033522994,49.83688730810963,44.75486141757953,28.874189256759507,17.984330812122153,66.79294592188081,34.81768368419682,45.20044276599716,47.355580312076285,23.443129765478787,86.71790647114445,36.81408672206323,12.747000345681014,63.64224344621707,16.758985924979207,78.3933904300381,42.60423156061507,18.737231300651825,45.249404991977556,15.239705653007295,94.3303263515008,28.238610250079198,51.4019760101843,31.887858612978604,38.08566849325115,73.02683104734602,40.321545896420204,63.67669329593322,67.00079030425505,1.510191553398521,78.7957462269712,52.712324699813976,14.140718251128515,47.700761849247975,63.61351482961473,22.045615216737225,79.64022769377667,83.18760222795721,29.443686068706732,86.30035363009323,95.50476847939994,18.119712449780888,67.50076220780912,76.75418711544053,81.56068040602766,49.672307118596414,,2.779807017445901,9.590856889340726,28.568283951338046,63.39059568629888,71.4660966895238,81.25345324576575,81.43532641676656,17.936382847742482,48.72609324933318,26.743030655829813,5.903859029061143,75.13108992126023,73.64670430588035,21.445735861958347,16.053243255394335,63.623742051278874,74.96388120479835,26.550732663325128,98.11103009936424,9.644315355953326,29.26181300166827,21.924433105604578,23.926830703095625,45.15812568677047,34.841022813888635,84.69917887782069,90.22937666004822,54.739887159184384,22.56923009530044,14.53276895740382,32.527618812955886,46.84215045963121,44.71628855954105,7.417873162498234,47.57423688644763,2.0755772124269045,47.57256376666168,72.58443340625544,78.86810855403944,33.00372838788108,5.378344593555006,5.440193955443773,82.21333753353905,59.09576619210601,81.4695101615763,53.48108642394727,91.52675618016363,65.03474687807925,21.090635474715548,82.28397137779983,41.124842960260644,81.8406532546805,29.682601452661405,,55.76789795643939,55.894091047096616
2021-01-01,24.481817031275245,61.751225440089264,82.3700812492597,1.9452455767106303,25.047806782475636,52.5061375728564,4.115670977025365,24.312887069047527,96.23146192404432,54.01664780514586,15.353777168186667,78.19295508871788,78.40426099572566,46.148814611281765,8.713145243618692,58.94545987925539,12.91143499001608,20.172193756820356,55.40411086914045,95.906927347882,26.384421379820854,55.045633334885416,35.27019926732721,4.495934257808609,71.82978212691636,9.269114134401779,72.100518476253,44.495110540661585,98.63010514438628,4.876211551366827,7.247007043814868,59.93010126661906,63.412238257071785,46.9261088590241,12.341052173146572,72.93588651569156,81.82378207501658,56.53252848045878,11.827344046723898,43.17654544318442,32.79746205620728,86.33413881581828,59.467284879322804,90.91007439233995,36.67684704080381,46.75115571348171,3.556700805106905,69.99393052289848,87.83852118559292,29.604671832885852,46.6873295609875,43.647392244123964,82.90164387729732,,63.50195493600632,93.0359117412052,18.233192141137387,18.786212531358583,27.968502398695406,,86.33516681468299,77.01218787258456,55.42302026090837,96.84713573885121,50.993909565245744,23.489989600025552,51.261171905468196,34.207346456147114,48.52061478335528,39.83011155249825,25.396620259791327,74.1764636616663,96.00508341237217,39.494182055196994,56.36270270837789,47.034834701202335,61.8148373019592,92.86981763669984,71.99969452263359,20.52027388272001,72.66109200675947,21.57876352037176,30.678408606740227,9.438078116192084,54.37473413421641,54.30870635091984,48.36999783160743,29.382521260564886,57.37761708473095,59.40892702743999,27.448335574183623,71.7257981240907,65.14322245472242,30.21723324658425,26.154177339417238,86.08719040550281,57.4409594051138,76.56767193055313,69.43107984746375,95.79909086517787,74.91265728002773,62.71454528332896,79.01375950521927,57.99509203529816,47.33670498018084,47.313205900181785,58.80690115298668,45.685209128740354,38.581691122579386,9.069715914489663,47.70719103346548,45.24389846950426,32.66940174362739,45.85570151212337,51.27840573421718,22.9046259900056,41.88691635580328,49.26194415293289,7.023254729003203,43.92044528860139,40.440216251435615,26.684470439527242,16.24878157412314,73.26434713663721,34.48115998681723,42.216398970111754,44.123176747443196,23.34674605824949,86.14922283660043,34.45353506715816,12.829779714898603,62.17278159005306,20.036954379455054,85.71917637869082,43.19036284007024,14.22660494524962,49.57291485728176,16.305283166097993,92.40363956519528,28.128402635762594,53.77786826733286,35.44198732471884,37.17229165122611,71.65845576077803,40.1838679170466,70.25319536012147,68.14005082542434,1.5015155674159786,76.73499621193581,54.606255428958875,14.076050412347518,46.69578128481601,63.21050869041716,21.953575552721894,78.02474378931281,84.73230604839115,29.60001897484581,83.841822792042,94.50536596349379,24.643253258851814,67.831786544575,75.06515753498374,81.3807843591153,47.66236532773298,,2.764493989271799,9.713898903846662,28.16945308479314,69.39552616204334,74.3421168485858,77.41770750671776,83.25623944465231,16.25273125357618,48.765377009204336,22.76717591699713,5.87347247229456,75.51404497295164,72.35415131161243,21.35560518654952,16.493552999188353,65.31866176619062,75.10145040613799,27.36952638228263,96.70614805904042,11.530523962272143,29.282472615830635,21.832776922882356,18.793632928201042,43.438227434990125,41.826830409448704,85.89382128234622,91.54536159395332,51.684427714417794,22.475545950790533,14.734147419748567,35.80402972728551,45.847612977108234,43.481052642191045,7.124515062697334,47.8985898403596,2.063897888823296,46.947810510539476,74.73763627120864,75.60121124339582,32.637805563470344,4.366542668543683,4.937475630376809,85.1635348657839,58.516909863864086,80.29940614331004,56.16474372845393,87.03033123247262,62.836725618436674,21.001647461861772,76.74889142891693,41.745176647290094,81.5612555240531,28.239842019732976,,56.17129968102115,50.81926232884473
2022-01-01,22.79473923002726,60.89982218303531,79.57652037866173,1.9320394384262474,26.455697678778954,53.48983557797911,4.644573098507987,24.04200402890243,97.18805012294098,49.06494240040791,15.582396878157933,78.68609148883459,78.61553635157858,51.2459363508424,9.272249552335543,54.98242625390779,13.003297799092717,17.534611406778588,53.539923827182974,94.15840554901264,24.19561678358837,52.91650827053325,33.742816384385776,4.467372470337505,68.61651325299998,10.318180356466156,70.70186230265195,46.50724169746104,98.93436519012722,4.962424453093906,6.443022550846544,59.523926963512544,64.98111507853127,46.07740057531481,13.237717772226565,74.17162059040005,81.82985789068084,57.805910881677256,10.276844744154545,43.692051410143165,33.77023761956735,81.61134039974081,55.64374709762034,91.27888023166581,39.958050001425384,43.68715452666241,4.081239099782474,71.63758924257941,90.05788191867397,33.03150690808225,45.08525259397045,44.670617917457555,81.42374769675759,,60.382950790944975,92.36994075332713,17.780558154636395,16.965965297368623,28.238054947696845,,85.64420384654349,75.6227741386873,53.70406004984645,95.5188520217469,51.900281172817685,23.374018637595096,50.86056125085041,38.45438228683484,48.278276238063654,40.66390706970082,24.097068983335223,74.1843726449193,95.59402294410678,40.7755724256121,58.679511593465875,49.60688637726419,67.21390086494688,92.36118783858205,69.65236480851539,21.351875111402208,74.8335288139832,23.135273520248113,29.495942884311155,9.382912585850335,53.91285108693318,53.820058199071894,49.60673190774716,28.238824106352133,58.73297403108386,56.9843196077968,25.153972237005107,77.6701334081105,63.1631185677362,31.09971097878964,31.385237291622026,81.66043393574103,58.477275307545206,74.88863525369405,68.30337597586953,93.86316563113195,74.94717896205826,59.47773683074051,83.54841261345528,60.58215109209557,48.710745760285924,47.134621605108684,62.111757740341766,41.5477109428217,36.75846741377582,8.411602032788789,48.16114107104895,42.504909921049496,33.17433636814895,43.13276548270157,49.413903359045676,19.61810029045843,37.13107564138048,51.48740746202749,6.980658641229587,42.930436802537805,42.457905389158654,29.999406421027253,16.706369320864123,73.74275886705644,35.68459275760553,40.114134059107,45.98100882688924,22.44986130661446,84.40454496832629,35.79641141384283,13.70491771136917,63.71837433867855,22.273229572377595,86.71252824806453,44.63928215008311,13.04522307756848,50.245156524048596,15.020631489142843,94.6494537522887,21.82772253102644,57.796640011390025,36.62401247363479,37.81714361642577,73.85244420480495,40.018740082015846,66.1101471481692,64.49761998083471,1.4911505688389615,78.74230858019527,57.79849515836975,13.816355596562978,51.04146399952418,64.80133162473389,25.289805478329974,76.44624710476234,85.06480366351083,25.267571104018806,83.40070966153631,96.26890940410065,26.7783620904801,65.24681769938012,73.26050983142036,80.47898465720907,48.090254780831486,,2.746193703004751,9.60064086954585,22.18238978142162,70.29548300244551,75.7531787773829,76.55736234838713,85.59513251433782,16.780156618387686,48.07694571354782,24.641282516452456,6.888807202265834,70.77152400160331,72.55374182823573,21.468922467073636,15.429819601788196,63.92263239810636,77.66526933211743,28.307686933369315,96.72066499829228,12.195157290280978,28.453244755453223,21.183967573442043,17.68543000376548,43.012622609613786,41.24385517807126,82.76994411853823,88.25593412030067,50.912053998798726,21.52172684022664,15.338206403382348,39.147754683342264,45.158962291678314,42.85132998717642,7.116228030418981,46.78205625184927,2.0499425414670203,43.4875541728557,79.15579101389457,76.50193519935104,30.832386335952332,4.312986563667831,4.645182713157004,84.02144470856965,54.35429379174932,82.37557875541644,55.77051667384638,89.91335413605707,62.55031564754756,19.82268969266765,75.89286884372683,45.59282210340542,79.03829616310234,24.07982930568535,,56.43938758522944,50.49035199621916
2023-01-01,20.09104738737796,67.54646963626297,77.33412263683178,1.0646575552431647,27.839131265515938,51.91142482615889,4.371109293362807,17.106019871898614,97.51344167003049,54.80873966359952,17.168663272737273,80.90762658671777,83.18013580296308,53.72540127754355,9.649581602512303,53.071384012454146,15.236549996064175,15.267635622106946,57.01646036686103,95.21069551699452,23.595871392446234,51.611794159743155,29.783323115382544,6.35668989578102,68.34613541562933,8.964144571146193,61.73553668022056,45.20737898484332,97.74578054235502,5.8470154160567445,5.5810790319877785,57.981634929800684,64.73303864735189,46.80281044445268,13.420579026363132,73.13787323177057,79.28964882660948,57.92671721119553,9.174588653113936,48.997697864330014,32.05075032626754,80.71523756344091,54.352062699144184,92.74355100953552,41.85021873376682,42.04993457563441,3.1993239188694234,65.71352288327314,90.57484424973586,33.36373930936396,44.1395250086138,41.875928497240956,80.56277063497154,,63.24551549100115,87.54444962841018,20.395554785618874,16.267337960739713,32.65713212410939,,87.24191935262499,78.0651544411007,51.23404521531818,96.3745504887608,50.47204768189499,23.88946943400949,47.15644752531084,39.014816731342265,45.924719254865195,40.820615241934654,23.978711623783756,73.46093548307189,96.49774616272624,36.89295199611104,56.21746582061724,48.916869499332364,68.60282751964424,90.88297836397432,66.58638498029737,22.15786269655624,77.68629601095826,21.78685360922543,38.84629901247729,10.01411630855652,56.047100522275464,56.61561162185418,49.87450345960268,33.303057725838,58.86529235943503,58.739509711912575,24.438960145736555,79.16043915362154,64.202178529093,33.494364893946525,34.187706785509334,83.70054213537473,63.06746225735298,73.31991364076114,67.90192228720497,92.85921502464383,75.73664675640205,64.85356049096819,86.82043285533312,58.034067143957245,54.93042492958471,48.923698609380665,63.20061976197924,44.03969734288546,35.31775708388738,8.673438478374118,47.678194927061604,41.14503582665798,36.19046055996051,45.659715277663274,49.2739136388436,21.270895578926762,42.75016397706409,53.57794540379608,6.273376298722799,43.059891187522496,44.19000318474461,34.254262902412776,16.059446439034886,74.08309136628344,38.47720233174628,44.771689090623155,47.967515335000776,26.38201623463261,84.89834904215476,42.33497594494571,13.639796229790747,63.318910049507934,21.941221583211668,87.24172844895934,46.15468298431556,14.377833459435774,54.83365098522941,13.892551897102479,91.61288184695327,26.236076539480013,57.503156408849954,42.80775018880826,40.9474243089405,71.70757634084818,44.29249501693631,64.90143931643921,60.325170008023065,1.841555960159147,80.5491036664997,56.19950420639066,11.698555080301931,50.834079960643976,72.984109696824,19.49713973597825,76.95459643270776,81.42404905192477,24.303014714036152,78.75893474066393,97.08293400344019,30.115389699636207,65.57444171302566,76.23502961502633,82.10476704243113,49.14177029030774,,5.83596978249461,12.23213828696914,23.703529335880802,68.05537110661739,80.08998622558454,78.59864643626989,83.38671201556535,14.967555066375338,46.87221969075115,22.57672368861028,11.432324249456938,74.13637603741326,75.07532415020138,23.78310885655417,18.13796759518791,61.03935592699257,82.15396219550838,30.217311018779913,97.19739753744932,12.093145501377068,21.919320968561617,22.635278342136665,19.624529644340804,43.82619447725193,41.469039725778615,82.10810575860262,85.1456300244609,49.545831243023464,21.127722791288463,17.56845856496042,42.590776579371195,47.636873302026075,41.96708646164866,6.71745492252569,50.792515730999945,2.3934529881468714,46.07335921249302,79.69812807603898,79.16498800726514,31.350753973136502,4.565198524427238,4.8510454024758065,85.27399662159057,53.35094077202196,84.26143554661837,58.58834380231026,92.80075574412186,67.29425353665847,18.34134493395544,80.9621444044622,45.145675521487775,77.25178963225778,25.930970898271543,,58.915892377832016,52.61043393643452
2024-01-01,22.392464815505654,68.98413594945455,76.57994057169203,1.125333895389924,26.608588903346675,59.1536827969545,4.219276856135801,14.307442096455148,97.51508042297749,52.65694749582068,15.840970198004033,78.6986604180396,86.66820728073291,45.700608165264335,9.39024458978589,51.81329025261321,13.853433426198203,16.678246466561355,54.25152816507482,91.66721068462694,21.111766743444527,55.78332073935499,24.765315324447702,6.264346459803882,66.37096051385438,11.669683945013642,60.23695288761923,44.98413823332127,97.03620832571946,5.818837676581278,7.765374487074428,55.184467859549734,63.07508762896548,43.99590144496286,14.17595956566542,69.9818072920168,80.35416038157116,56.62533134451995,9.241605254894825,44.90807632209949,32.86650309303793,79.00891285981531,48.16566179437892,94.95090336556756,47.649523628719706,35.31959414786314,2.825820190717143,69.15490073949505,88.65400612283472,34.171583125003345,42.21141504774148,39.086677479522436,79.18509719997896,,64.42446518820779,88.36930187447179,22.536244404489892,14.517009113932621,38.355425641765684,,88.6029953914138,76.14232894907599,45.28545502438851,96.1193488783397,51.606797575444155,23.51245244569996,47.20239284478065,34.90089812338424,41.10209738033432,41.90570216585381,25.322654003685486,66.25783148541078,95.53663896144596,34.701875818435035,53.29555223089739,49.12357539852229,72.51405273886442,93.58017989974357,59.05012244061005,22.32518905900447,83.91778174929377,23.461140439845217,38.074752645590415,8.144406650687896,56.47274810031313,60.58459112983663,46.14212642353298,32.96393396912292,59.22287051407387,60.437771839590425,28.304617655366982,76.26967045882279,66.44231337616331,30.6220618033884,36.492664542670575,79.92872173634564,63.09628565525986,68.18133600538631,69.12839257158505,91.57314181495033,71.85419489772701,61.286871387218554,88.9814237419236,65.04661640617005,48.37046367856463,48.919370884573766,64.16479028726685,41.21809994774645,38.212451616897326,10.542622824662661,42.721104250684064,40.22659782131694,35.87100440553943,40.61291952634615,49.846705588657315,19.671538168182213,41.43429677394368,50.57501905154109,5.157964393736347,44.10845982586198,42.89463901210533,30.91553922956669,15.87152161446287,73.50145964816296,37.41955020857469,43.63561442723019,46.88943567190886,26.19822007329281,84.25693433819461,42.74750129638212,11.156643818548961,62.02490197819597,19.731695426351248,90.07370364607935,49.939560393879866,14.034068344565975,49.16806495005351,13.5625138201228,91.9082191894241,26.618799441265985,62.43913851698111,44.309977441940475,44.977022136803,69.21952334367091,49.20942927895339,66.33431229532488,65.1299625761983,2.2845480139675467,82.81773415834509,54.97551147236162,10.883298604015955,50.072294723986445,68.95792817602849,17.462021903795687,78.93977829103792,78.98376970902335,25.158806394720113,78.06119117197329,95.92833335820077,28.13556158517343,57.94670164866047,77.04519144971484,80.36287557225039,48.13016425895612,,5.400509434466727,13.597317596549107,23.539684455678,61.225736225583006,78.0164241350213,80.69507203229637,83.92587410883718,14.66590683428819,44.332352421358834,20.631230865462392,12.761706857565668,76.29929729631154,75.7429057431471,20.59862745579989,18.850447248292866,67.7145034778687,79.76243424512721,28.652710703471683,97.94646599343803,11.775130873099037,20.273471009717024,21.64974552744909,21.786398801060646,47.90777693357877,43.84969228183525,84.46528337479472,84.90708249343683,50.06291432343393,20.707660938073747,17.5139911048529,40.497839547872495,49.60095298305321,43.29189156166606,7.664128466277287,48.62508697372749,2.571098532278171,43.23909780358777,71.8346883645253,79.04136354105499,30.367816874337617,4.06843630139001,4.463081055853024,82.5109651974509,52.2752425612071,82.61984991793693,60.81349995853014,92.5381057995755,67.60365304936133,14.317049813407067,80.25911832545786,40.63967360877769,77.9207877687187,27.409182444240198,,57.54067211908706,52.48755113114816
2025-01-01,20.8856443067738,69.85726394723099,78.54321974945434,1.122758627451137,28.81279152803138,56.6115817470908,4.253590471274005,14.471469560584527,97.80908969424235,47.29268086631719,16.704636830416675,80.80157521485485,84.35219743653555,43.32015150231139,7.282936594565093,48.70540881349097,15.352249027123987,15.5620517416849,55.20835350672946,90.92955643220854,20.62313829758955,54.32143271106049,23.505521807225684,6.396333097425422,67.26041925182169,11.85958997002331,64.73894421833278,40.80456279500011,96.20069676209236,7.978574911237235,6.437887028973222,51.28449658350469,67.01053041467426,43.35659349308868,14.547205792683027,69.24304146044211,82.32470146207007,61.50432854404044,9.491645067817455,39.40555751527598,30.377229255054804,78.86056897926241,47.06844445445122,95.43696743926074,47.21037781812917,36.39135827969775,2.8197343953284992,68.1070652938078,89.23233745942532,30.4763720871688,53.13053291340823,43.6961696530461,77.17307064765234,,69.7670606502908,88.91063905381567,21.26138723035852,13.695979378088651,41.68880775896386,,89.49478838893697,71.40745684047864,40.26015801877766,96.61606990045796,45.67224781307301,23.474663562297515,46.483781532369385,33.83819382069541,42.336563908605626,49.22711747124264,18.66218533486883,62.82578809372394,95.49216980986473,34.65251010756545,52.89497091283331,55.00225536414614,71.87187071984935,92.78738815419008,66.5656416709764,22.05703954542698,82.11150239817054,25.50255071759261,38.645584787757215,8.128597816242877,56.33715467315164,59.60197759147405,42.62594371010092,34.35240541090611,59.751719143705564,57.4200106799005,28.831447411570377,73.84530085150189,68.6495043773676,27.24227478648733,37.73883266302912,78.97658841631299,61.51999594846531,71.38424500748745,70.53592249070356,88.68426887536636,72.75832672536605,58.271651031698866,88.66269947479475,69.38275482847274,49.90061103386784,46.02733344510867,70.3006260824444,41.22022458746106,40.98390833344392,10.214410875770842,43.84086592647479,39.415581546935655,37.374042550996315,41.47753021246494,50.55513031606769,17.93400053843348,42.917568761074506,49.0879734378493,5.295880608912629,47.554315288588235,43.13980395059701,33.30403792268272,13.834295922962525,74.29149365391004,37.19192781822996,40.73136307891492,43.98732908793994,26.924751984839588,83.32110405769939,36.57157777019751,11.135900834774382,54.176021053619515,19.5695513133203,89.14296858519138,48.37469614477757,14.111270397742647,45.82787851290061,14.387424097647028,93.09054103272759,28.866234324026728,65.85584962210905,39.950053178905534,49.5742033902013,73.97701390131769,45.3280432669099,65.25156863682744,68.01740720578752,2.2795494159754015,90.51008299384469,53.24799687575044,10.718741856608382,52.771052391627826,70.21840765647767,17.965300384522422,82.5621167122047,77.52217716430894,26.567972212919045,78.03703509735345,95.65170024256007,28.842912160365586,53.92560174099763,73.6716619914924,81.62890118092078,44.915571054117834,,5.38952887826587,12.187013767042497,24.10549423679441,63.36629614814384,80.00675700906817,85.8921758879874,79.64064628126314,11.795011758220909,47.352368710034234,22.68683140856075,13.459789069605964,73.1252402970253,74.16468971219419,19.73222887225652,21.355694620385222,67.19354850322729,80.40887924073469,27.629144332504353,98.04571251825159,12.835775769843071,16.80446978459942,19.189883263652106,25.42921712471411,45.23147230931725,49.412761319296514,79.05964386362515,89.24350312667161,53.13589278569992,19.358161807874385,15.150322092138268,38.46875072838092,46.52551879598541,42.761500537276376,8.502969600020215,45.858771963494185,2.56552135849637,44.40262538639554,74.33740178192933,83.40352944701085,30.004302736048018,4.063047857307978,4.4053790652439755,80.20475319096377,52.06539830532879,80.54135008440612,59.80862650923429,90.75992228175154,70.87103349354413,15.840914978160958,78.3113548410687,37.69522759089039,78.22631066795964,32.57078378235312,,54.313672908456766,50.99867853756515
2026-01-01,20.90577592923929,69.89240722678389,77.88260313452005,1.1242567811431292,28.83825387970347,56.647306065408955,4.258749248741111,14.48649769491739,97.81803661398246,47.326507981316226,16.721526027161527,80.83234879385192,84.38048310338512,43.35267385539956,7.291288317172928,48.73963096309857,15.36802229723564,15.578000350693033,55.24390257291654,90.95113163732694,20.643075327028725,53.57818771623823,23.527531261403123,6.403777950956413,66.95933623892758,11.87231983949788,64.77482710576712,40.83611504487046,96.21354205253131,7.987623782980169,6.445374863265152,51.31934346632472,65.15868805725322,43.389129090301616,14.562298577919153,69.25166011691482,82.35448639938893,61.540331146723524,9.502169454615462,39.43652313478463,30.40362087956643,78.8924483408414,47.51746991433174,95.45138461758617,47.24418078665449,36.42094745867139,2.8232749152071857,68.14254198845057,89.2559700872321,30.50282124913759,53.16574832232905,43.72882754158023,77.20578292997915,,69.60243015971098,88.93463235474603,21.281795331900334,13.710339180520636,41.72071349606943,,89.51812020238658,72.89702037945199,40.291485959608195,96.62799486904214,45.70557685674509,23.496651572572457,46.51736596793404,33.866498445552615,42.36872002599637,49.26147613610487,18.680630987271705,62.86177237962958,95.50647807006563,34.681236164599824,52.93014302504353,55.037775252936136,71.90651889585592,92.80636394260915,66.60134151205752,22.078025154522727,82.14143251200137,25.593653990823974,38.676217787432265,8.137795443458629,56.37284795384105,59.637935259875576,42.65820932922135,34.380977430355074,59.78768333152868,57.45581716079868,28.856921081453322,73.87934089497242,68.68488702893305,27.266763825847885,37.76905604281035,79.00840625482203,61.555998575277,71.41902434230092,70.57091264108979,88.70851079995886,73.57118487924986,58.23540618356786,88.68696487038062,69.41799715321437,49.9351383740987,46.06077569747043,70.33567086817347,41.25194467934856,41.01553336616474,10.225621389835805,43.87357530817607,39.44655148829588,37.40409723966789,41.509352713515725,50.58981335005852,17.951875211065616,42.949943255605014,49.122296190910184,5.302169156119129,47.58821833893128,43.17226041729085,33.33206016069068,13.8487757820004,74.11614219950849,37.22189745606437,40.76288546393605,44.0200902158161,26.94903931081376,83.71423723710694,36.60125352939182,11.147969461079466,54.21141525803883,19.588695370832298,88.41984694277416,46.64706300810594,14.12598954970834,45.86125745424192,14.402380359664136,93.10905193880606,28.891729083282137,65.89163086122467,39.98125108387474,49.60865004996129,77.47836138272027,45.36126040878814,65.28740883790078,68.05289865554762,2.282457412121397,90.53219231557918,53.28323346296264,10.730424288349482,52.806201286155854,70.14981294430713,17.983199793470007,82.59173729121713,77.55472642663639,26.59203090379173,78.06933520570763,95.66568982074864,28.868392782883877,53.96095511793775,73.7057606582087,81.65915162329316,44.94865130786773,,5.3959172277340155,12.20003923438815,24.12791745395716,63.40226089942114,80.03800341407839,87.13867359009656,79.67210101451633,11.807683065797448,47.38621325898015,22.708266525103493,13.473942998747379,73.15951690590661,74.19861927359882,19.751496623031972,21.37617173621803,66.55890627469552,80.43988999341579,27.653876895517815,98.05399281750265,12.849380491293195,16.82144002762589,19.208736842786188,25.452532001960225,45.32548292395964,49.44716733133853,79.09141731259687,89.26712307822007,53.17110916695918,19.377144444942886,15.16592582702787,38.49930493179502,47.265434244654884,42.793816949761144,8.512536033378781,45.892160757938235,2.5687659648893413,44.43553117992456,74.37917610780369,83.43254408235616,30.03047648868371,4.067996122099149,4.410704625466533,80.23588446860732,52.10040922069841,80.57228161518407,59.844593042657415,90.78171562803577,70.5041659309292,15.857095372809704,78.34351787276967,37.72543092374702,78.2585165211262,32.5984107221444,,54.34908901548423,51.0334624309619
