date,Afghanistan,Albania,Algeria,American Samoa,Andorra,Angola,Anguilla,Antigua and Barbuda,Argentina,Armenia,Aruba,Australia,Austria,Azerbaijan,Bahamas,Bahrain,Bangladesh,Barbados,Belarus,Belgium,Belize,Benin,Bermuda,Bhutan,Bolivia,Bonaire,Bosnia and Herzegovina,Botswana,Brazil,British Virgin Islands,Brunei,Bulgaria,Burkina Faso,Burundi,Cambodia,Cameroon,Canada,Cape Verde,Cayman Islands,Central African Republic,Chad,Chile,China,Colombia,Comoros,Congo,Cook Islands,Costa Rica,Croatia,Cuba,Curacao,Cyprus,Czechia,Czechoslovakia,DR Congo,Denmark,Djibouti,Dominica,Dominican Republic,East Germany,Ecuador,Egypt,El Salvador,England,Equatorial Guinea,Eritrea,Estonia,Eswatini,Ethiopia,Faroe Islands,Fiji,Finland,France,French Guiana,Gabon,Gambia,Georgia,Germany,Ghana,Gibraltar,Greece,Grenada,Guadeloupe,Guam,Guatemala,Guinea,Guinea-Bissau,Guyana,Haiti,Honduras,Hong Kong,Hungary,Iceland,India,Indonesia,Iran,Iraq,Ireland,Israel,Italy,Ivory Coast,Jamaica,Japan,Jordan,Kazakhstan,Kenya,Kosovo,Kuwait,Kyrgyzstan,Laos,Latvia,Lebanon,Lesotho,Liberia,Libya,Liechtenstein,Lithuania,Luxembourg,Macau,Madagascar,Malawi,Malaysia,Maldives,Mali,Malta,Martinique,Mauritania,Mauritius,Mexico,Moldova,Mongolia,Montenegro,Montserrat,Morocco,Mozambique,Myanmar,Namibia,Nepal,Netherlands,New Caledonia,New Zealand,Nicaragua,Niger,Nigeria,North Korea,North Macedonia,Northern Ireland,Northern Mariana Islands,Norway,Oman,Pakistan,Palestine,Panama,Papua New Guinea,Paraguay,Peru,Philippines,Poland,Portugal,Puerto Rico,Qatar,Romania,Russia,Rwanda,Saarland,Samoa,San Marino,Sao Tome and Principe,Saudi Arabia,Scotland,Senegal,Serbia,Seychelles,Sierra Leone,Singapore,Sint Maarten,Slovakia,Slovenia,Solomon Islands,Somalia,South Africa,South Korea,South Sudan,Spain,Sri Lanka,St Kitts and Nevis,St Lucia,St Vincent and the Grenadines,Sudan,Suriname,Sweden,Switzerland,Syria,Tahiti,Taiwan,Tajikistan,Tanzania,Thailand,Timor-Leste,Togo,Tonga,Trinidad and Tobago,Tunisia,Turkey,Turkmenistan,Turks and Caicos Islands,US Virgin Islands,USA,Uganda,Ukraine,United Arab Emirates,Uruguay,Uzbekistan,Vanuatu,Venezuela,Vietnam,Wales,Yemen,Yugoslavia,Zambia,Zimbabwe
1872-01-01,,,,,,,,,,,,,,,,,,,,,,,,,,,,,,,,,,,,,,,,,,,,,,,,,,,,,,,,,,,,,,,,94.19224636077846,,,,,,,,,,,,,,,,,,,,,,,,,,,,,,,,,,,,,,,,,,,,,,,,,,,,,,,,,,,,,,,,,,,,,,,,,,,,,,,,,,,,,,,,,,,,,,,,,,,,,,,,,,91.63182303591952,,,,,,,,,,,,,,,,,,,,,,,,,,,,,,,,,,,,,,,,,,,,,,,,,,,
1873-01-01,,,,,,,,,,,,,,,,,,,,,,,,,,,,,,,,,,,,,,,,,,,,,,,,,,,,,,,,,,,,,,,,94.69803582200377,,,,,,,,,,,,,,,,,,,,,,,,,,,,,,,,,,,,,,,,,,,,,,,,,,,,,,,,,,,,,,,,,,,,,,,,,,,,,,,,,,,,,,,,,,,,,,,,,,,,,,,,,,90.97630861920415,,,,,,,,,,,,,,,,,,,,,,,,,,,,,,,,,,,,,,,,,,,,,,,,,,,
1874-01-01,,,,,,,,,,,,,,,,,,,,,,,,,,,,,,,,,,,,,,,,,,,,,,,,,,,,,,,,,,,,,,,,94.0948769360319,,,,,,,,,,,,,,,,,,,,,,,,,,,,,,,,,,,,,,,,,,,,,,,,,,,,,,,,,,,,,,,,,,,,,,,,,,,,,,,,,,,,,,,,,,,,,,,,,,,,,,,,,,91.75101239052638,,,,,,,,,,,,,,,,,,,,,,,,,,,,,,,,,,,,,,,,,,,,,,,,,,,
1875-01-01,,,,,,,,,,,,,,,,,,,,,,,,,,,,,,,,,,,,,,,,,,,,,,,,,,,,,,,,,,,,,,,,93.05718803050515,,,,,,,,,,,,,,,,,,,,,,,,,,,,,,,,,,,,,,,,,,,,,,,,,,,,,,,,,,,,,,,,,,,,,,,,,,,,,,,,,,,,,,,,,,,,,,,,,,,,,,,,,,92.90116109315738,,,,,,,,,,,,,,,,,,,,,,,,,,,,,,,,,,,,,,,,,,,,,,,,,,,
1876-01-01,,,,,,,,,,,,,,,,,,,,,,,,,,,,,,,,,,,,,,,,,,,,,,,,,,,,,,,,,,,,,,,,90.22253998538979,,,,,,,,,,,,,,,,,,,,,,,,,,,,,,,,,,,,,,,,,,,,,,,,,,,,,,,,,,,,,,,,,,,,,,,,,,,,,,,,,,,,,,,,,,,,,,,,,,,,,,,,,,95.22336873206687,,,,,,,,,,,,,,,,,,,,,,,,,,,,,,,,,,,,,,,,,,,,,,,85.86938948572865,,,,
1877-01-01,,,,,,,,,,,,,,,,,,,,,,,,,,,,,,,,,,,,,,,,,,,,,,,,,,,,,,,,,,,,,,,,87.78402687073775,,,,,,,,,,,,,,,,,,,,,,,,,,,,,,,,,,,,,,,,,,,,,,,,,,,,,,,,,,,,,,,,,,,,,,,,,,,,,,,,,,,,,,,,,,,,,,,,,,,,,,,,,,96.59375908556743,,,,,,,,,,,,,,,,,,,,,,,,,,,,,,,,,,,,,,,,,,,,,,,83.0375939801802,,,,
1878-01-01,,,,,,,,,,,,,,,,,,,,,,,,,,,,,,,,,,,,,,,,,,,,,,,,,,,,,,,,,,,,,,,,83.68800600026171,,,,,,,,,,,,,,,,,,,,,,,,,,,,,,,,,,,,,,,,,,,,,,,,,,,,,,,,,,,,,,,,,,,,,,,,,,,,,,,,,,,,,,,,,,,,,,,,,,,,,,,,,,98.10842064609912,,,,,,,,,,,,,,,,,,,,,,,,,,,,,,,,,,,,,,,,,,,,,,,71.89703161523258,,,,
1879-01-01,,,,,,,,,,,,,,,,,,,,,,,,,,,,,,,,,,,,,,,,,,,,,,,,,,,,,,,,,,,,,,,,85.48969036177022,,,,,,,,,,,,,,,,,,,,,,,,,,,,,,,,,,,,,,,,,,,,,,,,,,,,,,,,,,,,,,,,,,,,,,,,,,,,,,,,,,,,,,,,,,,,,,,,,,,,,,,,,,97.5383145457994,,,,,,,,,,,,,,,,,,,,,,,,,,,,,,,,,,,,,,,,,,,,,,,72.10814707293669,,,,
1880-01-01,,,,,,,,,,,,,,,,,,,,,,,,,,,,,,,,,,,,,,,,,,,,,,,,,,,,,,,,,,,,,,,,87.58998329450937,,,,,,,,,,,,,,,,,,,,,,,,,,,,,,,,,,,,,,,,,,,,,,,,,,,,,,,,,,,,,,,,,,,,,,,,,,,,,,,,,,,,,,,,,,,,,,,,,,,,,,,,,,96.68490910241921,,,,,,,,,,,,,,,,,,,,,,,,,,,,,,,,,,,,,,,,,,,,,,,72.06698768893114,,,,
1881-01-01,,,,,,,,,,,,,,,,,,,,,,,,,,,,,,,,,,,,,,,,,,,,,,,,,,,,,,,,,,,,,,,,83.03235112394486,,,,,,,,,,,,,,,,,,,,,,,,,,,,,,,,,,,,,,,,,,,,,,,,,,,,,,,,,,,,,,,,,,,,,,,,,,,,,,,,,,,,,,,,,,,,,,,,,,,,,,,,,,98.28544994371249,,,,,,,,,,,,,,,,,,,,,,,,,,,,,,,,,,,,,,,,,,,,,,,74.75178468066753,,,,
1882-01-01,,,,,,,,,,,,,,,,,,,,,,,,,,,,,,,,,,,,,,,,,,,,,,,,,,,,,,,,,,,,,,,,84.64643525402894,,,,,,,,,,,,,,,,,,,,,,,,,,,,,,,,,,,,,,,,,,,,,,,,,,,,,,,,,,,,,,,,,,,,,,,,,,,,,,,,,,,53.81865676300765,,,,,,,,,,,,,,,,,,,,,,,97.82145534272254,,,,,,,,,,,,,,,,,,,,,,,,,,,,,,,,,,,,,,,,,,,,,,,76.54573063945345,,,,
1883-01-01,,,,,,,,,,,,,,,,,,,,,,,,,,,,,,,,,,,,,,,,,,,,,,,,,,,,,,,,,,,,,,,,85.95280733560965,,,,,,,,,,,,,,,,,,,,,,,,,,,,,,,,,,,,,,,,,,,,,,,,,,,,,,,,,,,,,,,,,,,,,,,,,,,,,,,,,,,49.69043632763716,,,,,,,,,,,,,,,,,,,,,,,97.36937147204915,,,,,,,,,,,,,,,,,,,,,,,,,,,,,,,,,,,,,,,,,,,,,,,69.85103570162627,,,,
1884-01-01,,,,,,,,,,,,,,,,,,,,,,,,,,,,,,,,,,,,,,,,,,,,,,,,,,,,,,,,,,,,,,,,90.90369315292493,,,,,,,,,,,,,,,,,,,,,,,,,,,,,,,,,,,,,,,,,,,,,,,,,,,,,,,,,,,,,,,,,,,,,,,,,,,,,,,,,,,37.63163777199258,,,,,,,,,,,,,,,,,,,,,,,94.75114198469902,,,,,,,,,,,,,,,,,,,,,,,,,,,,,,,,,,,,,,,,,,,,,,,68.21163965303944,,,,
1885-01-01,,,,,,,,,,,,,,,,,,,,,,,,,,,,,,,,,,,,,68.77881039558858,,,,,,,,,,,,,,,,,,,,,,,,,,,88.10333373829988,,,,,,,,,,,,,,,,,,,,,,,,,,,,,,,,,,,,,,,,,,,,,,,,,,,,,,,,,,,,,,,,,,,,,,,,,,,,,,,,,,,43.09091662104989,,,,,,,,,,,,,,,,,,,,,,,96.4386455356169,,,,,,,,,,,,,,,,,,,,,,,,,,,,,,,,,,,,,,59.88616975336818,,,,,,,,,73.72494181962,,,,
1886-01-01,,,,,,,,,,,,,,,,,,,,,,,,,,,,,,,,,,,,,66.71848970291441,,,,,,,,,,,,,,,,,,,,,,,,,,,90.9075857500723,,,,,,,,,,,,,,,,,,,,,,,,,,,,,,,,,,,,,,,,,,,,,,,,,,,,,,,,,,,,,,,,,,,,,,,,,,,,,,,,,,,42.842646364406136,,,,,,,,,,,,,,,,,,,,,,,94.74830929328951,,,,,,,,,,,,,,,,,,,,,,,,,,,,,,,,,,,,,,61.793727174697665,,,,,,,,,73.75131255014283,,,,
1887-01-01,,,,,,,,,,,,,,,,,,,,,,,,,,,,,,,,,,,,,67.8806890903548,,,,,,,,,,,,,,,,,,,,,,,,,,,91.45693332655391,,,,,,,,,,,,,,,,,,,,,,,,,,,,,,,,,,,,,,,,,,,,,,,,,,,,,,,,,,,,,,,,,,,,,,,,,,,,,,,,,,,51.719301098826435,,,,,,,,,,,,,,,,,,,,,,,94.33201065221269,,,,,,,,,,,,,,,,,,,,,,,,,,,,,,,,,,,,,,62.968705199594986,,,,,,,,,69.01850142608038,,,,
1888-01-01,,,,,,,,,,,,,,,,,,,,,,,,,,,,,,,,,,,,,65.50020810007673,,,,,,,,,,,,,,,,,,,,,,,,,,,93.92060250414357,,,,,,,,,,,,,,,,,,,,,,,,,,,,,,,,,,,,,,,,,,,,,,,,,,,,,,,,,,,,,,,,,,,,,,,,,,,,,,,,,,,45.24526808751149,,,,,,,,,,,,,,,,,,,,,,,91.95912115801694,,,,,,,,,,,,,,,,,,,,,,,,,,,,,,,,,,,,,,62.30648738213016,,,,,,,,,72.92005135224976,,,,
1889-01-01,,,,,,,,,,,,,,,,,,,,,,,,,,,,,,,,,,,,,66.87651405028167,,,,,,,,,,,,,,,,,,,,,,,,,,,92.57413123694997,,,,,,,,,,,,,,,,,,,,,,,,,,,,,,,,,,,,,,,,,,,,,,,,,,,,,,,,,,,,,,,,,,,,,,,,,,,,,,,,,,,47.650647850107944,,,,,,,,,,,,,,,,,,,,,,,93.37163322526642,,,,,,,,,,,,,,,,,,,,,,,,,,,,,,,,,,,,,,63.69175691970532,,,,,,,,,75.70304594473367,,,,
1890-01-01,,,,,,,,,,,,,,,,,,,,,,,,,,,,,,,,,,,,,64.49791665391191,,,,,,,,,,,,,,,,,,,,,,,,,,,93.63347012189186,,,,,,,,,,,,,,,,,,,,,,,,,,,,,,,,,,,,,,,,,,,,,,,,,,,,,,,,,,,,,,,,,,,,,,,,,,,,,,,,,,,44.595803172426564,,,,,,,,,,,,,,,,,,,,,,,92.28814781763573,,,,,,,,,,,,,,,,,,,,,,,,,,,,,,,,,,,,,,61.30031956869579,,,,,,,,,71.47510922223084,,,,
1891-01-01,,,,,,,,,,,,,,,,,,,,,,,,,,,,,,,,,,,,,67.79065318290102,,,,,,,,,,,,,,,,,,,,,,,,,,,94.22050235517025,,,,,,,,,,,,,,,,,,,,,,,,,,,,,,,,,,,,,,,,,,,,,,,,,,,,,,,,,,,,,,,,,,,,,,,,,,,,,,,,,,,59.009320277598356,,,,,,,,,,,,,,,,,,,,,,,91.59683204055177,,,,,,,,,,,,,,,,,,,,,,,,,,,,,,,,,,,,,,64.6142539933591,,,,,,,,,70.66002621263294,,,,
1892-01-01,,,,,,,,,,,,,,,,,,,,,,,,,,,,,,,,,,,,,68.04080874319504,,,,,,,,,,,,,,,,,,,,,,,,,,,95.59623976979769,,,,,,,,,,,,,,,,,,,,,,,,,,,,,,,,,,,,,,,,,,,,,,,,,,,,,,,,,,,,,,,,,,,,,,,,,,,,,,,,,,,61.915054080507105,,,,,,,,,,,,,,,,,,,,,,,89.63461980457691,,,,,,,,,,,,,,,,,,,,,,,,,,,,,,,,,,,,,,64.86703982414556,,,,,,,,,67.3309515990316,,,,
1893-01-01,,,,,,,,,,,,,,,,,,,,,,,,,,,,,,,,,,,,,65.08423503525616,,,,,,,,,,,,,,,,,,,,,,,,,,,95.21331198406786,,,,,,,,,,,,,,,,,,,,,,,,,,,,,,,,,,,,,,,,,,,,,,,,,,,,,,,,,,,,,,,,,,,,,,,,,,,,,,,,,,,59.44081852544294,,,,,,,,,,,,,,,,,,,,,,,90.23775069828295,,,,,,,,,,,,,,,,,,,,,,,,,,,,,,,,,,,,,,61.88863888847376,,,,,,,,,57.5033016173238,,,,
1894-01-01,,,,,,,,,,,,,,,,,,,,,,,,,,,,,,,,,,,,,67.27266799377725,,,,,,,,,,,,,,,,,,,,,,,,,,,95.25873115196624,,,,,,,,,,,,,,,,,,,,,,,,,,,,,,,,,,,,,,,,,,,,,,,,,,,,,,,,,,,,,,,,,,,,,,,,,,,,,,,,,,,62.92571059799579,,,,,,,,,,,,,,,,,,,,,,,90.16879640385507,,,,,,,,,,,,,,,,,,,,,,,,,,,,,,,,,,,,,,64.09129305093344,,,,,,,,,62.16295843896638,,,,
1895-01-01,,,,,,,,,,,,,,,,,,,,,,,,,,,,,,,,,,,,,68.79036022267091,,,,,,,,,,,,,,,,,,,,,,,,,,,96.27256447192815,,,,,,,,,,,,,,,,,,,,,,,,,,,,,,,,,,,,,,,,,,,,,,,,,,,,,,,,,,,,,,,,,,,,,,,,,,,,,,,,,,,61.98973406148154,,,,,,,,,,,,,,,,,,,,,,,88.430992007494,,,,,,,,,,,,,,,,,,,,,,,,,,,,,,,,,,,,,,65.6253730017068,,,,,,,,,69.21934410586562,,,,
1896-01-01,,,,,,,,,,,,,,,,,,,,,,,,,,,,,,,,,,,,,67.57984443759233,,,,,,,,,,,,,,,,,,,,,,,,,,,96.5085021611051,,,,,,,,,,,,,,,,,,,,,,,,,,,,,,,,,,,,,,,,,,,,,,,,,,,,,,,,,,,,,,,,,,,,,,,,,,,,,,,,,,,60.61531839947267,,,,,,,,,,,,,,,,,,,,,,,87.9611814236131,,,,,,,,,,,,,,,,,,,,,,,,,,,,,,,,,,,,,,64.40134399544337,,,,,,,,,65.99965687918561,,,,
1897-01-01,,,,,,,,,,,,,,,,,,,,,,,,,,,,,,,,,,,,,67.93970221413441,,,,,,,,,,,,,,,,,,,,,,,,,,,95.88112804714754,,,,,,,,,,,,,,,,,,,,,,,,,,,,,,,,,,,,,,,,,,,,,,,,,,,,,,,,,,,,,,,,,,,,,,,,,,,,,,,,,,,61.225097537369976,,,,,,,,,,,,,,,,,,,,,,,89.15115171763853,,,,,,,,,,,,,,,,,,,,,,,,,,,,,,,,,,,,,,64.7648522582476,,,,,,,,,67.44039036112221,,,,
1898-01-01,,,,,,,,,,,,,,,,,,,,,,,,,,,,,,,,,,,,,68.01033737232817,,,,,,,,,,,,,,,,,,,,,,,,,,,96.19615149415645,,,,,,,,,,,,,,,,,,,,,,,,,,,,,,,,,,,,,,,,,,,,,,,,,,,,,,,,,,,,,,,,,,,,,,,,,,,,,,,,,,,63.297902046496056,,,,,,,,,,,,,,,,,,,,,,,88.5771098795207,,,,,,,,,,,,,,,,,,,,,,,,,,,,,,,,,,,,,,64.83624008227535,,,,,,,,,64.7794527177336,,,,
1899-01-01,,,,,,,,,,,,,,,,,,,,,,,,,,,,,,,,,,,,,64.28303139371145,,,,,,,,,,,,,,,,,,,,,,,,,,,94.85820954075163,,,,,,,,,,,,,,,,,,,,,,,,,,,,,,,,,,,,,,,,,,,,,,,,,,,,,,,,,,,,,,,,,,,,,,,,,,,,,,,,,,,56.04244033311452,,,,,,,,,,,,,,,,,,,,,,,90.75494307023766,,,,,,,,,,,,,,,,,,,,,,,,,,,,,,,,,,,,,,61.08488709420501,,,,,,,,,57.26536967400202,,,,
1900-01-01,,,,,,,,,,,,,,,,,,,,,,,,,,,,,,,,,,,,,66.35387152029249,,,,,,,,,,,,,,,,,,,,,,,,,,,93.28412496799788,,,,,,,,,,,,,,,,,,,,,,,,,,,,,,,,,,,,,,,,,,,,,,,,,,,,,,,,,,,,,,,,,,,,,,,,,,,,,,,,,,,57.050728673436325,,,,,,,,,,,,,,,,,,,,,,,92.66688626952167,,,,,,,,,,,,,,,,,,,,,,,,,,,,,,,,,,,,,,63.16520546775688,,,,,,,,,63.15025026542025,,,,
1901-01-01,,,,,,,,,,,,,,,,,,,,,,,,,,,,,,,,,,,,,65.26448470952802,,,,,,,,,,,,,,,,,,,,,,,,,,,92.74359503485648,,,,,,,,,,,,,,,,,,,,,,,,,,,,,,,,,,,,,,,,,,,,,,,,,,,,,,,,,,,,,,,,,,,,,,,,,,,,,,,,,,,52.672161742588194,,,,,,,,,,,,,,,,,,,,,,,93.2107644370155,,,,,,,,,,,,,,,,,,,,,,,,,,,,,,,,,,,,,,62.069654438328634,,,,,,,,,62.5105067820241,,,,
1902-01-01,,,,,,,,,98.14865538939893,,,,83.54374647113093,,,,,,,,,,,,,,,,,,,,,,,,46.738046391147726,,,,,,,,,,,,,,,,,,,,,,,,,,,76.55748709873966,,,,,,,,,,,,,,,,,,,,,,,,,,,,64.62116039487876,,,,,,,,,,,,,,,,,,,,,,,,,,,,,,,,,,,,,,,,,,,,,,,,,,,,,,,38.96789537152541,,,,,,,,,,,,,,,,,,,,,,,80.56585924399027,,,,,,,,,,,,,,,,,,,,,,,,,,,,,,,,,,,,,,43.78852336138106,,,,79.47986836622326,,,,,42.168320926974864,,,,
1903-01-01,,,,,,,,,97.85871002289896,,,,86.8584054809477,,,,,,,,,,,,,,,,,,,,,,,,53.75900591343612,,,,,,,,,,,,,,,,,79.57664869990711,,,,,,,,,,80.35983436986923,,,,,,,,,,,,,,,,,,,,,,,,,,,,76.46222750330156,,,,,,,,,,,,,,,,,,,,,,,,,,,,,,,,,,,,,,,,,,,,,,,,,,,,,,,51.167839738865275,,,,,,,,,,,,,,,,,,,,,,,82.86332697782902,,,,,,,,,,,,,,,,,,,,,,,,,,,,,,,,,,,,,,50.64551748343009,,,,91.26958194004165,,,,,50.11873099808337,,,,
1904-01-01,,,,,,,,,98.33759958291552,,,,83.60958670615959,,,,,,,74.15132280064822,,,,,,,,,,,,,,,,,55.853262387756075,,,,,,,,,,,,,,,,,81.40397337846332,,,,,,,,,,82.90198282820856,,,,,,,,,79.3788821054455,,,,,,,,,,,,,,,,,,,83.30257258453692,,,,,,,,,,,,,,,,,,,,,,,,,,,,,,,,,,,,,,,,,,,,,,,,,,,,,,,55.26316065733461,,,,,,,,,,,,,,,,,,,,,,,80.26426623601937,,,,,,,,,,,,,,,,,,,,,,,,,,,,,,,,,,,,,,52.70662484787434,,,,92.46808400333246,,,,,54.24728674616313,,,,
1905-01-01,,,,,,,,,97.42043414578062,,,,85.98183963545974,,,,,,,76.85061730454254,,,,,,,,,,,,,,,,,57.541938822102814,,,,,,,,,,,,,,,,,82.81873344851718,,,,,,,,,,82.52497536513394,,,,,,,,,68.34077641968128,,,,,,,,,,,,,,,44.37454073685052,,,,83.66538316263656,,,,,,,,,,,,,,,,,,,,,,,,,,,,,,,,,,,,,,,,,,,,,,,89.16683276894524,,,,,,,,57.20662562873322,,,,,,,,,,,,,,,,,,,,,,,80.30856353302347,,,,,,,,,,,,,,,,,,,,,,75.86715652218635,,,,,,,,,,62.11304938924991,,,,,,54.37419105488948,,,,95.78823649348205,,,,,59.94721222392832,,,,
1906-01-01,,,,,,,,,97.25523450831217,,,,82.60466668793181,,,,,,,88.13579110388649,,,,,,,,,,,,,,,,,55.56201608423692,,,,,,,,,,,,,,,,,80.78916821866218,,,,,,,,,,83.55024890736294,,,,,,,,,57.499816771093705,,,,,,,,,,,,,,,42.56893742249187,,,,83.84328917945989,,,,,,,,,,,,,,,,,,,,,,,,,,,,,,,,,,,,,,,,,,,,,,,78.2706688075329,,,,,,,,53.232768978586684,,,,,,,,,,,,,,,,,,,,,,,76.17264605761437,,,,,,,,,,,92.72436382951747,,,,,,,,,,,74.0016175295694,,,,,,,,,,60.117382992359644,,,,,,52.41953255490337,,,,91.81331204697915,,,,,60.252793075831825,,,,
1907-01-01,,,,,,,,,97.57948110608326,,,,82.71697886720617,,,,,,,84.14187845508097,,,,,,,,,,,,,,,,,56.71922145709816,,,,,,,,,,,,,,,,,81.28934065880917,,,,,,,,,,81.25094955949875,,,,,,,,,64.71078526311254,,,,,,,,,,,,,,,43.621220986583786,,,,85.59836240137626,,,,,,,,,,,,,,,,,,,,,,,,,,,,,,,,,,,,,,,,,,,,,,,81.91905645832206,,,,,,,,53.89868712015699,,,,,,,,,,,,,,,,,,,,,,,77.54610549998372,,,,,,,,,,,93.32844639805955,,,,,,,,,,,75.09811874510783,,,,,,,,,,61.285144019083184,,,,,,53.5611196715593,,,,92.46030417464523,,,,,65.78924303045157,,,,
1908-01-01,,,,,,,,,95.18539342209742,,,,70.69352947825513,,,,,,,79.30920361527322,,,,,,,,,,,,,,,,,54.97922841390663,,,,,,,,,,,,,,,,,71.8577260036677,,91.567891391982,,,,,,,,90.78359569659237,,,,,,,,,54.305190734089216,,,,,68.92792524129398,,,,,,,,,,42.04215984337163,,,,76.93570922458784,,,,,,,,,,,,,,,,,,,,,,,,,,,,,,,,,,,,,,,,,,,,,,,88.26876982133946,,,,,,,,49.726211308444626,,62.32150698206653,,,,,,,,,,,,,,,,,,,,,78.99719428509044,,,,,,,,,,,92.40768131400262,,,,,,,,,,76.27922376511927,70.44354145777108,,,,,,,,,,59.52785689162914,,,,,,51.84550284147049,,,,94.36096905774465,,,,,56.600220032890846,,,,
1909-01-01,,,,,,,,,96.06817632393148,,,,66.03298218642348,,,,,,,75.6615173395691,,,,,,,,,,,,,,,,,54.278143149783546,,,,,,,,,,,,,,,,,71.17072981255299,,91.15231964381711,,,,,,,,92.46923701276056,,,,,,,,,53.32024924836016,,,,,71.5268377196094,,,,,,,,,,41.41121484067216,,,,70.07709878614274,,,,,,,,,,,,,,,,,,,,,,,,,,,,,,,,,,,,,,,,,,,,,,,90.33732181636202,,,,,,,,46.55778502562485,,61.60976729416545,,,,,,,,,,,,,,,,,,,,,77.81811732455029,,,,,,,,,,,92.01548857049515,,,,,,,,,,75.6218113247405,69.22832755942319,,,,,,,,,,58.8174186348535,,,,,,51.15573310706212,,,,92.4747549910115,,,,,59.70294091616064,,,,
1910-01-01,,,,,,,,,93.6426108540173,,,,63.64776737012685,,,,,,,76.36326059422456,,,,,,,,,,,,,,,,,52.87717332721289,,,,,82.87010617671703,,,,,,,,,,,,71.05014012911968,,90.28480848970284,,,,,,,,88.45942432539758,,,,,,,,,47.771269074217734,,,,,68.79052819632732,,,,,,,,,,40.15925937275462,,,,72.01789184901459,,,,,,,,62.46440005024545,,,,,,,,,,,,,,,,,,,,,,,,,,,,,,,,,,,,,,,90.84127464739421,,,,,,,,48.30180274615306,,51.21182747675077,,,,,,,,,,,,,,77.55223463074714,,,,,,,76.25954126136415,,,,,,,,,,,91.19441838141954,,,,,,,,,,79.32676279321022,65.15166826529908,,,,,,,,,,57.39373353470012,,,,,,49.779884747247124,,,,97.19862589255945,,,,,61.096048240222764,,,,
1911-01-01,,,,,,,,,94.91393301101473,,,,67.9696684090757,,,,,,,77.28993536821255,,,,,,,,,,,,,,,,,54.192272604457095,,,,,83.95161262049211,,,,,,,,,,,,72.34346618030185,,91.1005747307795,,,,,,,,87.5119481346718,,,,,,,,63.06181204303867,48.97594463828959,,,,,69.04542319237883,,,,,,,,,,41.33414037917342,,,,78.67815277542206,,,,,,,,58.08954802814179,,,,,,,,,,,,,,,,,,55.502281518723585,,,,,,,,,,,,,,,,,,,,,92.84918618855194,,,,,,,,51.23035029400369,,51.13863192888177,,,,,,,,,,,,,,78.7541944730839,,,,,,,77.95760977543524,,,,,,,,,,,91.96660168172608,,,,,,,,,,82.55774177520775,60.38334934878036,,,,,,,,,,58.73030955377712,,,,,,51.07130656391581,,,,97.16111776101611,,,,,62.85509449664117,,,,
1912-01-01,,,,,,,,,93.04264050985088,,,,70.14433000509233,,,,,,,76.98501293713468,,,,,,,,,,,,,,,,,51.94179854597096,,,,,82.07834511249555,,,,,,,,,,,,70.11725584506061,,95.43823662772279,,,,,,,,88.26237297956371,,,,,,,,50.80868048973415,52.00125164215594,,,,,73.0707474448543,,,,,,,,,,39.32980357182214,,,,85.47213402800851,,,,,,,,52.28793927741005,,,,,,,,,,,,,,,,,,53.23764392608552,,,,,,,,,,,,,,,,,,,,,91.18368724534511,,,,,,,,47.74818002046259,,43.71654789042854,,,,,,,,,,,,,,33.81373206231814,,,,,,,77.22848405928482,,,,,,,,,,,90.61797413251485,,,,,,,,,,75.278728578092,50.72790297359813,,,,,,,,,,56.44024822108238,,,,,,48.86311194117239,,,,96.9951170104265,,,,,57.464600594223626,,,,
1913-01-01,,,,,,,,,94.97569349832608,,,,68.70358633508704,,,,,,,77.93762697217069,,,,,,,,,,,,,,,,,50.77459184364277,,,,,78.87037475500277,75.38023596185857,,,,,,,,,,,68.93810422105243,,98.71131666577713,,,,,,,,83.53434567485363,,,,,,,,49.650067634125904,57.414841259282355,,,,,68.50101355946914,,,,,,,,,,38.30181226075354,,,,84.96731438710023,,,,,,,,52.238613344774265,,,,,,,,,,,,,,,,,,36.53488422116629,,,,,,,,,,,,,,,,,,,,,88.69099781702026,,,,,,,,48.646085416348924,,39.01439499488413,,,,,,,,78.08707117384095,,,,,,32.485833396289586,,,,,,,75.38598172624003,,,,,,,,,,,89.86624966085797,,,,,,,,,,69.24365548101522,50.47961119383753,,,,,,,,,,55.247187571559905,,,,,,47.72113168578078,,,,94.73529998878278,,,,,59.383512844001714,,,,
1914-01-01,,,,,,,,,93.57388618761472,,,,67.45232382482882,,,,,,,73.4530189602572,,,,,,,,,95.27053511226553,,,,,,,,47.99053064749164,,,,,76.2369045133207,72.62923946479502,,,,,,,,,,,66.05861733368795,,97.58219900040994,,,,,,,,75.28667299397306,,,,,,,,48.535386662252066,52.64831454134773,,,,,67.37154282437992,,,,,,,,,,35.880395878474744,,,,81.05807756588638,,,,,,,,51.51398998457566,,,,,,,,,,,,,,,,,,38.486543900685355,,,,,,,,,,,,,,,,,,,,,86.48015898666492,,,,,,,,53.886547949475606,,33.21894353596699,,,,,,,,75.42388965871521,,,,,,33.40876648830155,,,,,,,72.47758566156917,,,,,,,,,,,87.92354566354324,,,,,,,,,,66.07021499209449,47.97797547638682,,,,,,,,,,52.38716281248061,,,,,,45.00603930750273,,,,93.33864649679138,,,,,54.094685707222155,,,,
1915-01-01,,,,,,,,,93.82277035770099,,,,69.7577243461524,,,,,,,73.81328290098277,,,,,,,,,95.42476379296926,,,,,,,,48.35032000107099,,,,,76.58599211090788,73.68508749182942,,,,,,,,,,,66.43601838221113,,97.05051488276052,,,,,,,,75.6398993367137,,,,,,,,48.89674146244731,53.019563626771024,,,,,67.74710655092177,,,,,,,,,,36.19094922475705,,,,79.7436768533474,,,,,,,,52.77784305410691,,,,,,,,,,,,,,,,,,38.80995728187908,,,,,,,,,,,,,,,,,,,,,86.75829955885766,,,,,,,,54.260091806240055,,35.37855574574215,,,,,,,,75.09897734280308,,,,,,33.70601229642751,,,,,,,72.84110813898097,,,,,,,,,,,88.18673231751553,,,,,,,,,,66.93553445193112,47.46739417306883,,,,,,,,,,52.7578867117503,,,,,,45.35623062336766,,,,93.44814117178313,,,,,54.46858333001154,,,,
1916-01-01,,,,,,,,,96.12081063326002,,,,73.94347439928815,,,,,,,75.60636268096634,,,,,,,,,92.87865741615539,,,,,,,,50.17672826642503,,,,,71.18874452163217,75.48064810686512,,,,,,,,,,,68.32767992419984,,95.53861673391233,,,,,,,,77.39435667824115,,,,,,,,50.73049532790645,54.89871974563283,,,,,69.62742006371141,,,,,,,,,,37.77823203596151,,,,79.41198195925722,,,,,,,,54.65483552352786,,,,,,,,,,,,,,,,,,40.46063083901118,,,,,,,,,,,,,,,,,,,,,88.11588877212915,,,,,,,,56.14934953155171,,36.537697440942466,,,,,,,,76.86552117205514,,,,,,35.22729583509988,,,,,,,74.65227468617886,,,,,,,,,,,89.46703658802878,,,,,,,,,,72.07217561930904,49.281291574661005,,,,,,,,,,54.63469772612628,,,,,,56.02830413270572,,,,93.7250415881305,,,,,56.359372653801685,,,,
1917-01-01,,,,,,,,,96.52314357415322,,,,70.76878632693433,,,,,,,76.35558020793769,,,,,,,,,90.930823669082,,,,,,,,50.95843856932048,,,,,65.27353255684496,91.22092442058106,,,,,,,,,,,69.12493750608566,,95.188669378932,,,,,,,,78.1255955259566,,,,,,,,51.51503858579935,55.70020467208086,,,,,70.4187955683302,,,,,,,,,,38.46321891292451,,,,82.73247088183483,,,,,,,,55.45554721397661,,,37.84004529483438,,,,,,,,,,,,,,,41.171760996299355,,,,,,,,,,,,,,,,,,,,,88.66962105431784,,,,,,,,56.954361029244225,,38.58345268880276,,,,,,,,85.57202943523198,,,,,,35.8848492194825,,,,,,,75.41000840331377,,,,,,,,,,,89.98706926973551,,,,,,,,,,73.2581359304692,51.63844545525611,,,,,,,,,,55.43534433283179,,,,,,56.833006640411845,,,,95.77753656063098,,,,,57.16490368592267,,,,
1918-01-01,,,,,,,,,96.83801368256687,,,,69.79156162259017,,,,,,,76.81795398850863,,,,,,,,,91.23070444679188,,,,,,,,51.44664397316594,,,,,65.7756339778659,91.51546351579726,,,,,,,,,,,69.61906981990846,,93.7561706590387,,,,,,,,78.57631053687776,,,,,,,,52.00491734007051,56.19989750747698,,,,,70.90894474253773,,,,,,,,,,38.89276124776349,,,,84.34471271904671,,,,,,,,55.95480408463671,,,38.26565283483036,,,,,,,,,,,,,,,41.61732266712621,,,,,,,,,,,,,,,,,,,,,89.00727109733756,,,,,,,,57.45601166647036,,43.825522779832006,,,,,,,,85.95218082200238,,,,,,36.29751301362847,,,,,,,75.87793204858727,,,,,,,,,,,90.30350910866916,,,,,,,,,,72.15557238155938,52.353715101953746,,,,,,,,,,55.934564421697154,,,,,,57.33448826621219,,,,95.85579402761105,,,,,57.66683706976854,,,,
1919-01-01,,,,,,,,,96.39025197254453,,,,71.66839342240613,,,,,,,75.66965669710069,,,,,,,,,95.32588003263412,,,,,,,,54.74113106950003,,,,,62.39023918161799,93.25723735041935,,,,,,,,,,,81.11809114183465,,90.86135985112821,,,,,,,,77.27075037416613,,,,,,,,54.057178542754514,68.76656234966619,,,,,70.84460137044634,,,26.38497779862581,,,,,,,38.83613879559291,,,,82.69418805525302,,,,,,,,70.64109017678145,,,38.20954547218044,,,,,,,,,,,,,,,41.558605092903655,,,,,,,,,,,,,,,,,,,,,85.24105822993947,,,,,,,,58.76182830216483,,53.094479681306716,,,,,,82.52890125545024,,83.78978764125284,,,,,32.81997080875158,36.24310114785114,,,,,,,75.81656759148456,,,,,,,,,,,90.26221656117168,,,,,,,,,,70.92863340220374,52.28910212368287,,,,,,,,,,55.86888265606142,,,,,,40.20499182932582,,,,96.06690311169812,,,,,57.60081300076663,,,,
1920-01-01,,,,,,,,,96.65293102997302,,,,75.79294030139025,,,,,,,83.7559122565263,,,,,,,,,91.0615987360841,,,,,,,,57.7216878615308,,,,,70.497989656703,94.68265546761934,,,,,,,,,,,88.20316606643722,,90.79830399713148,,,,,,76.74324630883888,,76.37843458858072,,,47.34680452293914,,,,,62.138094127605584,72.8149952380339,,,,,71.87427804192237,,,22.995392669357763,,,,,,,41.44849040816225,,,,83.37629276155188,,,,,,,,70.7742683966778,,,40.79927828612633,,,,,,,,,,,,,,,47.72818759466788,,,,,,,,,,,,,,,,,,,,,81.84520146267708,,,,,,,,57.92889781552686,,54.94924285104772,,,,,,84.93177675855506,,86.11155319030773,,,,,35.19102642237543,38.75803865707066,,,,,,,79.25412938808878,,,,,,,,,,,92.03905483058915,,,84.77336937368509,,,,,,,75.05645850271291,63.42969417483943,,,,,,,,,,58.859521947909464,,,,,,42.864701243545355,,,,98.44588206380257,,,,,66.67187360798806,,47.62528554069142,,
1921-01-01,,,,,,,,,97.50051839738754,,,,80.16503936109056,,,,,,,82.74937237492497,,,,,,,,,94.27214785474555,,,,,,,,59.68365200173602,,,,,72.47700543780799,93.31047719757886,,,,,67.23555001362756,,,,,,88.78882420175562,,91.1710752492533,,,,,,78.5929203413189,27.00329067006915,75.97345319098665,,,46.39549143156108,,,,,68.87278300037313,71.04629955068246,,,,,72.8647779706144,,,24.25281726137255,,,,28.38893188420888,,,47.06704035207833,,,,83.95028578337478,,,,,,,,75.64358057023452,,,51.53922927451467,,,,,,,,,,,,,,,49.6765706238102,,,,,,,,,,,,,,,,,,,,,86.16155295804643,,,,,,,,59.021920966503515,,61.852854339628124,,,,,,87.22974724107951,,85.95982366699184,65.6742911119505,62.930654533715405,,,36.86542501426189,40.52667573937272,,,,,,,84.95961579469117,,,,,,,,,,,93.13652951062761,,,86.18662414576481,,,,,,37.41082420994181,72.93000353848191,65.83091950693252,,,,,,,,,,60.9076604226654,,,,,,44.725986273536655,,,,98.37472306854468,,,,,68.96760987083854,,48.87094489003992,,
1922-01-01,,,,,,,,,97.29665475831932,,,31.232913757292735,82.53326087200757,,,,,,,84.65002560346609,,,,,,,,,95.70049598701355,,,,,,,,60.53451742832357,,,,,72.04316761806619,93.73237931552019,,,,,68.07634391661855,,,,,,89.81455494761194,,88.18852366798208,,,,,,79.34569150176512,27.583033808516213,76.6568933144534,,,42.49506262963722,,,,,65.3684445060699,66.83792394021246,,,,,75.26074591904951,,,24.789640104914113,,,,28.989155016437063,,,47.86814672781284,,,,84.79069214882162,,,,,,,,76.99894526216129,,,52.36661910915339,,,,,,,,56.353680856849955,,,,,,,50.49411022740551,,,,,,,,,,,37.32077350481495,,,,,,,,,,83.0867839195234,,38.61362349284557,,,,,,60.16192319108748,,67.37591283189242,,,,,,89.99699188501631,,86.59026123222579,66.82770647934322,64.23979721029487,,,41.56446286579174,41.27365936120214,,,,,,,84.04441793361156,,,,,,,,,,,93.56490947032093,,,89.37980842648406,,,,,,38.1257670773418,76.15323711710333,70.57028537957865,,,,,,,,,,61.759111132399894,,,,,,45.50980773639005,,,,98.42105104559306,,,,,71.57242807210987,,49.67091703773513,,
1923-01-01,,,,,,,,,96.87994183800956,,,26.382705154522057,79.46194179008378,,,,,,,82.54570931215885,,,,,,,,,94.81558361013931,,,,,,,,59.910918352519204,,,,,71.44197144828397,95.63200472052637,,,,,67.46049007031718,,,,,,89.95303050943639,,87.16314170738842,,,,,,78.79497165286973,27.157339980900176,80.99037307489873,,,45.06645337408506,,,,,65.44789574573606,60.725588105972236,,,,,73.0012360909829,,,24.39540502804015,,,,28.346928833543792,,,44.470987696550246,,,,85.96766094816142,,,,,,,,76.37730202644917,,,51.64959634387005,,,,,,,,56.38560511318489,,,,,,44.04943621749348,49.894545140491985,,,,,,,,,,,37.2508008048698,,,,,,,,,,84.40576036993006,,43.555607346512204,,,,,,66.34522718672,,68.34046693251574,,,,,,91.77228805204258,,82.31936057626076,62.258963397857904,61.822989697274025,,,41.10411386431898,45.068306359748746,,,,,,,83.60786916983591,,,,,,,,,,,93.25256397405144,,,89.23834809283845,,,,,,39.8483993213946,74.15813171739927,68.32131841803229,,,,,,,,,,61.13513837478415,,55.70828603154061,,,,44.93480546931683,,,,98.25046195895891,,,,,64.37303229418423,,57.97112950527384,,
1924-01-01,,,,,,,,,97.99825290118336,,28.98614438823084,33.716439122055306,84.89555340990408,,,,,,,76.0719196686334,,,,,,,,,95.66762594646403,,,49.44096420010445,,,,,50.675909951037326,,,,,70.37116266466276,96.39453073150466,,,,,69.50050500620846,,,49.2941507721728,,,88.4617274298291,,86.51198302858124,,,,,,76.2275132807753,28.590301765485048,82.47813794017392,,,39.49353599780846,,,,,67.15256933576599,65.0958345659153,,,,,74.72752452424585,,,25.723719899985685,,,,29.82260934925336,,,46.385993777237225,,,,87.91969844407795,,,,,,65.58190934446885,,76.75508018309465,,,53.672916458815024,,,,,,,,39.76905429225064,,,,,,26.689760118330085,50.742454805351535,,,,,,,,,,,39.00152735372876,,,,,,,,,,85.30877897136284,,45.452780680566306,,,,,,65.48607919468034,,64.25338435341561,,,,,,92.99337181213181,,84.00121142814079,56.451754494745884,63.89576804589201,,,42.19213313505681,51.77135355834515,,,,,,,83.63207520176188,,,,,,,,,,,91.13763523102804,,,88.1040535587736,,,,,,41.664402257191334,89.19158540642462,81.5442510548394,,,,,,,,,,63.208782190963866,,62.06957182285746,,,,55.224962938756896,,,,98.63146754589364,,,,,74.20940946822716,,53.77163188409448,,
1925-01-01,,,,,,,,,98.12422129489559,,28.61405026785917,33.3051896605556,86.16359856686435,,,,,,,75.39071695112449,,,,,,,,,96.69866760904208,,,44.217188412038475,,,,,46.959901084997135,,,,,69.85805323792864,96.66198758694422,,,,,68.98471817695315,,,48.7925042797825,,,90.01238254474569,,88.25474067415966,,,,,,75.74147650316898,28.2217245165604,81.15737402288178,,,41.2448863855726,,,,,63.83202691003736,60.70072829020625,,,,,78.17370435768768,,,25.381719851709338,,,,29.44320563088405,,,45.89654017045647,26.74195632992362,,,85.0751727727924,,,,,,65.05790659306653,,78.14072695763113,,46.19230835009729,53.95881735287196,,,,,,,,38.87892415733152,,,,,,27.197992900963808,50.23558877437655,,,,,,,,,,,38.55284624869408,,,,,,,,,,85.7449870739022,,44.96771335677796,,,,,,63.55989497271577,,61.066541626723804,,,,,,91.59315347230357,,80.21328019769808,55.666271778390694,66.36426861396694,,,43.92529289188567,54.10402241058032,,,,,,,89.65396635886566,,,,,,,,,,,90.82292498046391,,,90.9494901120174,,,,,,41.19943735974418,88.8671153979027,77.87315751058479,,,,,,,,,,62.682651550679715,,57.484746535629824,,,,57.98304532069623,,,,98.29514335345098,,,,,66.91854014200293,,51.73533358005056,,
1926-01-01,,,,,,,,,98.65419301938621,,28.527105039740587,33.20902817363174,89.06016195661496,,,,,,,74.32842550029261,,,,,48.511866139145596,,,,96.65814185610316,,,37.14557432074561,,,,,44.89700791770649,,,,,84.74099208183846,96.6211717834508,,,,,68.86332047725472,,,40.73043363529081,,,88.74499810396185,,88.1172062278468,,,,,,75.62685671925186,28.135606080584175,76.57843225835195,,,41.24702406493537,,,,,60.56372576620663,64.20892325968957,,,,,79.3526832710085,,,25.301845077974725,,,,29.354541486120954,,,45.78186938948796,26.126934433211456,,,85.33523354208683,,,,,,61.64362809349384,,79.41847767908244,,56.19184676226041,53.8373830846107,,,78.31789983416202,,,,,41.100366790734135,,,,,,26.73062583810053,50.11675226346228,,,,,,,,,,,38.447849204195435,,,,,,,,,,82.85187677311592,,44.85408732743432,,,,,,66.81439282099264,,66.20043992479299,,,,,,84.81255211721984,,80.10620398369663,64.55153226656563,65.31812976040572,,,51.384788759282586,53.98250585512838,,,,,,,92.14741604172113,,,,,,,,,,,90.74811652995301,,,91.29182278319881,,,,,,41.09058528777282,85.09432650246127,74.64655420932172,,,,,,,,,,62.55900334636384,,50.23011206131256,,,,60.31704319989921,77.84184080170039,,,99.20836720574947,,,,,66.13584389267444,,49.057296966481836,,
1927-01-01,,,,,,,,,99.10528956778043,,29.039131843555733,33.77496461809449,89.91464826683705,,,,,,,69.96815631195715,,,,,48.063731555511836,,,,96.89105382450678,,,36.0392351171714,,,,,49.72199624544581,,,,,85.64153496860432,96.22337553632762,,,,,69.57346232089824,,,41.36743344071987,,,90.53391873307885,,88.90901721137558,,,,,,76.29613723616254,30.339301922687035,80.09458651547054,,,46.1059737573981,,,,,59.64826922262332,58.904655038705144,,,,,80.53506226984469,,,25.772443607216687,,,,29.876631553607623,,,46.45552303852472,26.608465942845683,33.568957786319054,,85.77435434934448,,,,,,62.3683085432704,,83.33966200794993,,56.91079011975872,59.65452192052108,,,78.9620987452273,,,,,40.457030784362736,,,,,,23.61555416103084,48.89098304642322,,,,,,,,,,,39.065333026276136,,,,,,,,,,83.4653426435276,,40.21481965401619,,,,,,70.11821986169602,,66.69158188303854,,,,,,85.36999698949171,65.85699237664753,77.5123341096831,64.95003949466376,70.34049104477221,,,49.78651120453791,54.695443853087426,,,,,,,90.58091311110124,,,,,,,,,,,91.18174073342247,,,91.00466801352074,,,,,,41.73049859187603,86.85483421020672,73.07276662724288,,,,,,,,,,63.28330567416005,,50.686622764963985,,,,61.041567153095414,78.49088814423324,,,99.53576891406557,,,,,70.78672448330232,,55.06492512703394,,
1928-01-01,,,,,,,,,99.26728749389245,,29.16298909090287,33.911730191559045,90.77945761670026,,,,,,56.383603873855506,71.25151387565867,,,,,48.22836032000664,,,,96.94534993054329,,,36.181539200540946,,,,,49.888724015881145,,,,,83.00840642332183,96.28496033152223,,,,,69.74352216646807,,,41.52112863546513,,,91.61375934306055,,88.91271882429096,,,,,,73.69054683459852,38.51579724031385,79.4844379230684,,,48.32496139689692,,,,,56.26143206363283,60.98413680612404,,,,,84.31528011402247,,,25.88635557072534,,,,30.002901517663496,,,47.861715769456104,26.725004330322875,26.274345543771773,,83.6258340697447,,,,,,68.29866177044222,,88.08564105618359,,57.083624788420416,59.82832109435756,,,71.75513588739332,,,,,43.27755406791714,,,,,,20.226497646219933,50.97055916699888,,,,,,,,,,,39.58498618799779,,,,,,,,,,81.37436415676682,,40.36624849763311,,,,,,69.77843282926929,,67.44307157698053,,,,,,86.98580500362633,66.02987734680907,77.66951509583593,67.00210587603385,79.5734629531381,,,50.36682403064636,54.866932973784174,,,,,,,91.07726903742018,,,,,,,,,,,91.28415352890741,,,83.97807982236716,,,,,,41.8848847423157,86.6343868346554,70.3415992452916,,,,,,,,,,61.64920540363739,,45.4139615398789,,,,60.27318708484837,85.24466006620742,69.00030718907945,,99.33024439868201,,,,,71.45961839656113,,55.89605146173473,,
1929-01-01,,,,,,,,,99.29704796333768,,28.660610888492844,33.3566752958625,91.2830725001554,,,,,47.4336156482423,55.68156346861963,69.06863129195477,,,,,47.55900361541732,,,,96.72020375004881,,,32.61582268613334,,,,,49.21067766367866,,,,,82.42714296115817,96.02998334535604,,,,,69.04959175368232,,,40.89677711602295,,,89.91680016471749,,86.63204403208124,,,,,,73.01698158149334,49.65026785909764,86.69564445564473,,,48.91032564310166,,,,,51.479831678668184,58.637274732218984,,,,,86.89033426836113,,,26.633768521966573,,,,29.490685058633314,,,49.23652546705598,26.252451834749092,25.80751335638851,,84.02204353975267,,,,,,73.96546548358688,,87.70428400281615,,56.379995633414005,59.12045182683836,,,68.38399976532689,,,,,38.713741809480375,,,,,,20.72336753834304,50.28739557550872,,,,,,,,,,,38.976471002886306,,,,,,,,,,76.70841626525221,,39.75119343254029,20.81839366256394,,,,,64.69457801034937,,76.15094321254493,,,,,,91.91434011281522,63.866654718228986,77.02687077619322,66.29934628189658,71.4574908117104,,,51.19594007598431,54.169019811566855,,,,,,,92.73248529621702,,,,,,,,,,,90.86278675873632,,,87.08077432375089,,,,,,41.25769731352922,85.23653269587359,65.2945988983963,,,,,,,,,,41.664876168537226,,44.76159006390932,,,,59.564937098912395,86.76933069154545,68.30357424831281,,98.42771310884733,,,,,65.01477671484008,,59.61798125462181,,
1930-01-01,,,,,,,,,98.48082502462468,,30.741593375589115,34.776246936364984,91.68777082449296,,,,,49.13734885471971,57.46594071195348,70.07510693433161,,,,,44.72087130217175,,,,92.66401751180847,,,32.154412173606396,,,,,50.93745944308863,,,,,82.15479514245575,96.04673735851705,,,,,87.66301884678506,,67.55845690833584,41.89268243582064,,,90.3546479679894,,90.92838872859443,,,,,,74.71733716672324,41.14586637023265,92.32463882187236,,,45.363399215953436,,,,,51.69400271689544,64.98614612150912,,,,,87.59295549550697,,,36.176728019854686,,,,23.680810699801736,,,50.96362016194873,27.46320106219645,29.779797032080978,,83.24164982506777,,,,,,79.25088038286687,,91.90241651674911,,42.258719998234795,76.16671187800121,,,65.94396645343356,,,,,40.61149127253192,,,,,,27.848385596681325,52.026663468057244,,,,,,,,,,,46.08346412883768,,,,,,,,,,75.1137112440817,,41.32162649108197,21.83996183860728,,,,,72.4159908849811,,79.4241927000743,,,,,,88.95817771575426,65.35665342961028,67.33624291316995,73.8183216429347,73.84072744517928,,,58.949510480040225,55.94375448323699,,,,,,,89.88779440344416,,,,,,,,,,,91.91064677620557,,,89.24795810242527,,,,,,42.858471277261245,82.11765512281846,67.41648871864126,,,,,,,,,,43.273504489543235,,46.42506792925477,,,,77.67127739088916,90.8137682053744,70.06626368977776,,98.55040124390538,,,,,60.92078218612522,,68.03514865340314,,
1931-01-01,,,,,,,,,98.35162405083553,,31.439411616985314,35.06399281203176,95.26064756119607,,,,,23.06753629764463,57.82319691596618,70.48104836857152,,,,,45.0505985563075,,,,94.13556716555749,,,41.527022982232396,,,,,51.284541477824376,,,,,82.45206151007551,96.17686592819378,,,,,87.9142990046078,,67.91285963205796,41.882940728564755,,,89.82428328869199,,85.14402321677892,,,,,,75.05313808801888,41.46245636307111,92.60367846738893,,,46.687595552539996,,,,,58.45926708308187,66.98092676239872,,,,,84.31705971796383,,,37.67887793678011,,,,23.90219056328008,,,60.29746975712229,27.70949385744825,30.040176599562386,,87.31890930091507,,,,,,73.74011150784719,,91.68325774829127,,42.57963921134314,76.49672128501808,,,69.84350752398602,,,,,37.81424273256009,,,,,,27.53212411948176,52.376036808658185,,,,,,,,40.902546409460896,,,46.41760261527593,,,,,,,,,,76.74398450085883,,41.63891449401721,22.048348174250453,,,,,72.71994116443499,,78.75674443764447,,,,,,90.2156557834673,65.71381154905009,67.69098235875319,72.89415133288855,73.38282775967491,,,63.44412712148089,56.299419091225204,,,,,,,88.788156741172,,,,,,,,,,,92.1113410096002,,,88.7327716957638,,,,,,43.181634269927194,83.49168563358951,64.65575357949007,,,,,,,,,,57.340889995887046,,45.50178067875701,,,,77.9944552948356,88.74820471954241,70.4159114021655,,98.31666126104281,,,,,61.85936664411664,,61.18163474177693,,
1932-01-01,,,,,,,,,98.46938926336719,,31.542308832603037,35.17425581979343,95.31956036430793,,,,,26.770236328836084,57.95970167178617,70.16788817560949,,,,,45.17680038672126,,,,95.30923010826488,,,48.92209810990611,,,,,51.41728033930961,,,,,82.56503921309347,96.22582841117016,,,,,88.00957886292365,,68.04804637010926,42.00479417822742,,,86.80026411831282,,83.69759808716968,,34.2274125469886,,,,75.74870690297088,41.583682358120114,92.20248641792469,,,43.397560897295925,,,,,62.28420726008017,65.7697191034457,,,,,83.54439957392815,,,33.26575410269521,,,,23.987129742659974,,,57.12307098553657,31.1328110296856,30.14000968054281,,85.32182833152851,,,,,,77.47705926399065,,91.38662283659346,,39.19048791606353,76.62236615039737,,,62.14082079135017,,,,,39.610545644798776,,,,,,29.194650310001858,52.50963243942752,,,,,,,,39.21991196467206,,,46.54547122513718,,,,,,,,,,77.97298259278203,,41.760405222353484,22.12831912799783,,,,,68.76151963070312,,79.23047043908934,,,,,,90.3010897501181,65.85010437567857,67.82630321090629,77.62568921114564,73.21543310904283,,,58.79636705036155,56.435346024251466,,,,,,,86.27219069595648,,,,,,,,,,,92.187231454144,,,88.15785180354551,,,,,,43.30535174031957,80.34896704584426,72.65043328443002,,,,,,,,,,55.439824520723,,44.435400637315325,,,,78.11745014711983,93.4625536259861,70.54921861355848,,97.88431107244287,,,,,72.06155208231777,,62.10086634463779,,
1933-01-01,,,,,,,,,98.68713011347094,,26.268120565808584,41.190909648151134,94.6781917095899,,,,,25.659128631717433,57.868827624322726,68.80596259390128,,,,,45.09277189729139,,,,95.2719232845638,,,42.08938521650993,,,,,51.32890582361262,,,,,82.48986487027346,96.19327955253166,,,,,87.946194105364,,67.95806379115581,46.87079884713311,,,86.99295267600482,,83.10832520075803,,34.155213565564345,,,,75.66415747882378,41.50296367824993,91.68572246495506,,,43.89863768199449,,,,,61.16199458132754,66.86515871054726,,,,,84.38137128212637,,,33.080557316598735,,,,23.93056223606418,,,56.07964686077547,31.064876452471026,30.07352746925873,,85.30511578605557,,,,,,77.39442541586044,,92.79519416553534,,39.11228765014197,76.53874941694222,,,62.04956296417947,,,,,42.02302717244677,,,,,,28.68566850244867,52.42068871026247,,,,,,,,39.14167923607451,,,46.46033428236714,,,,,,,,,,76.3070616730649,,35.71066434543635,22.075059286659926,,,,,69.28872552646,,81.04908927035459,,,,,,90.24426203795825,65.75938216877162,67.73623101340137,74.90037602024981,73.05335174735322,,,67.09487353915611,56.34485477537583,,,,,,,83.78942649654734,,,,,,,,,,,92.13675831951399,,,89.3531296068725,,,,,,43.22297567074691,79.37762883616901,69.46815838600145,,,,,,,,,,58.41587166999809,,44.352008018559275,,,,78.03560002526983,93.41699099334345,70.46049113384181,,97.49925352527742,,,,,76.7578476808627,,61.28103579840416,,
1934-01-01,,,,,,,,,98.03198982694778,,27.5981174235884,41.84567895719431,92.41347985004954,,,,,26.144943483941773,58.60673187984109,66.74903110637143,,,,,45.776632771585746,,,,91.50004235288112,,,47.99509139561901,,,,,52.047382654147725,,,,,83.09599384357,96.01719668839097,,,,,88.45570659046007,,56.102398574632105,47.50778217082112,,,88.05601444798577,,78.24519489552821,,34.743796216793,,,,79.36091435879422,42.160263117856324,94.04606785893236,,,45.419620184921506,,,,,64.67985537852701,72.44816031425016,,,,,89.57481195804674,,,39.94709307328521,,21.424668457126884,,24.39241898130369,,,56.814051666039674,28.125395657611286,30.615835794876745,,86.77743028403206,,,81.84131705941867,,,69.95354083044414,45.080194034495,92.70635693195277,,39.74931546068889,75.7556713230771,,,62.7899490470969,,,,,40.78603361229853,,,,,,31.952122394718828,33.40915195271463,,,,,,,,49.500323650990666,,,65.4118701161917,,,,,,,,,,79.69834914621966,,36.31536987517507,22.510033090759872,,,,,71.423780030107,,82.4587053063169,,,,,,90.70025752428583,66.49481008129258,68.33856318303488,72.42136237008778,64.52344677730567,,,66.9330489255675,57.07986715072195,,,,,,,81.66078872462042,,,,,,,,,,,92.54101646660018,,,95.12039426664145,,,,,,43.34773018933977,81.41068238482512,72.65423658787367,,,,,,,,,,58.481039548131974,,45.03077499554432,,,,74.76166936986503,93.78135204694661,71.17889768908266,,97.56565836750342,,,,,74.61011104777977,,62.987307569316364,,
1935-01-01,,,,,,,,,98.04135801186304,,26.562016206278884,42.544742826267154,90.59856222112535,,,,,26.666500133092907,59.38920005748067,67.39178634817708,,,,,46.50568609715854,,,,91.94709555251075,,,54.38400364732041,,,,,52.81143933389638,,,,,80.79903251082558,96.29919934272766,,,,,79.1124208574273,,52.205252757921514,49.543073708132766,,,88.46343259424125,,79.25747514173051,,35.37379221667932,,,,80.04542377482407,39.87240716409346,93.51279638539178,,,43.71812149202058,,,,,62.88147891291038,75.05138622066254,29.707413238332503,,,,89.20639244743194,,,39.057910851687986,,21.87516900381481,,30.805949898693562,,,57.59344654423053,28.674316731339623,31.490710240980935,,87.64563739109202,,,82.49259126872161,,,69.86930554927899,45.80437457307255,92.83853695013904,,40.06602358365128,76.47842456724995,,,62.695292215590136,,,,,43.8876815318924,,,,,,34.40685075034897,36.14153180784324,,,,,,,,50.25212376459556,,,77.72596918705284,,,,,,,,,,82.01279962361048,,36.96226569840254,22.977607992286273,,,,,72.51235032028458,,82.4699707866122,,,,,,91.17027430054758,69.98577539668405,69.10898569239168,70.66252011556313,66.72595802730915,,,59.676431543295806,57.85981357299139,,,,,,,85.67553010014564,,,,,,,,,,,92.95586043598631,,,95.13803861609105,,,,,,43.84600822913338,82.61354329653177,75.84196033599255,,,,,,,,,,59.88851533834243,,45.75460248054885,,,,71.2901096175153,94.55508839454157,71.93550744510704,,98.00148435750074,,,,,76.6422056558567,,69.23014294425333,,
1936-01-01,,,,,,,,,97.80843507816382,,27.04368819813252,62.34074110719276,90.57172801358149,,,,,27.149509500659864,60.10495963947251,66.32335425493115,,,,,47.17616254458413,,,,91.37987136168712,,,53.87698454748122,,,,,53.51236546296227,,,,,83.50445146094022,96.54542778703834,,,,,79.74098047273564,,52.903916300435206,50.2081647796121,,,90.304500261297,,82.00356286752276,,35.95548887977094,,,,79.0064506235246,40.49514728113248,90.88490802603792,,,43.22323284639267,,,,,64.87228967514696,73.46342811550576,27.25975586266879,,,,88.79982139150164,,,41.62379215817704,,22.29306911950768,,31.339018637843076,,,58.30697873125019,29.182318675315265,32.03151118618551,,87.29362590456647,,,83.07917191723568,,,76.42733119236627,46.47054539895906,93.18574805473236,,40.07946719372908,77.13293234113557,,,63.41133602617774,,,,,46.98700522405548,,,,,,34.46725242019263,36.91907063938791,,,,,,,,50.94251899666516,,,78.36886966040143,,,,,,,,,,85.24672263928166,,23.274199297836727,23.411178741249827,,,,,72.76205459188434,,78.88782355676605,,,,,,91.58812232055665,72.58554615886783,69.81015514392968,70.39904948826012,67.15463981421593,,,61.96425177527225,58.57376531236851,,,,,,,87.22462766403578,,,,,,,,,,,93.3230046918269,,,94.56041426582043,,,,,,46.09691042801297,83.45517202225477,75.2524457249777,,,,,,,,,,60.96614801164828,,47.62092784655958,,,,71.98106764518772,94.86953027020782,72.62289434468823,,98.17639382863054,,,,,82.72567973213039,,70.80452458060749,,
1937-01-01,,,,,,,,,98.89179341806178,,29.30421459784641,62.9631014932595,87.69502884341178,,,,,27.574164392952994,60.727268568933866,68.83424158167395,,,,,47.761932088240485,,,,95.69478089783713,,,56.82049491454979,,,,,54.12336405258693,,,,,86.60896627128389,96.75058387148553,,,,,80.28142255490968,,53.51307956299243,49.2846850367444,,,85.50565887424662,,81.94013360719914,,36.46553308827074,,,,79.55398206977875,40.640542084521044,93.88614742815452,,,48.81300000843375,,,,,60.024586692753324,73.46217075954803,27.68561799912583,,,,91.08481671868455,,,42.17685258947702,,22.661033068136284,,31.807086636850613,,,47.8446111544622,29.62866967397143,32.90766442534125,,90.90527309570963,,,83.58202505907961,,,78.41800050874956,47.05269214695007,93.85991992551843,,40.62175350863919,77.69680253892382,,,65.80001767642656,,,,,55.49962356153222,,,,,,29.892094446666828,41.192755041954875,,,,,,,,51.54490101127522,,,81.24420421268535,,,,,,,,,,82.92947335671182,,23.654173706316183,23.792807343064617,,,,,71.37908978606285,,76.94397365208204,,,,,,86.48195696362943,80.05604866476568,70.41697478186633,74.73931454744134,70.49163096442199,,,64.40052187097365,59.19489588575091,,,,,,,88.39328761338383,,,,,,,,,,,93.63273548842402,,,93.8779196538147,,,,,,56.39326324123222,79.57469622576478,76.09604669604256,,,,,,,,,,63.676499209518255,,48.69951241418972,,,,69.4543822077855,94.3588428495786,73.21683499236383,,93.60540745883554,,,,,85.6414879781384,,69.22560398439667,,
1938-01-01,,,,,,,,,98.99043515631189,,36.3165602003233,61.49823651065282,88.08838250566114,,,,,27.963124244517388,61.29159504421337,68.40561299663894,,,,,61.320850601626134,,,,93.8120571328519,,,53.69096033997292,,,,,54.67873007033472,,,,,87.0189978505829,96.92958195538962,63.428974187695616,,,,87.37699052693979,,50.72900393681812,53.36278787063718,,,87.74651505419033,,79.91147561588001,,34.33728624717109,,,63.729476765457505,80.04580093239232,43.98040395128289,94.43809733576546,,,49.086461023066455,,,,,57.99807541067092,75.51078108966222,28.07567184339893,,,,87.97953739625198,,,43.41946535523522,39.30400583825177,22.998520595327022,,32.235320172129754,,,45.19479865547636,35.990751693619394,33.34534411510681,,92.76969671305888,,63.93840012270691,63.722582956218446,,,78.63561856481577,38.43646665789109,95.2995654743518,,33.76489979787587,78.20393783294774,,,66.25024369670783,,,,,56.67847672066326,,,,,,31.491551038359255,43.5050156305719,,,,,,,,52.09289519104245,,,82.62925456787855,,,,,,,,,,81.89978133215845,,24.002581212869256,24.142718254377836,,,,,68.14848226985237,,81.66782651683758,,,,35.60095982969798,,86.89385544361406,86.89475063211405,70.964976891057,77.06336320874027,75.48738278594011,,,61.53827324305372,59.75847475101554,,,,,,,91.6513620226297,,,,,,,,,,,93.90605559746432,,,93.62460460053487,,19.88308365239606,31.385900501898945,,,52.06323328227034,80.3071287003007,80.44168602690426,,,,,,,,,,63.71426705445351,,49.23700787591477,,,,70.00578245690878,94.66211835258459,73.75243384674144,,93.84050550389414,,,55.65766004188279,,86.91119395925814,,70.30291859309168,,
1939-01-01,,,,,,,,,99.07732342828051,,37.05099178056002,62.387822134392,88.90911120754673,,,,,28.583953912447658,62.18120994061809,69.14309276515742,,,,,62.21046286060812,,,,93.59646004907911,,,56.197932921247705,,,,,55.55676752648324,,,,,84.69733999353775,95.40209401445966,64.31706876841834,,,,88.00207712684467,,53.39193973393952,54.23577216388773,,,88.59384102071813,,83.62482167373085,,39.20222031256637,,,58.78261052533469,80.81198114702346,44.79322681471126,95.05745957312625,,,49.106330960581865,,,,,55.14433796615583,79.02689172013115,28.698224362213153,,,,88.74408681735486,,,44.22741352789156,40.071989888120996,23.53809221022821,,32.91786646718131,,,46.01769605360566,38.460407089547964,34.04268851792145,,91.95996843638288,,64.82572694587954,64.61025445821427,,,81.36641168617956,39.19509658081337,94.492936092417,,34.46770422894424,83.28773164428904,,,68.1969406975693,,,,,56.38797900858863,,,,,,32.567840802903866,46.474409957119036,,,,,,,,47.954318174554935,,,83.35387634618054,,,,,,,,,,82.12266089727962,,24.55942197305989,24.70193535291072,,,,,69.26304274691523,,78.40183354205824,,,,31.78937057053336,,87.47898608126967,90.94789587804758,71.82440608534728,77.08974393379741,74.96916451034568,,,64.47149870172638,60.64754103322747,,,,,,,91.45519209773971,,,,,,,63.41794167461416,,,,94.32248449288568,,,94.05253888967434,,20.36632475168029,32.05677790673249,,,52.93037854414897,83.81138918210426,83.15089896963084,,,,,,,,,,64.60195126511951,,50.0886215178624,,,,70.87104221206233,94.57835844729186,74.59090313573394,,95.32724495177149,,,56.53888451295035,,87.0378576461,,70.3348198188954,,
1940-01-01,,,,,,,,,99.3431724878501,,37.56149886875866,62.999906504792236,89.31358415495914,,,,,29.016751159808642,62.79337700879817,72.22940710167143,,,,,62.822619274937416,,,,92.27133513527323,,,55.74705136678322,,,,,56.16281182074865,,,,,86.12371183422114,91.78112747678573,64.92752916940691,,,,88.42316806688693,75.97412087661708,52.60346470360042,54.8386676862096,,,89.00421594041737,,84.20965668557696,,39.7292044076252,,,59.39370913712176,81.33267481443166,45.35666137437232,95.3112095314118,,,49.01611357807224,,,,,54.11817829502652,79.56863156935428,29.132205720350214,,,,89.44348768995441,,,44.78758599841003,40.60525347288282,23.914896033401156,,33.39298438473824,,,46.58785391830542,38.981861015119065,34.527920172129015,,91.63699836210812,,65.43549731128182,65.22033071598099,,,81.88112074719773,44.16384873034966,93.98073789630398,,34.956663697150425,88.34059896781848,,,68.34545936094956,,,,,53.94629020890391,45.54510684627099,,,,,36.256707683620434,50.85600454168602,,,,,,,,48.53415810605487,,,83.84503395993819,,,,,,,,,,78.5424142992187,,24.94814761733386,25.092300645311273,,,,,69.8618724020125,,78.94583029046186,,,,32.25398087187033,,87.45659834683795,91.31062705534579,73.82069679540209,77.64469991642746,75.59196568496805,33.15676827386555,,66.36228978135318,61.25978569824859,,,,,,,91.80646912534041,,,,,,,70.64453784014306,,,,94.59888366482613,,,94.33684687618978,,20.704168864856133,32.52391071615301,,,53.52956723706954,84.46106553459933,81.90571009745437,,,,,,,,,,65.21203890982082,,50.677752781835906,,,,71.46358747422504,95.04410029006387,75.16366746147895,,95.8089874371625,,,57.14686898574266,,87.47545293708974,,73.4054294776999,,
1941-01-01,52.26571354286356,,,,,,,,99.36494228827794,,37.56087623026673,63.69076469618265,89.76103781223296,,,,,29.51091844007221,63.484390882734274,72.89123813565219,,,,,63.51361231448469,,,,92.64549470978852,,,56.43205900484804,,,,,56.84875629913297,,,,,87.1551394182204,92.1686604232355,65.61595890048748,,,,85.03682472680671,76.61604896257245,53.27916979863181,56.132099141114125,,,89.4584156743127,,85.54630048805694,,40.32898073938298,,,55.243782270036036,81.91398482663276,53.972063036567874,95.58789467325455,,,49.676592275280996,,,,,53.55167808571959,80.17050002882364,29.627708015195342,,,,91.78179227950852,,,45.424121068852955,41.212012368633374,21.690234655132244,,33.93476773217192,,,47.235356165946705,39.57547959286343,35.08104865800053,,90.71189580693107,,66.69040790885231,65.90823430470192,62.71287669310011,,82.45547405821155,44.79632131948581,94.30356072649732,,35.5139699952873,88.8087597831145,,,74.4537331215413,,,,,54.62644263069152,46.18639462006955,,,,,36.826318649494105,51.52489155496966,,,,,,,,52.27795999607612,,,84.39209266754123,,,,,,,,,,79.15503897242218,,25.39253350036015,17.800642640922415,,,,,70.53554592432127,,79.55432801245628,,,,36.83235837866108,,87.94233749870831,91.11240843132845,74.47266106713191,78.26605093137046,75.86872361444559,33.696138239844295,,66.57140696522535,61.95134096792063,,,,,,,92.19332394341416,,,,,,,65.72891124465208,,,,94.90104502946572,,,94.47633682508373,,21.090888341064996,33.05672655628398,,,54.20841418428173,85.3014050260827,82.72092461512555,,,,,,,,,,65.89995797964836,,51.34587985979915,,,,72.12961052271147,92.68414091583426,75.80603398904572,,97.5050957909032,,,57.8347503863758,,87.96082876791813,,74.44392925015472,,
1942-01-01,51.816807451638084,,,,,,,,99.33563986028773,,39.047409147751,63.22956017347909,89.4633933389591,,,,,31.40228623635648,63.02307504355549,72.44977262472503,,,,,63.05231142764514,,,,94.43261841118556,,,55.54515513850078,,,,,56.39060634328415,,,,,81.83328760499181,87.69292357658625,65.15644609859092,,,,84.67917170386082,76.95001230803442,51.72391684339732,54.58640613557855,,,89.15625787050423,,83.98262232632229,,39.92799029756895,,,55.143430338556776,81.5266675280333,53.519081346884015,95.40432270343787,,,44.03440608586985,,,,,53.09963196610361,77.69654910442573,29.29624539522426,,,,92.70092454408628,,,44.99867470037776,40.80637303027119,21.42582093234614,,33.572426800104985,,,46.80262441694252,39.17858991412657,34.711142337550285,,89.70178665772517,,66.23236696494217,65.44908370426089,62.25126190651278,,82.07282462703827,44.37357524834158,95.19053701511524,,35.14127820859846,94.2040277840309,,,76.75693479460759,,,,,59.770936614308326,45.757790226907424,,,,,36.445424574969735,51.077982199538475,,,,,,,,51.829022042916016,,,84.02774810663698,,44.46756086626698,,,,,,,,78.7466948287557,,25.09519932098423,17.57399970094029,,,,,70.08607676029696,,79.14875660235096,,,,36.451427397360966,,89.39643149191502,87.86201951043665,74.03784976412264,77.85184197296554,77.60145881570723,36.61964363652002,,64.31639888506469,61.48960992591017,,,,,,,91.93619789990389,,,,,,,59.45918572621969,,,,94.70047690868059,,,93.69544605041676,,20.832079079667942,32.70036673107622,,,53.7549263773266,86.23759263554777,82.45235304068864,,,,,,,,,,63.636086458334006,,50.89947335604925,,,,71.68531452468238,90.74465855718366,75.37768760303688,,98.21225449514594,,,57.37533739619849,,87.63780586358727,,74.00898741937179,,
1943-01-01,51.95420026941386,,,,,,,,99.28820483867172,,41.810886494655875,63.37087268076467,89.55504684334117,,,,,31.508368185733016,63.1644184963853,72.58519155300769,,,,,63.19365074588663,,,,94.49644607385382,,,56.065545152253435,,,,,56.53088625885694,,,,,81.95149350539023,87.79210760821495,65.29727045088947,,,,68.29263986528618,76.33536007077774,51.861234016585954,53.11185035538835,,,89.24929011709449,,84.27620502309381,,40.05060016589018,,,55.28308888400662,81.64566366723965,55.009982712986314,95.46105354228345,,,44.16324960897868,,,,,53.9254844578148,77.82401216876434,29.397516027437366,,,,92.77582366236203,,,45.12881369811993,40.930412699089416,21.506559132804803,,52.98662165137487,,,43.06230685111221,39.29993899995626,34.82420350918844,,88.95711947937536,,66.37275771646192,65.58980176817187,62.39268526692403,,82.19040064090255,44.50288183966749,95.24889348415219,,35.25519437805207,94.26942359408108,,,77.93479576010398,,,,,59.912244741422114,45.88890318732153,,,,,36.56185911370824,51.21475515411931,,,,,,,,51.96642475836348,,,84.13975110123583,,44.596994357667405,,,,,,,,78.87208163273273,,25.186014719085147,21.2913624199203,,,,,70.2239061748245,,79.27330137896861,,,,36.56787327010391,,89.83395359341588,87.96052615646609,74.1712586293391,77.97900898790589,77.72910131114631,36.73640615780962,,63.9709496435078,61.631057572571166,,,,,,,92.01546347086087,,,,,,,61.11663323752683,,,,94.76242036208819,,,93.76420746583119,,20.911102385008796,32.80927130400253,,,57.783845597894334,86.9965183030888,81.81825817830901,,,,,,,,,,63.77732610521172,,51.03609032213568,,,,71.82158704244188,90.11739343558531,75.50914025065654,,98.22683570533344,,,57.516017165327035,,87.7372088880416,,74.14243575088962,,
1944-01-01,52.030863406333985,,,,,,,,99.29709718301781,,42.041349948762964,63.44966332527071,89.60597466954042,,,,,28.965426475330947,63.243227605514264,72.1235684423966,,,,,63.272457378658565,,,,96.31273682364852,,,56.14367843644417,,,,,56.60913817311992,,,,,82.01727493084675,87.84724402213914,65.37577735955209,,,,68.37028732329965,78.11176922689576,51.93785536945648,56.17007217844594,,,89.30098827448617,,84.33827719169477,,40.119059740874796,,,55.36100037385727,81.71188788079853,55.08781025727767,95.49249837758656,,,44.23517407731974,,,,,54.002945712539315,78.38574179048211,29.454091366422862,,,,92.81739745959499,,,45.201457531534764,40.999667420895115,21.55168201002009,,53.063723844724706,,,44.099537676565895,35.389583650186076,34.887348461689186,,89.00953728603172,,66.4510162114379,65.6682476184327,62.47154340500618,,82.2558291661381,44.57506348011536,95.28124398206185,,35.31881546028731,94.30569729619987,,,79.45493901623011,,,,,59.99105247102439,45.96208763961981,,,,,36.62688236151577,51.29107576343061,,,,,,,,52.043093362137995,,,84.20205865538927,,44.669246467497224,,,,,,,,78.94188897506424,,25.23675994925737,21.336140956380678,,,,,70.30071164636757,,79.342636347217,,,,36.63290282747915,,89.88416290609891,88.01528388410148,74.245572309161,78.04981533967293,77.80017456996757,36.80161198789263,,64.04967363666339,61.709933590899645,,,,,,,92.05947385183812,,,,,,,59.74501860669869,,,,94.79676968133877,,,93.80235773021866,,20.95526821666599,32.87010096695047,,,54.4358941489939,87.05338187934136,81.88423373397364,,,,,,,,,,65.34935174613152,,51.11232469063061,,,,71.89751365757273,89.11609600180091,75.58235377535361,,97.16383856358676,,,59.82176693178123,,87.79246773297746,,74.21677163777338,,
1945-01-01,51.872482087837255,,,,,,,,98.32351021004368,,43.688538577286806,63.286839676423256,88.39448984113307,,,,,28.849927293142997,63.08036675440265,70.1819674719388,,,,,61.11909487322193,,,,97.70714317343419,,,55.98224425376874,,,,,56.447457040972495,,,,,86.02146554379183,87.73317253024078,59.60085510750659,,,,68.20980209150541,77.96550690332602,51.77956070912675,54.47922664176463,,,89.19401556004264,,84.95320233068668,,39.97766206156035,,,56.74522760048071,81.5749356299758,54.927011877327935,92.96923268146074,,,43.862451002489344,,,,,52.185108387270574,78.18278914884802,29.337263731080565,,,,92.73133607356748,,,45.05140211058931,40.85662491793543,21.45851787338451,,52.904431687368984,,,39.08324990168983,35.258031701217384,34.75694104507356,,90.41131200965621,,66.28927789283578,65.5061259579307,62.30858476655094,,82.12051817354794,44.425964718228336,94.87212186260211,,35.187423642218526,94.23058765314266,,,78.42980730984586,,,,,55.40052747589552,45.81091309440259,,,,,41.29626916360405,55.13112948356569,,,,,,,,51.884700705357666,,,84.07318648424355,,44.520001852763144,,,,,,,,78.79754778520986,,25.131979924454694,21.243688167672346,,,,,70.3290521228172,,72.11432498791049,,,,36.498598770599735,,92.18949389244256,87.90199417164402,74.09194507252333,77.90341473437795,78.2839188407607,36.666943436984155,,63.11259337730999,61.54694142746462,,,,,,,91.96837875967636,,,,,,,59.582221257506696,,,,94.72563726233643,,,93.27566284517488,,20.864081151397617,32.74447997664388,,,59.67869931442442,89.91311273294924,84.70308628780133,,,,,49.454688421744244,,,,,65.18709454121563,,50.95483245154164,,,,71.74056607140852,92.77149586686986,75.43099259864942,,95.41273450526451,,,59.65895451272309,,88.91682376819591,,74.06309866894752,,
1946-01-01,52.58508913800735,60.53365302075835,,,,,,,98.75792736072066,,48.617401477852425,64.01799608304349,86.62958376170768,,,,,29.371250588099507,63.811719392081656,74.71326754474875,,,,,60.44181215856514,,,,97.68501950816044,,,55.96251327185935,,,,,57.17437555598806,,,,,87.15537557964666,88.24145341097687,61.82169286962507,,,,67.00963819723043,78.61994515609216,52.49178810963537,62.496514451749086,,,86.93082456490237,,88.23410084588699,,40.61494495821796,,,57.47277171249736,82.18694662125205,51.33051071692811,96.29881419902263,,,44.530079098661815,,,,,47.37225896711838,82.4474818700911,29.864549644468052,,,,93.11331635223952,,,45.727230354752955,41.50124398120736,21.879440258034364,,49.60049623228808,,,38.636851333894576,35.85131363891654,47.67746270237251,,91.50396528663858,42.9713496134619,67.01512189168821,66.23380834373023,63.040484392411614,,83.02001556462237,45.09754373657372,94.95387808891302,,35.77998893144556,94.56336120644538,,,80.45683727876101,,,,,56.12494365610343,46.49170800269656,,,,,41.944455181470786,51.06965876754559,,,,,,,,52.597357419963984,,,84.64849498949857,,45.19222890977461,35.04457266387906,,,,,,,79.91876287519186,,25.605151391293024,20.025821681091426,,,,,68.9778611732647,,72.38180934264666,,,,49.205770647229855,,92.6010706251491,88.406740750216,74.78011641641751,78.55848463370914,80.50699785587624,16.066389119256662,,64.69191844805057,62.27909620724428,,,,,,,87.89436162352213,,,,,,,60.31376238230091,,,,95.04056579986685,,,92.4954616516503,,21.276104298659337,33.311201210138506,,,50.84729409716855,91.82413565281986,83.20344970946174,,,,,49.86818670585217,,,,,65.91543274141517,,51.66353937941075,,,,72.44403829388284,92.28331231570914,76.10876156835862,,95.56274278079407,,,55.86179206679196,,89.41459638948963,,74.62131390740012,75.51940894643361,52.358967648451205
1947-01-01,53.93190174155124,53.60231628792875,,,,,,,99.36365631756217,,50.13930839365814,72.50037543497415,89.29649443858231,,,,,30.368359326695572,65.18400023181543,74.12523355301816,,,,,62.20790066398605,,,,98.06385869464961,,,55.17044266392992,,,,,58.5444437540874,,,,,87.25057745435116,89.16752212487613,60.860055192848094,,,,68.3683184566406,79.83125270665923,55.096517917140545,66.21792553750714,,,89.50319171156659,,84.8468732278002,49.4330625616387,41.827156570103185,,,55.30300379412181,83.3143563584502,52.66809661578276,97.16807378736064,,,46.122587443740315,,76.84607150861436,,,52.25903279024264,86.58875030840314,21.770323463625996,,,,93.79903157773313,,,47.00937850525305,42.72686086176465,22.68746834422377,,50.923414307563334,,,41.711926367609365,36.982496792252185,48.98148876713153,,93.56855091085514,43.4839335382055,68.37376997046907,67.59672927706617,55.66074743737277,,83.01287741338089,46.37205323986531,94.4475468597738,,34.0859976316324,95.15667033091162,,,81.95043169765074,,,,,59.1404607868554,47.78275448139412,,,,,41.20179098060277,49.48343353240161,,59.94060942823105,,,,,,53.94425431203447,,68.14896228076964,88.71920750258508,,46.46790479044229,36.16055242944355,,,,,,,81.97510672188189,,30.118652701572234,20.781311899281164,,,,,81.7248297020175,,72.0321444012827,,,,50.5250310866991,,92.43503608539557,89.16175575588157,76.059318554644,75.36931182312698,78.776156999794,17.92632527045791,,67.53610751697043,63.65438220319655,,,,,,,87.01416970454213,,,,,,,61.689743226338734,,,,80.48100844219205,,,90.94476884858858,,22.067287884319875,34.39307894006451,,,54.93447452210178,93.97388437308042,83.81010598336945,,,,,52.99030672630452,,,,,62.983516699099475,,57.7866376936061,,,,62.07178782884017,92.27371514568836,77.36686518512498,,96.4136238478075,,,57.598959347257896,,87.31065905294031,,79.69026796135675,72.11246334002422,58.635325288601294
1948-01-01,54.27563044303507,62.35422731316487,,,,,,,99.39942695686211,,50.475666039532996,77.93576022780857,88.3695934390164,,,,,30.625364742566298,65.53212455038005,76.75425461129899,,,,,62.55761102661723,,,,97.91385951483235,,,60.922245238440965,,,,,58.89330414512515,,,,,87.49942080148182,89.39670038783791,61.20980070556834,,,,69.19917031386149,80.13504300704281,52.54296675998005,62.75215720592185,,,85.68132413635861,60.04993188033754,86.50703241481182,50.35661285032764,29.43341405906239,,,55.648710168288076,81.68695032947197,50.905480489100064,98.44781380606285,,,46.356524142245036,,76.60500517054075,,,54.74575525840648,87.19887017168575,21.38060832306985,,,,93.96659613602152,,,46.27165916483106,43.04121347565714,38.183947138621235,,52.791678104126746,,,39.6158242854147,33.22137887207912,49.315057435185416,,93.51505607627911,47.510865598405296,68.71773861877209,67.94195583169301,55.34955187844617,,80.91680049053431,45.8892208612123,93.71143565061067,,38.67931365956523,95.30080504620548,,,82.97770116308017,,,,,53.950126881187785,48.11317760818057,,,,,46.5180163161517,49.818241587886206,,56.482690369832,,,,,,60.794331354538464,,72.21018430675275,88.95323672955334,,46.794580476188486,36.44754489372346,,,,,,,83.16960116877044,,25.86450077277841,20.976779035694904,,,,,79.88995602637881,,75.78399881054874,,,,56.63909801992122,,92.62328145967604,89.39099745019692,76.38129168946028,68.59281296698545,79.84745596332725,18.100525539275903,,63.440667912226665,64.00358685968158,,,,,,,87.23060530973294,,,,,,,62.03951612747451,,,,80.78108500990419,,,91.07282339415372,,22.27188335118887,34.67149537255754,,,55.9887581453524,92.49693885038049,82.71070286990496,,,,,51.362240598284274,,,,,65.40802864538382,,61.06937988840029,,,,54.925922507482895,92.73623607395069,77.68315578930354,,96.76195012270514,,,57.947125626271735,,86.98001202659069,,80.2369485432309,66.02255269253541,68.4541503522835
1949-01-01,54.46259328625273,60.96564687504205,,,,,,,99.4182348990646,,49.32716922887216,78.10632858299412,87.69247917843406,,,,,30.765595079387587,65.72111653346053,81.1189693752982,,,,,67.89930814188287,,,,99.11160261010238,,,62.453004499361,,,,,59.082919807336154,,,,,84.47449188978077,87.88802444115441,58.13662202876528,,,,69.38529885155316,80.29936793611739,48.85996554331607,63.59238303845798,39.61302817121914,,84.54964163308487,60.23983075244041,85.26590825192521,45.00050660549574,29.569953384323313,29.575282675173252,,59.535868784709265,78.97859898176632,51.22066157261762,98.10816938842866,,,45.42865445943492,,81.92988291001699,,,58.28163424603397,82.95324354572283,22.98147947266641,,,,94.05648768773887,,,50.849927706797615,43.212466987096235,38.34469627730526,,52.97729415793848,,,39.779891936333215,43.202964251416276,49.496625236679726,,94.37696535116524,47.53918029304896,68.90435452616379,68.12928455451404,55.53734254633651,,77.82431025336149,41.723174673784534,95.1874894994327,,43.17411795919841,95.37798262486965,,,79.45914315030602,,,,,53.797936399864724,48.29306338076071,,,,,48.03926910181213,57.01157350969588,41.329117699404286,54.87882169340161,,,,,,62.609840299042816,,74.11523500455877,85.62971044696414,,46.97245829325778,36.60402457169896,,,,,,,83.76002724676205,,25.989248939259525,21.083560153658365,,67.91315537510975,,,70.10120155448321,,74.9186966638483,,,,56.68368121633207,,93.7123170978704,91.57107477575468,76.55565107871661,67.46431049358297,79.99775827722286,16.387302254313084,,65.64651152731354,64.19322017171116,,,,,,,94.39303338408519,,,,54.44390730307862,,,62.229525599467394,,,,80.94336557434009,65.1133080634813,,92.30310086838752,,22.38363272786943,34.823332565349475,,,54.15886961034235,91.38437803359774,80.92865599107205,25.837629262319194,,,,57.2445531948689,,,,,61.129034482786395,,72.52537658515905,,,,59.53457333549936,92.83647644015498,77.85437391323794,,91.49310064905696,,,58.13639331578968,50.40865891330897,85.0326723789115,,83.33766042691289,66.21127204276915,68.64101841916093
1950-01-01,44.507754525550695,54.97697642572837,,,,,,,99.37508634652113,,49.13699670676978,83.750847086947,90.42738889810313,,,,,30.618540252845428,65.52290982250943,84.7836324526026,,,,,63.137020992241055,,,,98.37047139026592,,,62.076850397629336,,,,,58.88406305377849,,,,,83.77501879586373,87.74870871823475,57.93813063383067,,,,69.19009269552859,79.50046564141601,48.67046843179404,61.85378433973714,39.44136744244948,,84.07358206439409,60.203241638295204,81.28640716708428,44.81743627672699,29.426769557066024,29.432081307422507,,59.33687577093767,77.78159607345104,52.50299490410504,96.8653481098742,,,45.24479779477964,,81.76317069286367,,,60.492742264799325,82.21316089086477,22.861950636237125,,,,93.58855997388237,62.39156615607024,,51.403772463093,43.032874390211596,38.295697152956286,,51.30185728795731,,,38.38218088649121,42.64553641449995,49.306213321739946,,94.55139320183414,47.35171367061442,68.70863757634336,67.93282057400994,55.31421479113605,,75.81294043059053,47.79289983866196,94.61774393746585,,43.33220676675082,95.29702283806975,,,77.29954789531061,,,,,53.60246638918882,48.104415969513624,,,,,47.85101274568683,58.31795378162317,41.15352186450805,48.81982707591529,,,,,,62.410604654875,,79.44779075061594,81.1317180093966,,46.78591721879087,36.43992758167425,,,,,,,77.83214638682684,,25.858431059153897,20.971584702764478,,65.94778249686676,,,69.16099562827179,,73.19513731469837,,,,56.48595919024362,,93.50540213836864,91.45585424857977,76.37278255434964,66.18613705682212,79.0578471686297,16.295491857605082,,68.38740182187581,63.99434185193573,,,,,,,95.00900190913744,,42.843950212026684,,54.2478513729467,,,62.0302540007579,,,,78.09548472913673,66.479093757189,,90.904535391563,,22.26644700706173,34.66410465705029,,,52.37538898010632,91.6537736208355,83.24535186592531,25.7073606566111,,48.160524897850706,,63.66853228093519,,,,,64.92962697504736,,68.83224599720764,,,,66.63133380861836,91.29298456401874,77.67479879963487,,95.66573092575517,,,57.93790202222575,50.21700993687141,82.35918493164995,,89.7070295519181,65.06440209823485,55.32868923861385
1951-01-01,50.55565617236204,56.2105157522625,,,,,,,99.40392745569346,,50.33184159887827,84.73426786895585,93.27846628667862,,,,,36.684282707216084,66.7617409505438,82.25836315387785,,,,,64.38261334472743,,,,98.61080428411762,,,63.32387530849732,,,,,60.12984865155491,,,,,84.75778748636141,88.60776352106879,59.18200568684746,,,,67.31478415016964,80.58273145808155,49.86122246961232,63.10099103467226,40.522639355653034,,84.30850219932978,61.45052884723727,81.82618600482502,45.96899337233873,30.33087645457745,30.336297800957613,,60.58333088993668,76.5726581943326,53.723023771933384,95.85308233385251,,,46.40117138470252,,82.79658088657489,,18.04240761136684,63.75646824523742,84.86540887474683,23.617901204157675,,,,93.25040762867577,54.476855030558966,,54.50984337988562,44.335337859599065,38.18315393343106,,52.51378300449618,,,34.78844153110826,44.49060810366963,50.50250641692282,,95.88378099430551,55.989653937534214,76.3748082790631,63.42541604570984,74.27516170474516,,79.11958563728979,48.97557075270862,94.90155440125714,,39.98856067906157,85.87424612306951,,,79.17056293227859,,,,,54.829034278734376,49.290013955088774,,,,,49.03423450800629,62.51202529537441,42.25910446178614,46.123470492274755,,,,,,63.51288926886469,,83.938260677797,82.17958297403798,,47.95869471757147,37.474324542446546,,,,45.13889811722339,,,76.32615931453435,20.120791662137616,30.961305879288027,24.596526309685608,,75.06342202474278,,,69.8809562283834,,78.04519031024597,,,,56.7926349937991,,94.10724818825084,92.1628434708577,77.51015994461248,66.6047072649021,78.76397273168644,16.877120833129844,,70.47709690550725,65.23807720050708,,,,,,,95.66039058704453,,43.971778277451804,,55.477860694858336,,,63.27732029248438,,,,79.20418688757331,67.71378958408314,,92.04382833091071,,23.007688389924486,35.6682448262096,,,58.246269474607914,87.9673076103793,83.26314420453025,26.530658573600462,,49.34664335299795,,66.99550406342196,,,,,66.7553407088393,,74.20795604400487,,,,67.86529365429685,90.76078780613432,78.79087315948958,,96.13314174877303,,11.109763273786877,61.28498997853371,51.4207700962656,86.75045246157102,,91.24442158030138,64.74664076412151,58.00445394393496
1952-01-01,49.934694463041275,57.1846279717205,,,,,,,99.35165966271472,,48.75599712938835,84.22838196834716,92.36248701168708,,,,,36.1532371378029,66.12084548213622,81.87933495050103,,,,,63.73789404719836,,,,98.51858270037965,,,63.64981789989941,,,,,59.48449228613932,,,,,87.39064401821959,81.99469799839757,58.53752632091671,,,,66.67515679278173,80.02501393498443,49.24329974561078,64.37483936872239,39.96075779294347,,80.233965281923,60.80455597755161,77.74925774299969,45.371058069116984,29.860402472749026,29.865767132186072,44.10357435176869,59.937682542514416,73.89172928241814,53.09030092023821,96.33873890418823,,,45.80077372446534,,82.2645113108054,,11.016395621653608,61.4669615377555,85.77159193417891,23.2241654524602,,,,93.64382674029869,53.84185289686354,,53.87474616755501,43.74724689451135,46.16546854857489,,51.885138290243574,,,31.039488857035924,45.57337100276695,49.881771544322184,,96.05828863596298,55.35069932348462,76.0654580033945,62.7798794718607,73.6650261798793,,74.27195521018534,48.36175851696669,94.16361775826037,,38.371525501154956,85.38559215534379,,,78.20383089144256,,,,,54.19303743004684,48.67471237962487,,,,,48.42014192300393,61.075241092142484,41.684731263530864,40.5983393904001,,,,,,54.33642149465436,,87.5675908610827,78.46332212729209,,47.349922625465354,36.93657331974667,,,,40.399930642307865,,,75.17137633177178,19.772281423183358,34.4426883883145,24.190785195102727,,74.45836276541016,,,72.72964767260804,,80.20431145065497,,58.485171045694415,,54.53530797616679,,93.79992391952509,92.7441281194447,76.92341559493696,65.5636746569272,77.55964665190736,16.573889359296466,,70.63204702576455,76.6875983367763,,,,,,,94.07651833011182,,43.38599250998887,,54.84014940408461,,,62.631693133775634,,,,78.6325606080949,67.07516878509512,,92.29034782233757,44.084088466557446,22.621581406137135,35.14609380279213,,,60.53145711748367,89.91437239355626,82.0221026029709,26.10201551650444,19.462949079307755,48.73107705124079,,64.87345254327377,,,,,66.11443142081299,,71.33422591202752,,,,66.06340524335997,91.14983064072942,78.21536357193521,,95.57897568638587,,10.89551690248911,60.639055135824634,50.79625140079285,85.70562707222132,,92.01602826168444,58.89823104140197,62.282125393221264
1953-01-01,50.60924820582316,59.49074073089129,,,,,,,99.34169813447863,,52.26504666207179,84.77748635257736,93.72607747200531,,,,,36.73022367776157,66.81686016088975,84.05860212112677,,,,,69.78194002068922,,,,97.82415463187589,,,64.58764776186203,,49.15800420842419,,63.333896829575664,60.185439084488365,,,,,87.0158522459293,82.57587734495877,59.23753201770343,,,,69.46570330685927,80.63047716408434,49.914559051813335,65.21894735400409,40.571217427837624,,83.5276799008851,57.51890740339687,82.22357783870639,46.020640672887524,30.371618741644145,30.377044961902122,45.59318921980747,63.06577991882894,73.04973765858473,50.351147721650946,96.18540084818046,,,46.45302744871675,,82.84208342362189,,11.251449150924842,61.74229405245366,90.2518113878624,23.652034723919492,,54.18202828926415,,94.0397838754746,58.288562552622025,,59.81993333707874,44.38614921651318,44.863245627733924,,52.37488313185858,,64.51852929507231,31.56401056120356,39.52131210185472,55.95191171131233,61.211583334972985,97.6221781730622,54.19871138481449,76.7486888354893,59.2566685741696,74.32752062315488,,78.18291664560648,55.409467410973924,92.18462495431162,,38.635007428511074,85.91596416611883,,,86.09405533281162,,,,,54.88387902733882,49.343129834733446,,,,,49.087248485764135,50.31551978784729,42.30874810891676,43.96618105715042,,47.96533389502334,,,,56.9207932449606,,85.83846513572252,84.00544591546831,,48.01125956658111,37.52083966251676,,,,42.40571271378304,,,73.11576219345794,26.690672497111212,35.0030765722925,27.449862097767962,,71.84505895097122,,,73.80039127173721,,79.96656723636447,,58.12837921077978,,49.26043238632884,,94.99419831013304,89.7191540957974,71.93890832244409,65.67066047537186,74.37409907465043,16.90343817056056,,72.33876744439661,77.32673144088115,,68.46007339484169,,,,,93.88379817967572,,44.022393617140246,,55.2519810432188,51.671258205708085,,63.33289423207842,,,,77.18887655229032,59.86177906217627,,92.95361185107093,43.90970074151363,23.041163882006387,35.71342373452263,,,59.246232762917494,88.51216600419023,78.99488978455429,26.56780084241499,16.435191345577472,55.94965333415065,,60.20629619522664,,,,,65.46924575429361,,74.36103715621451,,,,66.99901637590251,89.95472712709768,78.84017931889913,,96.63616366851885,,9.905152341287804,61.34061594771152,51.47466042245436,84.73972603574263,,90.34877604948257,60.37717221113634,62.21363390726766
1954-01-01,42.61530340350765,58.614210869989634,,,,,,,99.01165919164669,,51.950725463537765,72.53542304447657,94.2528468729973,,,,,36.008783296918814,65.94531115725665,84.80177254264743,,,,,68.92191692068398,,,,98.09704128582379,,,64.16667457404802,,48.32298416528413,59.76311432230672,62.45604318806917,59.30806033885063,,,,,83.67572455811278,81.84712107480492,58.3613764394191,,,,68.60416457866143,79.87144371609574,49.07477127846306,65.54740418461552,39.807803702508025,,80.00641604931322,56.64619123650798,78.15222572690192,44.101033221187194,29.732577259921065,29.737926388870072,43.81886489293316,62.18774546142283,69.22168702070944,49.508726934224356,94.95278430897704,,,45.637143541213256,,83.11098394966267,,10.957862446662814,57.71257631929836,89.32990534073583,23.117324036241303,,53.320311618228814,,96.39571407296829,56.75724401122195,,63.282283430113175,43.5870378409962,43.65754863485435,,51.52140627800665,,63.6419852328199,30.90830567165016,37.60221964250485,55.08366525518979,66.21511778102199,99.0143016517596,59.333938495602176,66.99811223791133,68.1186904775229,73.49749052019034,,77.06689113296368,53.16843187215674,91.74608737170135,,37.89200683221621,66.08215638849202,,,82.81868467091786,,,,,54.01938794681187,48.50691923390226,,,,,48.25268755571667,49.24642575637467,41.52832371803296,44.73794620214026,,47.138352215083415,,,,56.443075101587816,,83.82286305942408,81.25044818252294,,47.183956625848246,36.79027350871762,,,,55.521204707574,,,70.24478060626458,26.106583687490193,43.46054384034712,26.854004691689028,,73.98456334243122,,,76.07811493400214,,79.1215894211714,,59.25964294889232,,48.42475171025138,,95.42698715643223,89.83927428193034,51.482019462516625,64.51772072996802,73.42882730717722,16.491715609203883,,71.92531095451844,91.55920294703648,,61.08667669234591,,,,,87.47769860616854,,43.22642305581683,,51.67457244066891,43.606484983192054,,62.455039835748025,,,,75.2233921053416,59.885122811824075,,90.66054532968226,48.85270157310667,22.51682225642493,35.00408667378322,,,56.516497284622645,90.00214006209426,82.0427803845103,25.985638019085087,16.032708817439346,81.18092963765777,,60.85516959003856,37.22316010527555,,,,64.59436762745665,,78.8209613023404,,,,66.1696793974841,90.69788375021358,78.057033185334,,97.27457083450433,,9.641963697873091,60.46241217567019,58.878056076676,81.50132959347727,,91.11208526435081,60.99464907059813,56.08946549597924
1955-01-01,41.66430183369293,57.550914892819335,,,,,,,99.24827759614217,,52.016427011525444,59.679412428072844,92.21633636435939,,,,,35.14350618223219,64.88305948178541,82.01199946067307,,,,,67.87142126261494,,,,97.28380805924417,,,64.64182348515031,,47.31566933849526,58.69755394427034,61.38861476653717,58.24329427407471,,,,,90.0414537048497,80.94550740837336,57.29869314173695,,,,73.70014233124927,78.93468713257528,37.672785982371046,64.41523247320467,38.89060607009439,,81.38165513659497,55.58873051819533,76.13210937105066,43.13374786264943,28.96826194039135,28.973517056747312,48.86492417503039,59.48148933771344,64.41712473149694,47.67965611721626,94.85384222778401,,,44.65421285582075,,82.23479273916523,,10.609863980593303,55.76713892724874,89.99044868928586,22.47967576978358,,52.2780979333928,,95.06029429801563,69.6276199594958,,62.215283498309184,42.625258735163186,42.69734927733779,,51.5378795727798,,62.575323404132924,30.123652351366005,36.7143104937377,53.912495900629345,65.15364347872638,98.95000248314165,55.22164882483889,63.111735845552495,67.0643206212937,72.47978711712544,,76.95847228425055,52.12707074626495,89.6723527095558,,37.00011395681766,64.55091881109894,,,81.87886598517677,,,,,52.97342342159477,45.815897861121755,,,,,47.245961946497914,48.231619093019404,40.58994304117021,48.42602920648132,,46.14132077165788,,,,55.37937942546187,,78.67925654578917,80.33765114399586,,46.186515442246666,35.91374327708032,,,,54.85576695824981,,,72.71501830803126,24.891403668230303,42.50014051235378,26.14224743884894,,58.64529809078092,,,75.03811351070695,,77.08815981832703,,59.41627841226813,,47.41658860169189,,91.36676556672904,90.66304994140233,50.45101568200106,65.7424952019295,73.16150549607117,16.002257407578234,,69.66343510017415,97.63539336644115,,59.170908981037876,,,,,86.4500412126291,,42.26858757813152,,50.64230413257662,42.644495089402604,,61.387611185908675,,,,89.78340231920338,58.81937254214022,,89.70153711663067,46.221227381806095,21.891709693288185,34.15370857701983,,,60.20570299756256,87.02613298628444,81.75221628396497,25.29050779856039,15.909143438459662,80.26686248897111,,57.72644938248155,36.340523481361274,,,,57.95063319258051,,78.27935570745265,,,,64.55946975598705,91.06778179566537,77.09250198191674,,95.53941160289308,,9.33024020951999,59.39589686673181,57.81416445551635,81.9822727874559,,92.33947395728556,59.92762541312837,55.03409289992154
1956-01-01,42.04044150975261,57.9726203523266,,,,,,,98.64055428048007,,52.42875976813133,55.60864562444028,92.14665001305818,,,,,35.48539964720076,70.18583283103735,80.26249196966062,,,,,68.28899075842165,,,,97.75689255207519,,,69.85975198038308,,47.714443651181014,45.155205854070424,66.92499326000853,58.665639958483794,,,,,92.21971891905764,74.66670822228032,57.72013501273696,,,,77.81581227963962,81.02867713996716,38.02897197871551,65.66250371674313,39.25322020693258,,90.12659424733167,51.69266297335125,78.15155814779372,43.516416479714714,29.269985406669676,29.275277871132598,55.21301310165732,59.904670886225794,64.83950152090972,48.07965528039079,95.27830248324302,,,42.53065197462493,,80.92961077535914,,10.746833643057663,53.93064621468966,90.92263919680668,22.731150881576422,,51.69274538915361,,92.94403731843207,64.23417060422463,,62.638860616812345,43.005718474159906,42.15809020601719,,51.949059978734205,,62.998799147652804,32.99794364928934,40.41965078237322,54.328870033124254,54.9467771320509,98.02784474468692,55.16166646549894,67.0113623557822,64.34053378199603,72.88482104716488,,80.78921629721154,58.27975144470208,91.11587941558747,,37.3526225107639,64.97317721908252,,,86.75396896119686,,,47.34980932276005,,53.38790141624761,52.3793003170107,,,,,50.4237734117651,47.51492765654333,40.96102890885709,51.08482268698145,,56.03346755987464,,,,54.741974833654325,,76.9428401949828,80.26199553015668,47.930425226068415,46.58130767934977,36.26012320073932,,,,55.48354018855506,,,76.0794807070187,25.162525142131376,42.880048539516324,26.423104752514327,,62.83897863982122,55.641525395987415,,77.53831821498672,,76.87645838407965,,59.275850813365615,,46.18897178544062,,89.6694161363396,90.47385706317046,40.38430944180045,69.2374987855929,76.96782870317553,16.19509110104729,,70.84668904266398,96.44200531966398,,60.70276799508421,,,,,87.40292893799106,,42.64746604856911,,53.43707059241745,38.26557553483758,,61.811283979029376,,,,90.05226381336655,67.74698768599,,89.12665348459512,46.616146119999705,22.138218790180876,34.48966528985184,,60.01195499364278,58.20709515454408,85.75383540062977,79.98813600832835,25.564769158875976,16.10106927974966,73.92101997183279,,51.476681005219916,39.81239094917952,,58.77832324513439,,58.37272323355243,,79.71309587834415,,,,66.3710571156395,91.12148198266866,77.47693402372481,,95.82236460276822,,9.452900629512095,56.73739816506651,57.87366860797043,81.452796942099,,91.37076790718753,60.35100941335283,55.45245608466538
1957-01-01,42.628177686200175,58.87744231639951,,,,,,,99.25826486689384,,52.3004228303469,56.260249464900134,91.21422444129358,,,,,36.02051666253959,70.82570922789593,80.24359390837495,,,,,82.51827989357736,,,,97.92566490504622,,,81.80348494573605,,48.33660001419584,37.86773302586892,67.57601947243552,71.09932038762804,,,,,86.9589411723233,68.75925707382271,68.04318121528937,,,,80.67092487712057,81.58565808531512,33.98256547261451,62.30170453004131,39.820229298080314,,91.31779023070533,52.33245651237657,76.03616958130941,44.11412286683228,29.742957530501577,29.748307922686777,60.494353891969844,62.03663128716044,74.55164313489459,48.7036593899285,96.15440656102673,,,43.1217774731308,,65.14622240446066,,10.962612162559381,49.50563162880015,91.51948663489053,23.12599813912829,,52.33253923582697,,93.26847696949197,64.8533850157876,,60.98570666138061,43.60005472970896,43.323778000905854,,49.51388656018526,,63.65633404818736,33.50960565076411,50.30558162974401,57.02837177985478,55.59678607961913,97.28290141042177,46.40692314341474,67.85314844916238,68.35259428715568,73.51112384260439,,83.0628715886172,58.93606928461421,87.5617398722916,,41.88108847093328,65.62833952488103,,,86.88433831107038,,,47.97007560327538,,54.033503084329524,53.02157212367589,,,52.694575442568016,,51.05854323458243,48.8841485640184,41.5410307086689,50.02043452673033,41.64075950967323,57.9089316653757,,,44.78337158656657,54.92798028087835,,79.11533683716952,87.78833697659157,48.55367981722303,47.19744322388634,36.8021571639405,,,,54.17986842557101,,,77.77314402491149,22.83818813491194,43.473542539155055,26.863677973183187,,64.71844273281746,56.293204116133765,,82.68425669755257,,74.43797597678434,,59.933200507444106,,46.33882425829461,,90.39081087395158,90.40278592839745,40.96002678307793,76.3298842199153,76.16858561317387,16.498385288410233,,76.71237849127039,96.51275918835735,,,,,,,87.8117102330484,,43.23938779234013,,52.61255509979892,51.445998812747426,,62.469405115490815,,,,90.46241291497003,68.39571650251233,,92.70992460371387,47.232473225158735,22.525327112861593,35.015620869324884,,45.50541984427605,58.86332203706148,87.8777810625386,78.42873741560953,32.143148201106065,17.679028692945508,74.54098259924957,,54.115761614831406,32.96125695473031,,59.43520787389769,,55.0180547499902,58.868673462663914,80.19603459343637,,,,56.51589633923359,90.98432194785526,78.06992225352188,,93.51885440074976,,10.17812712327496,57.39133454183658,58.76755417389923,80.58518366164851,,92.33156630209878,67.07331423026284,56.103698582242714
1958-01-01,43.13749649973151,58.94239475963319,,,,,,,98.2051349511624,,52.853076318282135,56.98846144575278,90.59309761899621,,,,,36.48512195476459,71.37439817164176,79.21301557980573,,,,,82.9826177748954,,,,98.83422288526229,,,81.9929981809702,,48.87480908498018,38.346022672750046,68.13515431944742,71.64690713287516,,,,,87.36540475350836,69.31513969722897,68.6011053486015,,,,81.15440698928505,82.05998393643655,34.431024008802225,61.12749827049208,40.31199013797257,,91.97859341445074,52.88520718198999,76.89784678315593,44.631852303274314,30.154329033942485,30.15972919579766,66.28660187090796,62.60326262685043,76.92777134536828,49.24340431748087,96.1517497491258,,,43.63395840021457,,65.71016341896076,,11.15135305852225,47.40696268384752,93.95465764193635,23.47005887800737,,52.88529015598766,,92.73068683374188,66.77449409865469,,62.550069467150536,44.11494423067206,44.88499102817553,,50.056880199932884,,64.22203289428114,33.95416041620882,50.85155996658322,57.59182243708511,61.48481631548592,96.35567202200097,46.936409243220986,65.25422211430913,73.99053871440174,51.72024962165982,,82.91696779173468,60.60385698843487,87.72987106614065,,42.125092088132554,53.447283597002325,,,87.5319532752972,,,48.506711443832415,,54.59095112077457,53.57633572550795,,,47.484831697383456,,51.60718439610872,49.424634081927024,42.043808046462296,54.466791330659504,42.144150489162215,60.39738296035038,,,55.085491212108465,54.44450983153959,,76.01119781538853,84.83842646381663,49.09280200570388,47.73063383761451,37.27266378873371,,58.31260832134757,,54.355578889148745,,,84.11616267871722,22.163257448372043,44.68893777921028,27.247178376263403,,65.90872289386193,56.855455234688534,,85.6911195062374,,73.72897551176696,,57.64061019174578,,46.86798279414265,,89.89832133917017,90.74970965865322,42.45311241360654,76.42122987085625,77.61961402331924,16.763187511486,,79.69493133664012,96.34051878362149,,,,,,,87.60990912364682,,43.75224068344197,,53.16614188011373,49.95431595155847,,63.03588496004342,,,,86.60566662190149,72.60719068723034,,93.21798386743488,47.76582380639023,22.862702290250624,35.472401375350856,,46.03046183347035,59.428965678385424,90.97507331548707,79.27292274546969,32.57609436157628,17.95885233359138,77.59664226632299,,56.77148512475485,33.40121212617415,,56.06177226408153,,55.861223837620464,63.20383179017344,78.63251359169948,,,,57.078529914102624,90.14007251675412,78.57623942852453,,93.95651891676728,,10.355284014332222,57.95531036012071,59.21581563017282,84.9341537324304,,93.1713513836155,67.0813874507256,57.20645606876571
1959-01-01,42.45168899474605,58.180741958748584,,,,,,,97.52182133734631,,52.10855506527603,56.230526665144964,89.52070548743383,,,,,34.88822587124068,70.63431981371555,77.03937124790576,,39.46223102411116,,,74.58835811410512,,,,97.9532722315189,,,81.97047215487771,,48.149897033879554,37.70213984589795,67.38117963401325,70.90829857702738,52.75917786570743,,,,86.41023885189234,68.36557271446102,67.84873672776196,,,,80.82239664585205,81.41949229314423,33.827407113999456,60.36378988429092,39.64991234139882,,91.42258632977817,52.14055372572359,73.27911673010587,43.93466999772395,29.60073602619233,29.606069078987083,65.69219009187097,67.91370217611299,78.60589434428645,49.08884071548242,94.628641172989,,,42.94428073924892,,52.558162945440756,,10.897590567811054,48.34947797906726,93.5961224568974,23.007186003059754,,53.03255373640323,,93.33738450556083,68.43922239494115,,60.62290699695767,43.42160341916006,46.55731219393544,,49.32547975405196,,63.45941934039636,33.624532717622266,50.11610899290319,54.0289100444012,67.40071529963608,96.70698310866334,46.223315186541356,60.119992374506246,72.86963656628144,61.09022260837384,,82.46361181400917,60.00045050057652,87.967678691246,,42.31387398698718,57.638071233020405,,,87.57747307927927,,,47.78393179487047,,53.83989982712647,52.828942642950125,,,46.76824722515529,,50.86811731897114,49.04660547438004,41.36684367624015,53.71616425391632,41.466356688670245,59.06042409480952,,,56.391633016829054,54.573910943021886,,75.30310906790572,85.3587520760835,48.366652061945295,47.012522379906706,36.63928953940223,,57.55196382580772,,47.97357491300161,,,84.33664341518417,21.655172545167567,43.99133730497529,26.731158903192455,,69.15456375955549,59.2921447489597,,84.4800523069531,,70.93078591418671,,53.99290844960429,,46.1553322955206,,90.08022968481406,91.31841458664545,35.22794193679982,75.45171347911804,78.77675191530676,16.407055125603097,,78.08852719664756,96.83055052933057,,,,,,,89.942105809219,,43.06165429676989,,52.42035077550589,41.795698333981555,,62.272278817136176,,,,86.04100681199665,72.05451281019674,,94.04033761024482,47.04749564125318,22.40883618713082,34.85755454963314,,52.450873075359674,55.61809808584706,91.85148757106593,71.88192662611847,31.99340507836691,17.65072583763647,77.09018359139405,,57.27453730664467,39.48028831627796,,55.30620033516864,,54.64043954221744,60.13986983932747,79.40818521156943,,,,54.67438749168168,88.6306778945885,77.89284036315122,,96.36019223259305,,10.117107293117078,57.19531881654609,66.5942979700277,83.3687263375422,,93.2991641354853,66.32424621381988,56.448020858322145
1960-01-01,42.18195492125098,57.87982935678966,,,,,,,97.37854059319253,,51.814956378025315,55.93126807172422,89.56030742761281,,,,,34.646731371084805,70.34055872939663,74.82668093952658,,39.71612801419864,,,74.30441819336207,,,,98.14779571016031,,,80.20593549752547,43.08347961430954,47.86435038584544,37.449199786943076,73.72122954375934,70.61508495387572,52.464496620507006,,50.175169159567325,,84.29592437644298,70.66683527922935,67.5504517414079,,46.34631546146015,,79.30843246975046,81.16373297906448,34.39724963209721,59.735988820108176,35.54276170803568,,93.35442828226552,51.84690017516531,74.71307070722321,36.536005945049666,29.383696998399223,29.38900345869491,68.50422204976402,66.84354211696393,76.8486951094668,48.80116051966469,96.51942954965708,,,42.672989909028615,,52.26380874593863,,10.798591577729223,50.65111891913339,91.3266997407429,22.82600805228726,50.6866364724575,53.356544576250386,,92.99650982763985,77.4637914244268,,57.38309512979774,43.14883780289698,47.05662693520417,,56.49362185304179,,54.52922519484804,33.388534517422116,49.82625243275004,53.22533256427568,67.10187351307096,96.2190305517154,43.831910981124025,58.47078177167886,75.6277517551229,60.788136496673275,46.09437697592147,82.93730649995905,66.42572146426508,87.78534832674681,49.847061017413466,42.04458176081196,55.24185210442689,,,89.15024325046346,,,47.49925366984053,,53.54357504039775,52.534149448998015,,,46.48608706911922,,50.576773459166645,42.58735060954674,41.10066192398079,70.03717368638837,41.199842016437906,60.52890297316287,,59.28704999202918,55.8389564004101,53.88166339968825,,75.02140924433685,84.7003755621473,48.08060074367665,27.934420406640935,36.390543351297254,,49.73396962338733,,47.6884441449548,,,82.80641421655203,21.48209231829292,43.82239743256554,26.528992434377475,,62.45948044190395,68.01846754331488,,81.1331084204412,,71.85116354201546,,57.06656212406684,,45.87476746010304,,89.16024546510735,90.65384617074696,34.98500740233812,77.02382293385743,78.81570076539084,16.2678956788603,,74.90123212415392,97.56371955242105,,,,,,,88.29608466308107,,42.78999773426657,,52.21983319280214,45.17428655007906,,61.97017776442204,,,,85.81467008138529,73.90253326754805,,95.08432621792663,46.76462752143248,22.23121027925131,34.6161908470442,,52.15669615367213,54.931370052877696,90.32335510997004,76.58990008819315,31.764825449426915,17.36032653459705,75.47655692334384,,56.12653880258844,32.44106938232112,,54.597728375759225,,54.34506073459777,48.14992648669379,80.11005116731958,,,,58.43543395036026,87.29689688294835,77.62056900560933,,95.46771834328213,,10.02421213898278,56.895157201879165,59.85311838723541,84.05042438076936,,94.86419298358813,66.02425193221362,56.1485443638299
1961-01-01,42.89746431411191,58.6763765648132,,,,,,,97.36618686220315,,52.592815206306256,56.723665069122475,91.80295923148665,,,,,35.28789900757234,71.1164829085317,78.74605110651967,,67.88884260533305,,,78.10603887162213,,,,98.38377360384007,,,81.86594652155173,51.397519873090445,48.6212701316202,32.687838374629784,70.69135887860932,71.38951893915922,53.2451545080473,,52.0272940051822,52.47736596009798,87.14094629657538,71.44098272059274,73.34227908743243,,47.09344901723315,,78.55804200001964,81.83740370087256,35.62841003577684,54.72932773518464,36.193896360086306,,96.0215802210331,52.62490098916614,80.00715401609698,37.19783699791477,20.432597349240023,29.965659514637323,71.02390530135993,67.6342200742794,77.23771227620664,50.720861569188294,95.42937005488926,,,43.392586053239654,,57.9167803276841,,11.062199084383039,52.65977097850776,89.01140226060159,23.30768934649754,40.41806338432734,56.7227254383242,,91.77827708787578,74.30343697320522,,62.8744456071145,52.76489416523742,48.69156244939976,,55.37115800767995,,55.31753332556442,34.01520011774461,56.440382019160396,58.868383948074765,65.77061857363948,94.8977513177261,44.56077620285108,57.299115789974444,69.64546236481968,61.58742950443363,46.839795076685576,73.52217576737668,62.35078411502535,91.91204926846966,59.35623311271942,42.7589309346077,56.180488730725145,,,87.64771593621792,,,48.253906432984316,23.215723727588788,54.328469994619375,53.31509645699979,,31.96189556419681,47.23416118166338,,51.348786708316794,52.29244810644016,41.80684006154864,68.934758545018,41.90689499141932,63.02198249277089,,58.87247827156175,56.685985390980754,53.9703515138825,28.81504572860145,75.76469346770604,87.15440677572776,48.838837185927986,28.49141566382758,37.05083108260476,,69.6824271741805,,50.898898431056615,,,82.95321446849077,22.227247897224732,44.55118872744376,28.90818064166618,52.47736596009798,63.86537050858499,68.80504062770395,,76.97662050880709,,66.36803435912626,,57.8615972169096,,41.130408012885056,,87.77001522234781,87.83587845090206,35.62997317814093,81.73932806724842,79.28740790013788,16.63816159264322,,78.4461977178283,97.60814965505868,,,,,,,91.27317689243334,67.1248051751466,43.51055374526484,,48.79247486743002,47.653767660226045,,62.76935719631689,,,,86.40979134345153,73.04776833304358,,94.34427255426235,47.51455220804034,22.703481098916644,25.331244739837643,30.222133492536308,52.93605076408623,55.72094373832963,89.97226426937596,79.3540942230145,32.37190478383618,17.491936123833305,76.2157985429199,,61.929794727186184,41.66018233819161,,55.386257319054536,,55.132764613491126,50.721481939553925,79.6084412332555,,,,58.824151273277494,87.0951692947725,78.33849249049058,,94.63829836800724,,10.271595945604028,63.446666146744946,61.941781973097385,88.04606634956609,,94.81652158625586,66.81730279474887,56.94149328458307
1962-01-01,42.78321488487173,58.54954663175174,,,,,,,96.5881342842694,,52.46881586857983,56.597446744758685,89.00148531238247,,,,,35.18539767768141,70.9933013277024,80.72369319449145,,67.76334053598121,,,80.44892124539943,,,,98.98600879157561,,,80.65987034382466,51.27438728976985,48.50052374740247,32.590133786633594,66.51671347910401,71.26658346203263,53.120723861695815,,53.06421552592633,52.35344604027405,88.75296803297734,71.31809453530332,74.56435328420537,,58.57417018544455,,78.44472980525063,81.73086004302391,35.525309665312555,52.810973160790574,36.08981614925324,,95.95957891673064,52.50087974379682,83.90940515718314,37.092063446322584,20.362784022422243,29.87339660826567,76.89197893911393,67.50857935873593,77.32327573010468,50.59826294720418,95.49699349170655,,,43.277693290874666,,66.61804339156583,,11.019891885029121,50.31500815892933,89.33935396416962,25.555585232393717,42.79377648599485,56.59650747755958,,93.360793419877,82.5096015912419,,63.17849105592141,48.824393638668006,51.30231137917987,,55.24553063135171,51.362756242758564,55.191932143321786,33.914997642910805,59.250427946391994,58.74150964123335,67.67141423917657,96.12114292743927,47.604763017817945,62.08386323574546,69.2315668440092,61.460240133077804,46.72084735658652,70.80759220240263,62.16171741065779,94.52043023783907,59.64302997653355,40.328491105313425,54.90814529570678,,,80.90614740578138,,,48.1335140792098,23.138804825790082,54.20338920926324,53.19062133364092,,31.865600268227713,55.46730373203928,,51.22569154175227,52.72370936719999,41.694060814642995,60.29593480917281,28.664054541685104,63.70624283602757,,59.8042838991103,46.642775097655345,53.19736510864699,28.72521160123722,75.64686229994942,88.59253436366598,48.717885300973016,28.402278451255782,36.94530178019153,,68.84281638829997,,53.15965438003691,,,83.40767342096669,22.845031125270808,43.516599183936634,28.818147076064747,52.35344604027405,65.1167245516362,68.68008990453302,,76.28146475743091,,68.02047831174565,,59.0836213716847,,41.01857705276396,,84.49127965595396,86.34513191505498,22.640203454370635,78.5005407717437,80.11226748298142,14.825466336665317,,77.72017017276353,97.19118487988997,,,,,,,93.10620208014797,65.69609524951142,43.39550993424357,,48.67156651284067,49.18802002031208,,62.64221892078534,,,,86.3158971848089,72.4813511255481,,94.29366862908041,47.39489903330932,22.627835329577938,25.249231530452533,33.56367363959334,52.81182078578608,55.01550736778618,88.78446727720298,77.0310972519495,32.27480977818481,17.430141527800057,72.24483970077407,,63.591335807608786,42.722909241480146,,55.5168758713265,,54.49666719821165,56.99490183079339,76.36102709216345,,,,58.6972869350556,76.93541005341082,78.22478593550454,,92.25366793982262,,10.231886256604227,63.31961033571385,64.98426314184749,86.72512872343677,,94.41265635100996,66.69125923952481,56.815192448468046
1963-01-01,43.80688336928936,60.51082519768658,62.71353216389839,,,,,,96.43129901207942,,53.57704686705051,57.72417297998733,87.6641265412185,,,,,36.105474843880735,72.08734886101936,84.76428888577239,,64.710636532519,,,84.10200524974714,,,,97.02527786137954,,,82.18552734752008,50.55489174874506,49.58083669652705,31.433407765944054,62.138003429556285,72.35831684736593,54.23260746035423,,54.17579317643462,40.9963713411543,89.35318822339046,77.48279422614588,75.95270792549914,,64.05097505686432,,81.52684087141138,82.6717138331721,36.4506903088771,60.042946675410725,41.56647865909696,,94.77244418077828,61.85758078808843,81.51216162442132,38.041087548545846,20.991625299630158,30.702593871035376,83.17912149486592,76.82537131565815,85.34732946847528,52.88222790710264,96.64838084070539,,,44.307000415069965,,74.33230726525264,,12.792051303165064,58.1894779081579,88.90489981486012,26.299861254600398,54.12730786876643,54.14082254028809,,94.0425244635595,85.02893055197396,,62.9005281990642,49.90734378131451,53.2482977947905,,54.18426491654274,69.5727503891626,56.31361259415948,34.81470650531915,58.49525310292374,55.25943307052772,68.87093782143168,95.7271107485573,48.67745697240042,63.217188329867334,68.28895728224819,62.59390998612089,47.78555899622076,76.56967819831793,62.08593491725873,95.09478268353803,58.43769542052646,35.76048538540826,62.18263402023507,20.380603596580205,,72.9075769744726,,31.54606310353919,49.21076295703902,20.701364364816232,55.32074010005048,54.12502157920689,,39.187087322523894,56.5900761688853,,52.32621755392921,66.93097784257486,42.704826194980306,61.436587822087965,29.59428331235363,60.72632744395114,,60.534655973838404,47.706759699713295,53.999750456417516,21.858405236860744,76.69112201864877,89.00465559765422,49.7999750916401,29.203657110813364,37.892167222085114,,68.51705572550063,,51.576922313616926,,,79.65271192732085,28.296587230486825,44.548581248849,26.410531700103345,53.257466896416396,61.01861440643867,86.06508839464286,,77.51782725950689,,65.05554674391063,,60.05962874924384,,47.81762368492952,12.340429219133654,89.79629670339801,85.39484342290152,22.328104720125097,82.24556639588785,80.81577033383513,14.759712461425611,,80.16030780027485,97.51802506267191,,,,,,33.25967090535051,93.91682991188111,69.34894376337839,44.426140233670644,,49.75328003281189,51.56217260975229,,63.77498663793708,,6.753790394227854,35.215556313258254,87.1420267476697,72.40301950551962,,92.56836653713307,48.46573933327619,23.308840965840016,25.98710395080326,34.457597734725944,77.30422738515263,55.21228089594348,89.26077995101393,75.34332394333458,53.274638777696026,22.81627478024867,75.03712823791334,,57.986656170960906,45.420299650358075,,57.14601389280578,,55.512763588102445,66.66667778387433,76.86197866184546,,,,59.82905778506906,77.04056179281979,79.23109332411062,,92.9792749714424,,9.501021378588458,64.45138189124955,64.03348246476033,87.16074420803463,,94.58100063404378,65.87673159884149,57.942582010214295
1964-01-01,44.23680334262227,57.16842573501921,74.05235436478085,,,,,,97.73106362704748,,54.0406000333125,58.194563333874584,88.58545709550577,,,,,36.49301673269439,72.54036406023314,85.13163074126656,,67.162394924672,21.775750757037116,,84.47393214315183,,,,97.20210751531346,,,82.8242383931687,51.01057762518557,54.207235068712144,30.404540391498237,64.476717337138,72.81028773356945,54.69755235915703,,55.117804978199494,34.83858256653571,88.32683816743474,77.90886310983866,76.38779711584749,,62.00547289567962,,81.923037460676,83.05767501413942,36.84041634560546,60.51504944677837,41.9854575611855,,94.94489102334947,64.44043205460493,79.136422153184,38.44053510744472,20.13440292753539,31.05254749302171,84.41089757004441,77.25545845701616,85.54383846629406,53.34418198833421,95.9591739760304,,,44.739203841145525,,73.50088650303933,,12.9710007433951,62.253837098326855,88.12125802739293,33.55651184075762,54.59203693007999,54.605579468822874,,92.8495487946203,86.22867301766823,,72.63321567287842,50.36104035672266,53.512185248832346,,54.64911109298116,71.70427989085782,56.78220820882962,30.82448380002427,58.96638617995988,55.72632656101515,63.596880195941786,95.89902279704664,46.04910635408454,67.6411453037059,69.81662974998189,63.066040295134165,53.180392487927385,75.40787672569199,68.27542821430417,95.78714853546843,58.60671100033621,36.14581829475363,62.97906118100207,23.20239181570063,,70.16994814667075,,33.01489748965323,49.66220244502212,20.964889365872953,55.78774091092049,49.5493822154477,,39.59319084995913,52.21179701741532,,52.786801018809214,64.2704239749156,43.129508955706,61.908953133211384,26.95781089539846,59.630295628491226,,61.05948156698231,49.1504578559138,54.56565561626423,22.13306420554576,77.12200301884418,89.31595992152661,50.25333165565775,29.54205464755062,38.290728323291766,,68.98109074986888,,58.511372132607974,,,81.59941784976972,28.06349552127386,44.98186672501296,26.726089641722297,53.72030033451327,61.490962824532616,86.41526508085985,,80.9921678262859,,68.99967962502284,,60.53173812283963,,48.26418918936487,12.514075803488856,89.41832890936993,85.75279042807799,22.6071971633364,83.93241941498954,83.09856339391236,14.836883853963755,,81.76732097749637,97.33786329187747,,,,,,33.628209461563685,92.72885870903984,69.81085158120909,44.85887900233462,,50.20648782529684,52.16080917304937,,64.2464410846882,,6.8569390888789545,35.5973466352957,87.47891198526109,71.1911548407459,,94.54343908108721,34.85873480036603,23.597031046050887,32.35362411317011,31.61615370117492,77.73140936184173,53.23938805836228,89.17442192903779,75.82881865843014,53.737511572865415,23.613367801436837,70.93719744067259,,59.86550376179056,45.875741241730296,,57.61573623137792,,59.349582865434634,66.71641954800192,77.43614528808452,,,,56.707858842177394,77.90155544448288,79.64537859198767,,93.052423508567,,9.640026939303048,64.92224609584139,64.63131573766022,85.28961429638397,,93.56441535503342,70.00215437982607,58.41320002387944
1965-01-01,43.65274460511483,54.818638476916284,65.72789043830144,,,,,,97.5877058494716,,53.41057818801429,61.13201882051405,86.9605492747178,,,,,35.96669298377178,71.92400037299247,87.436155086453,,71.89717787183285,18.595680204643838,,83.60943056184175,,,,97.84429249685982,,,84.60485407989079,50.39133470353341,53.57671382856941,32.74819856419523,63.83585753793848,72.19533241806599,54.06561930313612,,54.484730747598384,34.32690393935478,89.99841199878644,78.18312414329169,73.2058234313065,,59.793374883349614,,82.49550466233364,82.53201951284932,36.462218395310906,51.21905585140538,38.94228452959314,,94.76533105731902,67.6319539695091,76.20333626932951,37.89800077135554,25.06394997167536,30.577372436928307,86.95805677886598,79.23250994206792,85.052939868847,57.0425342245974,95.15101007128591,,,44.15203073697229,,68.64678966663843,,12.728196951199278,65.94708142130268,88.30985335388611,26.896345657062138,50.774196612961894,53.9739046622292,,93.77431635315548,90.15185320220671,,70.97628867909582,39.4728695766551,52.88381230285823,,58.82327748276093,67.0018916740667,56.145248752649394,30.351639796957187,52.27016659355803,50.67448615939507,58.79196868403063,95.73333200342101,45.17647752895845,69.29976993460426,66.71818666433369,64.4248660152111,50.6114307628833,75.7395481268064,60.43232177092597,96.8476867256978,72.45747261802127,40.726956793053894,64.14145239066526,23.362801262368738,,67.92529040346471,,32.18510750545451,49.048766887916415,20.60720912275964,55.152980231490844,47.60541521310987,,43.08035723594905,53.63465919514081,,52.16085197070157,62.80048047995697,42.55259139499672,45.50030159388066,26.526768244952947,52.26926894148749,,65.55319424019817,48.53938539883688,53.93409385853229,21.760254597817298,76.53553444456381,89.01996736538672,49.63727495985574,29.08259731344924,37.74940117892718,,66.69261522040757,,61.16214381868546,,,79.02950440691468,28.401965916739492,44.39321764870046,29.05244713612073,53.091266158498286,60.36142733578127,88.77848862989354,,79.66046478851982,,72.07947186070236,,57.60888376952651,,47.657413690416064,12.278472124027317,88.26429968519956,83.35369238392751,22.22836266621475,85.53602787131769,86.68303834432994,14.565422353809598,,84.4740289250008,97.64177370645079,,,,,,33.1277498301476,91.27183061838346,76.607871728799,44.27097567822409,,49.59063457488734,49.04732900190637,,63.605339306390476,,6.717029256234874,35.07885219743918,87.01980211991467,70.44519287967861,,93.22472831691134,33.07440758543009,23.20583239617935,31.68484002981391,30.312215722233503,81.23117926560063,59.64270699649692,86.22517118722122,76.83544637015335,53.10842339892188,22.510440803743258,66.70954845844477,,61.22777454722544,49.85219124558164,,47.79624098697957,,50.68069524691043,70.38698729234656,68.33319237231109,,,,61.64670141566133,64.80531681612437,79.08136235118563,,93.0341172669159,,9.45145118397589,58.43101700732096,64.92771257016325,88.62074307207799,,90.8063291810447,68.05082825198991,57.773439052779494
1966-01-01,43.21579390249286,54.34280842200516,64.3256523017186,,,,,,96.95269068679643,,52.93789747395709,60.64891392983067,85.06985238936026,,,17.483352486332926,,35.57374178816926,71.45827040296832,86.81805751902021,,65.52833012951629,18.350202349481936,,83.22000479067732,,,,96.30810403342353,,,83.4343337765023,49.92716865186545,53.10363386444443,37.32069609497937,63.19092092869501,71.7306045106991,53.59140717656881,,45.78321159365344,33.94504913198797,88.93382744191607,83.63015782473929,72.71475963505638,,60.25055067560119,,82.09536720530261,82.13221942043015,36.066030582949125,50.89308134980766,37.40898364193177,,94.64990242531593,67.92871666331033,71.73910057254122,37.49274221075829,28.59135199040678,30.2231014094096,90.46739429523396,78.30389728123292,80.8537901374673,56.120182056882584,96.9169633478813,,,43.71268959757268,,69.91870604027422,,12.548049391908556,65.65778923178999,88.1398595200427,27.70259812814364,50.83072093589198,53.499900041485084,,97.02816617050071,89.86295914409183,,70.50092991920862,35.66056954653818,45.21350333713824,,58.73504844430541,71.70452851900082,55.66694518096711,29.999127124459225,53.81728782382582,50.209421681164535,55.667069183169595,95.5659012360886,44.732415315504085,68.37461310513913,67.73195441604803,67.11472786945151,56.950468811627665,75.54622032170158,63.50980177749932,97.25234538042318,72.4325059246408,39.37535035715929,68.00326724555985,25.48439294042485,,69.26279091712972,,34.58687753608798,48.5891362209038,20.34122842555206,54.67648117917396,46.06021824611407,,44.14811619982628,61.9627947237197,,61.8487546844267,58.92417474099787,42.121113134503105,46.14119490371898,21.368275012593084,52.496303699797586,,62.33585265898449,50.37273211838571,53.46018001299857,21.48293783906877,76.09129825398678,88.95625178456604,49.175600491677116,28.74017613321438,45.95365762665291,,64.60746179201362,,66.6907180201987,,,81.28219830510945,27.6736696451775,43.95274273410874,28.76003748846676,54.49667891780443,60.64779508954874,87.57670560879359,,81.96536872940106,,69.34053957691097,18.507448135635364,57.12842109673988,40.803132518444315,47.14516783294952,9.540816044297651,86.44541648503066,82.31318974431154,21.946529268647673,85.9106995608114,93.3855752465488,14.36389915550571,,85.6584129737065,97.16758822253328,,,,,,32.75438305177062,89.32703685941149,73.74101478860543,43.83107369071932,,44.81527129915034,53.694877593574674,,63.12265417216996,,6.464885765621031,34.69183557723432,86.66915372532108,66.98610188763743,,91.9945482543635,32.701425685705345,22.914725703643903,24.76568903921732,34.60919169797392,80.45435563056394,60.772784989146736,86.60343481590998,75.11446318855313,56.046725541593446,24.280698782823016,56.782355369837845,,57.373860440857946,47.865772072050106,,51.60943346525904,,51.85294163263414,69.91615541386076,69.74255106234315,,,,61.16352455378375,63.575091461026844,78.65345648783453,,91.39190975337297,,10.353666418927233,57.94960985289319,63.73129576531527,84.46633816729796,14.815574399754382,89.10706936537808,69.23957304079404,57.29277172245779
1967-01-01,43.81590469730068,53.118160401059924,72.58087407807412,,,,,,96.88537199814523,,53.586785397231516,68.61163067374054,83.05063599109207,,,17.80818016673791,,36.113600035827744,75.86529036841047,86.72000424254533,,64.45720262605823,18.68769793414137,,78.24212008958742,,,,96.78507027264266,,,88.37806326457908,47.93813273299966,53.753064493985335,39.807530734927674,59.518137932693804,72.36784051041194,54.242376059036744,,46.399340517854796,34.4696981739107,89.305184524405,84.1578385604161,73.34662263648579,,66.67765418611516,,81.61365277476675,82.67986820087786,38.31722914899747,49.770125194904146,38.02914066510492,,93.69086495978127,73.55193702861416,78.74221797703164,38.049464102093,24.595728613825575,30.709926776362128,89.69918159503503,78.8936331082165,79.94910759481557,57.76496465279224,97.06602603056524,,,44.31607017455559,,73.68605610007393,,12.795793484686136,64.61325296607828,88.16500648194852,28.777065592630002,50.486968481940096,54.15058707290825,,96.83123989626414,86.93958729864994,,76.57957246679068,38.34286110525274,45.31042424094851,,63.622978556616275,70.73362692648061,56.32346061574833,31.218484680646853,53.19106459374381,51.31317662426795,47.978712039466785,95.68674508030752,43.16684955710019,65.74815575090369,65.61269968941075,67.22895639782011,60.82324489547797,77.44752800506451,64.23685731429309,96.93298447199116,75.80588221063574,39.69497565844694,68.9788976027167,25.916903120308255,,66.25101925592813,,35.11761807785143,49.220241833826115,23.528873526290038,55.33055329909884,46.67794445103212,,46.267888651806544,62.34108652335253,,62.51168648697636,58.37295385777222,42.713736517994384,46.75938316951469,23.03398335650506,52.167453709043365,,63.110569624003254,51.011945592788344,52.97616621578567,23.069530739634203,65.02167254976435,87.7686545221492,49.80949490189239,29.21074674728232,46.570772427909844,,64.97437628837129,,71.5917196173717,,,83.89120972009468,30.104266421670456,48.24953076859225,34.942718787866276,48.61029505441928,63.96241174934267,88.04035255435848,,83.05861550509337,,70.49361751278839,18.847214823785052,56.09354015388679,41.38622729535173,43.79668439040954,9.737123542807058,85.15784936633094,81.54516714443764,21.01882933050434,85.95593913682045,92.1823864433732,15.539815458410967,,84.410688355157,96.86999747948045,,,,,,45.323760535250116,90.01142900054825,73.6902669736519,44.43522135077419,,48.65277877776776,48.48385937150478,,63.78490554859144,,6.604543687844389,35.22356015551993,87.14915658362004,73.0277660077026,,92.3886517770253,33.213910258226875,23.314874932888596,29.80225116796027,34.36385894022826,76.38443954528739,61.32051652044217,83.16430630735232,81.5451904538834,56.70407788487595,24.698307156731957,59.37662801722823,,57.59942639173907,49.1009824266759,,48.2906331457297,,50.596803464477325,69.50065569244359,73.37507821256513,,,,61.82652809848814,62.7054718175317,79.23983706037009,,93.23978463243424,,10.564237905720242,65.18803619116589,66.62758846803627,83.8315065732937,15.099809259835538,91.19725653057789,72.74188376499666,51.28965863792501
1968-01-01,43.145008015615105,52.39436842239811,69.79032635443083,,,,,,96.08915375097426,,52.86121529195553,66.88983858587581,82.60342816485745,,,17.44520869044419,,35.44298243528361,75.17682829197977,89.82203212139581,,60.65587629150553,27.472939172676412,,77.57542531990609,,,27.98073119721559,97.70000065632357,,,89.59725472282565,50.9100943069166,53.02688493927143,39.169175092150056,59.70960168075943,62.092281182497786,53.51446872472974,,45.71050205366589,33.883264622628964,89.07734105703683,83.56719024489576,72.24119432017204,,63.176988986461666,,76.10712978470117,82.06692176291799,37.69239562880069,49.009321106414774,40.26465065768535,,94.59629513693221,77.24006715129073,79.99202364721985,37.4271406961756,22.099365227321343,30.1658074100404,89.32559639376517,78.23370621884983,79.30092575614881,61.811228446625385,96.93055646802448,,,43.641511604216255,46.12919279602819,72.64946625163606,,14.104423316193525,56.2060107410816,83.58509478066398,29.814257208076388,49.77479021793615,52.29701250386158,,96.26742694997397,84.96474821459832,,78.69577329744611,39.322399483283654,44.82926368509208,,60.49985926006081,68.40327886403854,55.58931723987446,30.668366947651915,54.63301942300824,56.312295682561306,44.9932551081927,95.18140813324165,40.0367128211212,62.918264646737,75.85769571735261,73.7405050074376,60.08205586356286,76.62617321367145,69.94884131958084,96.6437753348121,77.96412941593522,39.26899668796173,68.09491050635489,25.433532269857107,,64.26755318573734,,34.52436881591021,48.5146197560563,22.986725916757102,54.59915842897218,45.98731644936965,,45.5799044510529,61.59961950811119,,61.77025749030365,57.26253634643228,42.051224209930105,46.06823747363731,29.72422385498792,51.61164713586035,,62.36938691954099,50.29723212301276,49.25160884048325,22.625876913141106,64.16122003883498,89.24758799497025,49.10074626844958,28.684809071792184,45.88082943241133,,65.5733401137313,,69.31304580440568,,,82.12110016024124,29.469638704700497,44.200698740306876,34.35129549497474,47.90804876404429,66.53736881975986,87.52123653852068,,84.90070068403945,,69.10149750185279,18.467542560546857,55.35999599645609,40.734383473892066,43.12593021451102,9.51780163548438,84.80928283995988,79.90145461320658,20.605480917295793,87.32917449393318,90.97544595912727,14.182192825963247,,83.44421939234942,96.37846555188763,,,,,,44.64209777800928,90.7908306503972,72.30933860466196,43.75980367190524,,48.03008082625492,43.83904054471213,,63.04421287109383,,6.448525728026322,34.629209836241515,86.61176595740527,70.11215432156743,,92.0903172019245,32.641086493388116,22.86769135132536,31.48408753305567,32.59285522580957,75.06837590745978,60.12132006969981,86.07976869465442,78.04682577649645,55.96899228818326,25.820591192031728,52.13877029446034,,54.19656382410982,50.648525957197265,,47.82775382057459,,48.785578551246665,69.41655828805632,65.21622747085749,,,,58.08347603186548,61.154574003123315,78.58365443816184,,91.32289875858845,,10.328975118259564,64.449101710597,62.44297301437523,83.95885709960884,14.78221428654416,92.7608504033002,72.09761234901939,50.57364759132934
1969-01-01,43.118236621211004,52.365433149229254,68.88397730878258,,,,,,93.48480967232733,,52.832206060189456,69.62764401121568,84.36864563582485,,,17.43079198268611,,35.41896353448697,75.14913230792948,88.41650079293831,,59.41570491013848,32.940541369819954,,80.14802199667336,,,27.9601559717507,98.18163652122387,,,87.84872199865261,50.881417497633976,52.99785031505275,39.143720965973685,64.23709233580132,62.062578784257916,53.48536197661347,,45.683001249655355,33.859903070426675,88.84175033282385,83.54333570489861,72.40049580122117,,64.63596273922256,,77.23496759940761,82.04218739348332,37.66748736966468,50.04296493032998,37.74430873734247,,95.20251081173183,80.93457606878913,79.76719861532861,37.40233368810814,21.14695571154288,30.144145768670416,90.85640594289221,76.68486936650216,76.38768968258138,61.8677720032919,97.57500410654852,,,43.61459156186782,38.52245488798547,75.02287369909489,,12.29580628899546,55.21318147488454,85.56461242394818,34.08890558377391,49.96869746020823,49.742690128493784,,96.44033070962153,86.52546160142361,,81.98128307888022,43.38540557713122,44.80200257323583,,64.36914531542388,70.22398388934641,55.55994778644555,30.64646456464234,59.57045485905359,54.14086100840485,44.96594852555451,94.35631923987691,39.917978907691065,57.10895181642748,76.03752729053105,73.96004913491116,61.319907947167266,72.94032461355093,70.71284332313192,97.22830626965897,80.0481431298585,40.263913010546226,66.01359426430473,25.414305182909647,,60.9471950795039,,34.50073305379489,48.486433352527634,29.624499698439454,54.56990533416472,45.95974272200948,,45.55243844561105,61.45248933248206,,61.7405530935421,54.06227756388824,42.02479280530304,46.58180264008185,30.505494812033174,52.14630812114465,,59.32948103171836,49.46230589012788,48.86815444068745,22.608238562823658,64.13157941530623,82.73367823422136,49.07243164007517,28.66387672883759,45.85328362320564,,72.31743181766856,,73.54739378678535,,,84.17408387318842,32.440697411947575,43.05016513095764,34.32773320750613,35.65987388284224,70.83955931998398,88.14514510428933,,84.15293844807863,,66.69042546826687,18.452459563587187,51.99766459478903,42.63068317392145,42.77914339334063,10.574922549342647,84.20698333528998,86.40990910373252,20.589053502995647,90.38720209643027,87.64223516699474,14.170007731781276,,85.11063282928365,96.82582963730519,,,,,,43.62752062573174,90.52445492882936,67.89940295897306,43.73284874054886,,49.90344253943828,41.84588152013522,,63.01452827017242,,5.550543709619104,24.667719676813626,86.59001923985326,68.53448756907126,,91.40789018671434,32.61827213638794,22.849911888557827,28.39330888330467,32.15344965796305,73.05908901505296,60.03077481547463,88.27049841911506,77.1856604677482,55.939582642512555,25.79183037156395,52.10987701001775,,51.20530957362375,49.528282705668545,,46.35108014220764,,46.282862328808406,67.22057611847289,67.15095540960611,,,,54.408894671318265,62.27642158299367,78.5572200725674,,92.29195858920845,,12.521140842716916,57.61429220656578,59.79882177513487,82.16139683325504,14.769606534076974,93.87762793573,68.53170713661709,53.66591099156328
1970-01-01,43.41918774106019,53.39923444201848,68.01443802767993,,,,,,94.08612069343857,,53.15806595646124,72.42387207486117,84.7952638050006,,,19.59017698349873,,35.689121778537384,75.45948793526735,87.0937857995811,,56.171896324738114,34.13869565435896,,80.43592795218004,,,28.19170076581826,98.89751132461612,,,84.73677672561047,50.03225710860437,53.32399092101967,45.56610041027448,66.69726943585759,62.395944746599156,53.81229932238843,,45.99209263226539,34.12269628941225,87.7331687165397,83.81023322728478,71.76024447728997,,66.69658184684171,,77.7824581478474,82.31901991889616,37.947604449131504,49.229759028425114,40.83787049844902,,91.66593962747957,80.68238238221704,76.90441235299762,37.681317347971884,22.58009705566566,30.38787968118728,93.53012374278687,76.31958586159523,82.57314819437494,60.16761632915832,97.3430861429953,,,43.91720257214271,38.80615158305929,64.37436918799426,,12.417787515002788,58.076930636223366,86.9532682001365,35.84941963119866,56.52362857782449,50.06240260729437,,96.06163870331078,86.86338245700685,,77.93836651666714,43.111433188968796,45.10842037418428,,64.70159736695848,72.57541315997793,55.88977708829408,31.530499041389206,59.207718555568434,54.4211726198603,47.56229457736594,94.27041104870744,43.31134626028437,62.43530613893154,66.45074411416533,73.67680850065244,60.315755625764275,73.40199255505628,74.32300654847882,97.00774074333586,78.71203518093162,40.554544656635116,67.10101072583032,25.630717021088543,,64.13707485195704,,39.88977634229207,48.80316186965311,31.820982083600402,54.898456115881714,46.26964719235631,35.527296087762,45.86114177361923,61.03942353975884,,62.073952180619195,52.22152678196541,23.366026937887074,47.088668710605674,34.83183048777605,55.9170894924645,,59.63831755587825,52.80492054691981,49.18581872963712,22.806807614766434,61.10909457648137,84.47328516767975,49.39058630919251,28.899428858473296,46.16287682752014,,73.12322138455394,,75.17889523629037,,,85.98172542473468,32.989242281786716,43.3508854729995,34.592775833150924,37.02965048144043,69.3705713140371,88.37397640781145,,82.24195102337636,,69.22083826527697,18.62231236423654,48.368136635178715,42.92996473539608,43.10613887480152,10.682282131617871,85.02413912240813,86.86028826472463,20.774016954366925,90.6847439979417,88.3545728663426,14.30727232491682,28.085119842337612,87.48140401085716,96.64429740480476,,,,,,32.17580364735619,90.54436850115464,65.5358911838768,44.03584927684223,,51.23606755819954,34.7953887286534,,63.34766241788326,,5.611554054884149,24.87950397958446,86.83314392157438,73.44729860980776,,93.04656722611065,32.874932169902834,23.050066110190237,26.5200859850562,32.354905153180106,75.23762942120645,60.36391943254762,88.13520885083133,79.25701469514821,56.26985230345265,25.96557159808426,54.594429533876124,,50.28008628765157,51.9704658039509,,51.294583836527586,,46.6279734931879,67.90735803786505,70.83606508794149,,,,54.737219900986474,62.26873043990455,78.85327569748645,,92.69708679853179,,12.644994169791879,57.94616825432786,57.24102156925473,83.78953077909117,14.911625474499335,93.50112433027205,70.09111401675436,53.993132212993686
1971-01-01,43.0293631060799,62.484119048990564,67.65626335148846,,,,,,93.77614508666386,,52.735872694077266,71.00435513689987,90.3750465521249,,11.416586233447356,30.80006621001905,,32.8648340580839,75.05706604694977,90.05376078098857,,55.74409744176301,33.216811626693456,,79.4243760629566,,,27.891882827919822,98.53795060194017,,9.167836433673394,87.6448613185784,47.05849352449707,46.65159095849464,47.004901747007146,66.47048702386928,61.963908635617585,53.388702544272306,,45.591698907639724,33.782370897560945,88.52813113239557,81.23030918922748,71.34331828922677,,67.13457042273534,2.6052355219218226,74.16804896631095,81.95992403282274,45.1447718428638,49.63536935656234,37.33411010198694,,93.11269297131086,80.79085583464213,74.49275353091407,37.3199957141433,26.061840540802184,30.07226306808124,91.88534717438334,75.92134795644402,77.9099696194391,58.01588898892081,96.55922494052412,,,43.52522319161951,38.43871645433274,62.975720164774884,,12.86919610085201,54.28910990619005,87.48819261486406,35.49859389212896,56.09532091926075,49.2922624038049,,96.72635775835484,82.3184769234832,,75.72896091621325,39.291285464714896,44.30573029360284,,62.61952799293526,70.53935762462136,55.462408616191674,32.133894567903276,65.40675160128038,52.964938964701425,45.08742579984312,93.80477382772789,42.2402832783777,56.78517186695655,65.50873113651096,73.65141027209174,63.38293580372818,66.74643992383749,74.85360995603175,96.70512625858359,74.3905348677494,39.23093129941495,67.08857074459745,27.630246041233587,,65.10330270648043,,40.30864326299661,48.392846294789784,28.226528082104263,54.47275612038038,39.01386799067692,29.41854083862383,47.08989095023443,61.80535506148297,,61.64187763949889,51.70932202187628,23.10423546953424,49.16011135457777,39.133042788740454,57.04936928339666,,62.67319025058866,50.57943597922758,49.10918449638844,22.549719881838737,58.13639661211105,82.45820816237875,48.97841700849512,28.59441716041117,45.76183136574357,,75.82509662187512,,82.56573449257046,,,90.04983984667999,35.347540733512396,41.310189016836084,37.362006491764554,36.45071775650533,69.07227332264402,88.07699263385487,,85.10398225757676,,62.04859599805423,18.40242514787963,47.959243295012996,44.35423059493997,42.71769521325432,12.215985556271203,86.2880466277488,85.9361610008737,28.961696353789712,89.57950052837307,88.96050778527724,14.129592117059698,27.78609251967974,90.35753242825855,96.24953513132998,,,,,,31.848018812616864,86.99815944878644,67.49024639678669,43.64336421523939,,57.90761419621955,36.74741738314252,,62.91591324441106,,5.532601560199446,24.605293502898885,86.5176586637465,71.74085656529373,,93.30785322003521,20.840925380022433,22.790924611590125,24.792228932199357,31.827056514707962,74.53264905126815,59.428794129123055,88.47925764866066,82.7470598092659,47.48443388036837,25.412066912107957,57.61854213652187,,53.087586966027665,48.741934534742946,,56.13725050251139,,44.05338007595606,67.48076020696287,65.06472170761093,,,,54.311814059976115,59.178178393057365,78.46932732111415,,90.43623143903746,,14.887039679552972,57.51612219049254,55.47343709745143,82.56217013430631,14.727788189704526,92.75499558420672,68.64082473990277,53.569165530227814
1972-01-01,42.19254963039807,59.459306861828054,62.530312485151995,,,,,12.077317049509851,93.29158969749402,,51.82649666111758,74.48011266472201,90.08009148874015,,11.10069618669618,31.86245879075471,,32.14916797287597,74.1808649972657,89.97708703566462,,49.499675840124326,30.11575375954805,,72.13095587597198,,,27.25135011471935,98.16024219498719,,8.906275720580027,89.47786868427534,46.89238156389152,45.78253603923256,49.51838327373002,66.55147172890725,61.44996302040773,52.47608004947233,,44.73146046452364,33.05396795989458,84.44710396791865,76.69383637703552,70.66487469926392,,69.0267373633482,2.521179889840386,70.76574760903654,81.17381998743843,43.208149288655875,47.171866818927185,35.939706152833836,,92.08280046813623,78.53669772314285,72.24581362326731,36.54579549502019,25.074048595574205,29.397522081599725,92.35132450805484,71.53464561579683,74.84123082259362,55.41578924190473,96.11838927124616,,,42.683646132451834,37.651137303879956,62.82539184481597,25.48025687007456,12.519648587404186,53.2814548800701,86.96734339205928,34.74731412368617,55.17158512709297,48.40351926107803,,98.107689101471,81.29154805986329,,74.45863745713228,37.10572232580323,44.286824753822515,,63.363582547905615,69.94213638939823,54.54092745106398,31.428626622310606,66.36782544709368,54.978675041984104,46.524615459640074,92.68051518496435,43.47783771606268,55.85922281293827,60.759732398294595,73.2574629152764,61.820957061564094,70.30584045231485,73.87912549245097,95.873539299475,75.47887397215544,40.835061776277094,65.35895444601864,26.993951067432718,,64.19528047661223,,47.04394733269921,47.5104396360586,26.763077894815957,53.55522408105664,38.219619050949596,31.37799407206179,45.457108989609075,57.845182922341486,,60.70785786576429,49.3070969796149,22.545780683187367,49.482693255031485,40.25212229281562,56.56905907542911,,63.90623041004777,45.28467951850851,45.85524078190652,22.001395815017343,53.51670232812322,82.44473533946085,48.09184115332646,27.942646429588834,44.90014293622458,,74.5556907688518,,78.46484096652803,,34.24421810090853,94.17886376458361,34.744510903984896,41.7331139403162,36.58729421251918,35.68728126356092,72.35773672287054,87.42225758519696,,84.1509849504266,,57.41613623288906,17.93407615345992,47.08002850564132,39.29488732488622,38.75519058283794,11.881438784842457,88.68288627719183,82.77874075373722,28.49608614192569,89.59096372111662,91.40101238450208,13.766601219741892,17.11367199716902,88.73052303543699,94.6702708905474,,,,,,38.578921205432536,89.33720480050845,64.68740057557443,42.80066841146417,,53.57994228314351,38.67775205187053,,61.98206263378585,,5.365315499867728,25.531851090538126,85.82360582251103,70.8043813514019,,92.54589273286811,21.973426086026482,17.85039768078779,25.832948199910398,31.368372615144047,67.42453485879707,56.67969598472238,89.42982219658798,82.32030553434421,46.63606703379172,24.812847154843343,56.69026374103294,,53.87130251071844,48.61088954535878,,56.082469342846665,,46.53167843593683,69.92884639627408,63.012849364194444,,,,54.268216843488126,60.72476894799135,77.63130063957571,16.11605150148283,89.19816949694,,14.492492054389562,53.22596877160588,53.6033386553689,79.23257884051782,20.490941735526434,92.74090830651745,66.51602693800973,52.65568385941259
1973-01-01,42.070357961377525,56.47488143552688,64.8651676226985,,,,,12.028173272261878,93.26486900031887,,51.693358669681345,73.10478435616537,88.04477702575657,,11.054940091540432,31.75882643547515,32.55427306457088,34.73596819300872,74.05150664228957,90.638277331199,,49.368585522826514,33.03184114612079,,67.03466712447606,,,27.158167313386162,98.21455014518497,,8.86841686037384,87.61546738092608,43.215869128836545,45.6555160655666,44.73198339832486,67.96072274585237,57.41902202511473,52.342441341774084,,49.50653510411581,32.947850824978374,88.85289024953279,75.10111527390076,73.10487896047633,,65.02379402132516,2.5090500565030704,70.63256789178767,81.05727868938914,43.08450429664157,39.95377225439769,38.53917094947279,,92.70597471983334,82.46882766448469,70.17931333495098,36.432908752056306,27.359828970061038,29.29931095242995,93.5272227113878,68.79495161386522,72.30177769496922,55.280283744052184,95.80536332668287,,,42.56074317953179,35.00863174737467,58.81439009100342,20.182853351994822,12.735134099383272,50.65023646825564,85.4662486546281,34.637818399282374,55.0362093361366,49.92959248307207,,98.04610841188949,73.96957447658252,,73.20955799281363,33.74328615231998,42.01987373386973,,60.189537151290565,70.78210817440662,54.405908142143254,32.24730781308861,65.0378005640937,55.86670726262219,49.750054294989134,91.31162926200183,41.99609380634628,56.79599675622842,56.731323946219156,70.15701126821337,63.38390075321341,72.71349466032945,79.6743780458754,96.18126442883805,75.95213219800523,40.2540363280707,65.58152402617023,26.901390632204848,,61.152322820366,,52.83122873405595,47.38140760094039,25.53985231153899,53.4208234098918,38.10376036551363,29.867865282829353,45.330490907022224,55.77686015652154,,60.570728838806076,48.80781545554987,22.464633443446104,51.922359108541684,42.91278297600808,60.02390670556748,,65.2662795005696,46.91235044026166,46.47545414105102,21.921731616774643,52.981303799539845,81.321787971588,47.96217869205053,27.84781261721022,44.774229399183206,,73.43568019349513,,73.48212613156906,,34.135707398181005,93.1882817646367,32.83742906099412,40.41111221730935,35.45229548060487,35.57598779397052,70.68555837318505,74.88869692339878,,85.37652536802376,,61.68037915504638,17.866103071576344,47.33242680230495,38.447130035203635,39.139837107395216,11.832968441061787,88.78370158696792,82.85346814550358,28.399952044577724,91.57221316231416,89.8850248754111,13.71177143099025,15.834705618309242,91.76864351882958,93.32624044469077,,,,,,38.46244785607298,88.80629560593985,65.67946611122638,42.67759832055993,,52.76774445871395,37.23374698161721,,61.84489761719085,,5.341136186200346,27.64425446813279,85.72032030552006,73.93279947552203,,92.83061284217257,21.893838598404447,17.782676647691353,23.63810376126345,33.7810030468481,67.10154467873923,57.470559471366656,88.44168828728874,77.82245146739301,54.91745157102466,26.98833077204941,56.55415775909862,,55.77603898084629,47.990076106447134,,55.94663363914394,,54.771831322960885,73.15962626459157,72.9326393100605,,,,53.76687245851859,65.66612012127817,77.50734439920402,22.38026775731443,89.07483435163822,,16.01075353967014,53.09179126552881,50.847930055858996,77.55557527283689,18.582927655291826,93.62896204032583,69.99242219909472,52.52191225952521
1974-01-01,42.12330295007523,56.53385822040398,66.44318116124586,,,,,12.049455115393638,91.82261660735888,,51.75105759858789,74.4662650301268,88.85403263037061,,11.074754454617086,25.758127875179817,32.59989304864439,34.783488362105565,74.10760132362044,90.97097058048888,,50.926106475203795,33.607278401211694,,67.09352298650319,,,27.198532081461035,97.17321137709395,,8.88481051515756,86.2741024479019,43.26952438855215,37.72760463375895,45.110174093097,67.77020095014497,58.19638069253914,52.40035806264589,,49.563401450936695,32.99382318786741,87.98711056208994,72.94741904131673,73.1614926481617,,65.31377640167281,2.5143013815608684,70.6903128658289,81.10783055905016,43.13808002433025,40.005306236053784,38.8175631138883,,92.7640030398326,77.93969406501243,70.79410509873284,36.48181691161226,29.19421971967504,29.341855500004144,91.80981448883891,68.85333967321901,75.10142198901251,54.7062631359619,96.04393443566516,,,42.61399685374159,35.05638026368103,58.87370628245427,20.467022966812298,12.757461692471917,55.2646736134909,86.55491040095337,34.68525587309789,55.09488230412363,42.25610240038329,,97.44608757576233,75.25405434692755,,78.07047382957359,34.73696785076608,42.072786552417554,,60.248960438944124,70.08096123154436,54.46442579481368,32.292650041524006,61.11029234323766,55.92556429045321,51.16125923077763,89.41854938411002,47.156377362625854,50.65023867982783,55.041711348479396,75.58660090993638,66.10112732340599,77.77720578338979,85.15491697515432,94.83615719656827,70.87296142728292,41.7049396138851,65.5653416114203,24.162654175655305,,60.296082551109635,,58.27312937339737,47.43732219237382,27.34485239828055,53.479071695862544,36.673559769197915,29.910967738923343,41.10790248385554,57.26441072275308,,60.63016935940588,47.3387982254004,22.499781701580602,51.98013642705541,45.92368200817178,60.04362376393084,,65.65560500761724,48.0749007941056,46.53092120581837,21.956237165149194,51.25423190624758,81.88933472392408,48.01836711992037,27.88889307101099,44.82878985057903,,77.4435625784174,,72.75395746245805,,34.18271770377799,97.35319850036666,32.67281874532304,40.46296183676317,35.500411199162876,35.62420492543132,70.67082286673583,73.03511511621892,,86.60656803243108,,63.967360765087356,10.834719784200342,42.63270724400069,42.32842651352087,39.73150346700315,11.853958560846856,88.5487575888683,82.90203654787017,24.6664428604226,94.24777397782151,90.06297139382393,13.734509951975237,19.88286349359314,91.53213571633354,91.67535871060184,,,,,,39.61483257942125,90.77463427667483,64.91546056024211,42.73092453267404,50.4988249104702,52.28274383355542,37.587250015010476,,61.90435563642396,,5.351605258708913,34.6176677727845,85.76513446777216,69.75914700437731,,93.57243797912005,21.92831090290871,17.81200688588427,21.405381546457413,34.15761926208533,66.41509466983774,56.0385662795666,88.05162097873018,78.75434267895785,56.64311673753919,27.19075523774116,56.08914039646673,,55.465786631551175,48.38842131365914,,57.405278220864005,,55.177885898248725,69.8152789532259,71.86816140368428,,,,53.8215537118188,63.755774400268315,77.56110382114679,23.401232069378963,85.94337250734637,,16.037715185759318,53.14994242174396,49.20388439364034,80.72198489428044,17.887676691783238,94.71684524338957,71.6063049337683,52.5798867945088
1975-01-01,20.88442996884483,56.67751727489967,65.10500386866127,,,,,13.054224750551025,94.19070502616289,,51.89164255341072,74.65141502479446,86.77798351246638,,11.123130536661918,25.852858274686486,23.41663927323595,33.91741817348562,74.2440612745765,89.42904438264185,,51.0659760649842,31.174038829447404,,65.54532372014879,,,27.297000469757126,97.23050828052925,,9.181762365570844,88.48800724366997,44.8731020209303,38.37804015588817,45.243538348644186,64.74064070443299,48.559162286713985,52.54146859247866,,49.701974259254676,33.10594082416189,85.42304953489153,69.21316314360632,81.98778035981833,,65.09131633642204,2.527131396183546,67.06543334343978,81.23070974162742,49.16942187875709,40.13094582671173,41.02373970590543,,94.42056911884531,77.63313514454566,70.74838206541216,36.60107484440752,29.297639427762157,29.44563101371742,91.65092222840063,69.00718700808936,75.22773194066814,54.848968126524554,95.74429104711413,39.77454963045959,,42.74381249759593,37.32891436984311,58.83166395606452,17.641949150264292,14.163472995909753,57.3985322321267,84.96526895437887,34.10174320343139,55.237813442857096,42.52216787725447,,97.09532030204171,75.8600865613987,,79.89478920474662,34.8527554056107,37.76972714365807,4.676942505490034,59.11245812422494,71.89025356828127,53.4183257192544,32.403234520857005,59.70836242974373,56.06893681990124,54.48378411728032,89.95693316387342,54.14914788282572,50.789857262291996,55.53132488235415,75.41786415050203,66.69079267905153,81.18325696095293,85.44488687879792,94.53230884443727,68.945866910534,43.60478607956424,65.65471187216613,24.25308241968367,,60.6391674415649,,58.95547580451854,47.573591023834084,27.443692781042838,53.62098145897778,38.06047178600126,30.01610132977357,42.80065261690892,56.96528977633783,,60.77492107780878,46.904621067423555,27.036197702524923,52.12091059769959,50.63556751991483,60.52601261412771,,65.24591071274466,46.53446893414698,50.68492355431482,22.040433065376774,48.13929667844755,83.744074903899,48.15529916125526,27.989104119940755,44.96177629497754,,78.23773806830549,47.37969526673219,73.03536659414695,,34.297360304493594,96.69594963320812,33.79487862894139,43.532222330484686,35.61774227431604,35.540627244200266,71.0744954345085,73.18128774899597,,86.37111509372694,,63.82438855896939,10.88220188406237,42.762551127036886,44.31886517354431,41.067423815900604,10.98866689982102,85.33149436978454,86.73330839307395,24.758247995719664,95.52681088050983,86.39917094229452,14.549236511499364,24.19939360990082,92.12827833240986,92.72283945387463,,,,,,43.361258502352015,91.04508781402902,63.53785225782973,42.86091624961483,50.63830322852723,52.423761625559465,39.08869212037778,,62.049137811265666,,10.018326868826488,34.733210611093554,85.87398852522176,75.67931179064725,,93.16929891689482,22.012425798860246,17.883589284367496,21.48796973265643,34.27220953057941,66.81085313789082,56.65651484611156,87.4591968384304,76.72839625637901,53.55162692060533,27.877232592711533,56.23259304335173,,53.607388713824086,46.17384433356191,,60.694062398757765,,55.32086372262837,69.6039615811479,69.69635956085389,,,,49.12547557725235,66.79538242211463,77.69183613037008,22.397682407408514,85.25645454545034,,16.247611307275676,44.465956228249695,45.43336804185686,84.32099510597641,19.558955460540506,95.48382410340128,67.81035725740034,52.721136769642364
1976-01-01,22.2942008792945,58.70941079898966,63.22763743793238,,,45.33993795985126,,12.930365529526,94.93054210878248,,51.5766170666536,74.0031249988208,86.5403002640452,,11.014921170552794,25.21104616453036,21.507246965909268,35.38129061314097,73.93785298143634,87.33469686429373,,50.752566048521565,30.932641194870946,,65.22226801524131,,,23.90461174810934,97.86853700478325,,9.08999923758027,87.00061879342381,45.59134215906021,39.47059893141822,44.94478516861007,63.979269466807054,53.264889161665366,52.22525537667353,,49.39149006086014,44.54027924094272,84.49683975308992,67.94140961554056,81.20317368493583,,65.43334115238817,2.498450595203139,64.62403139579207,80.95478440757209,54.90233333235317,35.66477437965445,38.05786531685773,,96.00671506058447,74.08146413848283,76.4632209868897,36.334020415390036,29.0661208895857,24.05395121591831,91.56142578539145,68.85533349947706,73.68357646712947,58.22889463163688,95.04665977012198,39.49452457388212,,42.45304057335497,37.05875123588537,57.228324780117944,15.285938829799317,14.030925917022596,59.23122703658012,86.94921539086577,33.84596420153467,52.2505967011645,41.694258695989795,,98.23072636321767,75.50431038628913,,78.74690248254697,34.59349092999773,37.36365666635092,4.62652727588787,64.44052723241623,74.48339444889729,50.686172647758276,34.913954656977,62.307981128082716,55.74759756722032,54.182295186483984,91.2253777412813,56.68596209678167,39.52551494658725,47.503964279782885,78.69001455697432,62.98197618124357,81.86405724598787,83.5758893285942,95.02346723184694,68.21379286933755,39.90595653878562,67.90973890978702,24.050688871928894,,59.49622388492726,,64.5130869918587,47.268299171425134,27.222442414968782,53.30296029472732,37.787264084529994,29.306670126531486,42.479496771563,54.85313667098464,,60.45040754521973,42.62196852298836,26.817271965128555,51.805457600534325,50.06748224164055,64.94022003865881,,65.79045841306508,42.30526104946151,50.5335061868668,22.729900488464637,48.08987441255206,79.65473075561889,47.848513295999396,27.764780568361648,54.3332008837897,,79.64051673282134,47.07491379482277,70.66982891960674,,34.04066540443185,96.43706517151934,34.02467756136438,47.769988866300984,35.35501335430945,35.612674577602974,73.38822910608305,72.21028481528025,,83.07884838790085,,63.71667325013208,11.867263232808689,40.576806001058955,44.022949113162056,33.56951556657184,10.88157296848692,86.22160492533311,85.61979793835354,24.552768437866302,94.721933668194,83.95088176334528,14.413717931818294,26.407031677968362,91.29880860553061,91.84223879357216,35.055612193648,,,,33.44634031558973,38.31345837001005,92.40256459086204,60.80637087997363,42.56974846285064,42.226931972476244,50.74787987781648,35.05822779551755,,61.724532026694526,,9.919385498042166,35.94704471807068,85.629401988608,78.73742854697268,,92.84949954220588,21.82418020379725,17.72341941553779,21.30314494523121,34.01563207211481,66.81942997985357,55.563533492902216,88.12328061135119,74.30730074670893,50.30535072008364,27.65353583097867,55.9110714852483,,52.501321217575715,50.76577349132159,,60.59306719311297,,53.636855121505334,71.42087915399668,73.80033503508643,,,,49.40331299761296,65.50746001046326,77.39838803659582,20.862501593972116,83.05744329783508,,16.099308462800323,44.16957975485663,45.134049313813705,82.66541160071401,19.543455747499472,93.02590946718482,67.68676701770968,52.40460828375275
1977-01-01,20.487779601932044,57.650604687135896,63.524468928968616,,,44.364262455888436,,12.531714103951419,93.56792348350605,,50.54954839945014,73.85480664764673,89.79173463463734,,10.666902892484863,28.81339351352642,20.90625255423324,34.01331827502372,72.9288497168311,84.29970471200694,,46.18818848930696,30.151025024643964,,60.04793435713096,,,20.07002814603065,98.34471400482691,,9.565663520338175,84.93393700939713,43.54486595022329,38.56174607750439,43.973060638750596,60.21445735108888,54.7979443499653,51.19406475724795,,48.38003558314317,43.57268253692723,82.68265609771608,66.16786504887567,75.64829346463515,,63.44231897850141,2.4066474817236228,63.56349659260459,80.04073890414789,55.818860165020354,34.8083300406251,37.89026172528484,,92.74844234057917,74.16727451294136,75.22090816534796,35.46785377389947,28.316931266007504,23.3999811933443,92.79117527213003,65.94233660890403,70.16753220964553,56.915975600834635,93.55498730249121,38.585364499524324,,41.50806959166058,36.182298812148275,56.52615457927139,14.827875499995857,14.725279648680988,57.442904981259076,89.0451029188664,33.01702306782956,52.48082648158401,39.5118548482714,,98.18283973062472,74.14874220149674,,75.89687131924416,33.75305525069474,35.56894758873004,4.464894082185467,61.93306401711853,74.06416479003315,46.13119298742839,34.033592255201896,61.61972711076491,54.16671468387402,49.8904346370478,91.93418664877254,56.743438603616966,38.040876050089054,45.92736069878871,80.41443567370237,67.7361316766557,80.82456700168906,80.99172015469452,94.40129946318618,66.89172224848016,37.48386790088611,66.2145045111221,23.396784714170327,,54.866191054790534,,68.14643540451281,46.274509131950516,26.506895467032365,52.26545093072161,36.900727395148245,26.294983875515076,41.534225216520504,50.36520823550297,,59.388631733249156,42.61114530709127,27.21568257214639,50.776907561437845,51.69121905209626,63.3828837137705,,65.57831080469532,34.47822561581444,50.42867536729045,22.58669631311927,46.76863980197011,83.38483181136823,46.84965617832947,27.03917069751722,53.29027888922955,,77.41288895273273,41.38653181211658,64.17098185233954,,33.20870480639635,96.36608410912953,31.719688071011998,58.032946620941495,34.50314159081476,34.75699610621555,75.58261156918941,71.18600522007307,,80.49420018807963,,63.19471927670699,11.49644768888094,39.654042807231505,43.060753836767596,32.36495536232721,10.5371608857169,86.5669494022098,88.56883993905032,24.639119438110633,92.9676030446683,86.47914918767346,13.925596846044375,23.969260189468898,90.82563579626085,93.41135401631345,34.20820365192967,,,,32.62365301451866,37.036403915698955,94.57168008119284,61.90474460484279,41.62345418964533,39.766120535008845,49.68863639708264,33.0246246208568,,60.66185471098484,,9.601319993000423,35.08647359244714,87.4591775877808,81.26850669369766,,93.95682480012817,21.216422026591697,17.20700988807846,20.70653226952084,33.184058686853824,65.76460672608245,49.68342449738689,84.10244541835881,73.19567779163687,48.59236963029843,26.929978746670436,40.84526832002708,,50.822746599861105,47.190764734066946,,55.14557745692832,,52.252487278389914,75.19514341225516,73.0083701377191,,,,49.315095950941135,65.24021991731948,76.4291072519665,20.275418305042937,80.34073035082235,,15.621429371340401,44.51079697122191,44.160422346752625,84.557378313251,18.98546989261487,91.18416396901077,66.12804891747888,49.734776814239424
1978-01-01,20.43438963835853,57.554056851636545,66.6413084519657,,,43.678240412957734,,15.727162457325782,96.0630445807233,,50.45611256664031,72.83315399673013,89.64987796592614,,10.63559976575894,29.980487613565685,20.9638009101199,33.1385023388169,72.83624689601783,83.65611531558923,,42.20833233201231,30.080324922272595,,59.950977578707665,,,17.988037106622034,98.69865214850832,,9.537157189824708,83.50088343165825,46.81377396603188,38.47935091014464,43.88483227800126,61.27641397698929,54.70231590589319,51.10023510667929,,48.28808116401123,43.48483901217701,82.60294560650435,69.53638636624564,75.55828573062013,,61.56957448661191,2.398423030733532,63.466578229540474,79.95648512841393,55.72285008867477,34.34888462027654,36.97332422679995,,93.56994484568874,74.07576910801943,75.85618952658237,35.389394375400364,28.249197350579337,23.340934098685963,90.6589859463387,65.84590304878002,70.97045867904708,55.41803417417428,94.71616508282324,38.5029409470229,,41.422330151505335,26.590344721261083,56.429914250185156,14.786618133731722,14.684256703481847,58.06896848722018,90.1988815373526,38.123663450003754,51.27826892100822,37.502608527977834,,97.68373569138848,73.46398071442526,,80.56689021736358,34.475085630005054,39.720723852938875,4.4503940238768696,61.836030478014536,73.97256274048722,46.04102204764845,30.034990889172864,54.334733048810115,54.071350929400744,50.59765546961379,88.2879782904192,57.483982220609505,37.438013253567284,44.5603960926598,78.3217493983589,70.88270902706518,80.74417862167608,81.49102164812999,95.06712549846804,66.44495947947445,35.39624232077154,60.1194504665461,23.337743617804986,,49.415562821053314,,68.11076421511937,46.18421713827797,26.442234433234425,52.17101442263514,32.98003165834529,29.657090395629805,41.448457876847044,51.02289205688528,,59.29175329628096,43.31542810146749,33.41707838847693,45.91648804026413,54.28209495115066,57.91169572412345,,63.24229946381319,31.974622667862995,45.94530194755937,22.52919024112259,45.078837834122176,78.68972210247325,46.75888844380067,26.973590982354445,53.19531852208414,,74.55028311526004,46.050195479171116,61.70011971630443,,33.13338951378441,97.19804944097281,31.088846725868603,58.57373789241562,34.42599706091307,34.67950156526416,74.08519941522744,76.16088197246394,,83.63758410321286,,64.62446545201217,11.46308447244293,39.570361437540335,42.97341339903691,32.2908723663067,10.506183538506697,86.49573473994198,86.68278824410132,22.68099754011975,93.09034272194832,87.13911338108409,20.96410779247978,25.42666858263034,90.51032187904613,94.5045938796824,34.131469375094525,,,,33.23090319674894,37.94426126967999,90.84216980306549,61.80771057449286,41.53759191058845,36.49864304072163,47.095354270704156,36.544609025470756,,60.56484875523467,,9.572721968034514,36.28979925102425,87.39027551660088,83.54202927076518,,94.75600085804204,21.16158028571411,17.16046415916589,20.652703883834878,33.10877894341178,66.61266739510864,54.425944075747346,83.61169567334258,72.20236652210245,43.18987325116497,27.867929665953163,40.76024644201431,,51.28066235004742,46.807962557139696,,55.049812578782856,,49.11238043921951,77.00958808548364,72.8637377350382,,,,50.10400827630976,64.15313228708408,76.33997422629098,20.222456070961226,80.5973057781309,,15.190312839049403,44.01408669535002,44.072016507670355,86.51017657740235,19.117749823628216,90.90394388622694,71.99063188272483,49.64186935958145
1979-01-01,20.833260747010463,57.87213327919562,67.07219718036784,,,44.52743832012028,,17.80579325112842,95.30168137432705,26.35136581616717,50.7640733465591,72.72842261301614,91.73437070698722,25.83605667462917,10.73899718380843,30.625331344273476,18.5340285255995,33.133974247193265,64.43643868285571,89.36922621447708,,41.39058524118728,28.626562439961933,,69.9186063478631,,,18.147586119308244,97.70297854488885,,9.631323615436472,80.94384292156404,46.04610987925965,38.751101734300796,44.175737863448575,62.86194028294323,55.01742168520958,41.579017439181754,,48.59119755690479,43.77448203832445,83.98708226891107,69.84869987774891,76.232484832671,26.40147138571354,63.44424619930309,2.4256099585980073,63.78574149894369,80.23348725786273,56.03919279214291,34.60301934427752,40.10281078065372,,93.98937964479195,71.3126615155384,77.24640427912857,35.648205924248934,28.47271045834072,23.535830934309942,91.67975434940118,68.70065559110526,70.00423077994186,55.74959871625833,97.09045396247686,38.77478505406855,,41.705066898010614,26.804585027005558,55.07910997656123,14.922860086684631,13.090996626470341,63.00262670516923,91.41956067475752,38.39399761100375,50.72698044486832,43.48516778995367,38.816370891894316,97.86225706881093,72.27834722382134,,81.48098249759529,34.88272051121157,36.67762161898869,4.080701082564186,62.15561176644433,69.19580435323525,48.137987997367084,30.268034448069137,58.04872808931154,54.38559699695627,50.15179738212294,87.55367475690257,54.21704508189973,37.40362635065411,41.67403648579538,78.60664481539199,73.39188223827873,81.92654238660238,82.2378331704564,95.05734222588885,66.2735719979209,30.507716545328122,62.890254688569854,23.532620687181314,38.61458292926536,51.78629612536707,,66.05717222261305,49.350214957368365,26.655627104670067,54.03503652815607,33.22777023772839,30.4888049794235,48.447088181538234,53.26903727515997,,54.352573231907655,45.79846442428632,33.66688913222981,47.61163583288751,58.17242243468328,58.79761652161104,15.005411537249703,62.5327310676322,35.680626599272735,46.10361579900618,29.893312591199162,45.337213937982455,79.31999011766047,47.05811911114955,27.19000958470994,53.50825235651217,,75.35025740225319,36.401648517054454,59.60043448741366,,33.38185840904118,97.00194250799571,29.338565346394475,60.48208975670588,34.68048387919792,36.70171563165816,74.86504517391663,76.81407068522908,,77.42443962448374,,62.33327854120974,11.19621060005226,39.84633853871355,43.9829513397046,32.535286354132566,10.610033818161824,87.82803296432517,85.3163629234458,22.871773236637814,94.11365082699457,85.52962476119876,21.143853173027914,25.376221506943118,87.77495324381678,91.50821460071913,35.355950262837865,,2.934644380587892,,31.848724955234875,42.74660851395562,87.57062147175502,63.602300186846115,41.82073198967986,53.501401872238155,49.06796154582618,36.16428914889396,,60.88436839023945,,15.250836906909871,36.552528343445886,87.61651432500788,85.90919799521586,,93.20011175278273,23.630287506676094,19.77726080076718,20.830400434274377,40.09427745205042,52.51372681888991,53.051502152680264,80.45059538498232,70.62348611794755,43.478569159513484,32.25495157047242,43.32377415960521,,57.70270395822499,48.560584684792296,,51.90514001513347,4.261681392864924,46.91803622236039,77.49744120962583,73.5936094784088,,,,52.53435887792632,61.312271883465755,75.8016119725739,19.159647848716453,79.13734814374864,,17.1556496757043,41.1767236152572,44.363504288708164,86.21669477589738,19.28512838757769,93.21093818465225,71.0775127754907,57.87926788293145
1980-01-01,20.38995555873123,57.0933533084212,66.87532769429706,,,53.46705130308356,,17.413907000276787,95.57155011771566,25.823084704335063,49.99326415621742,69.5485304033085,92.10016681213608,25.31524291016999,10.481399551582493,30.873830529766423,18.950839783240646,32.51627734426582,63.636838240397964,91.4222293338813,,40.56974619781456,28.066451311088624,,67.35821888477452,,,17.749719579373213,97.53417642127266,,9.485170417887346,78.7326266509955,45.304522717055896,38.07189075582747,43.44820058683494,65.8440527227668,59.86954890598635,40.873227080541874,,47.83271981851577,43.050136325021334,84.08051846182337,70.51349946219673,74.39630513579762,25.872469290805977,62.10366387122601,2.3579888282574624,57.18789504836024,79.5364098893443,59.048664212416746,35.873349219572724,35.836188565846115,,93.99698990602728,65.78347113014206,77.8321066077665,35.00155783443479,27.914693241862732,23.04951960496937,92.15502204618284,67.91186212690478,68.44018923037831,58.12130699814861,95.578410346652,38.09533912397609,,40.99816160251735,26.269815251834284,51.897146245374955,16.605027297763865,18.456905377386047,53.501637255633106,93.44222561274958,37.71835440188691,49.33401811939942,42.683616358614216,38.13651290878809,98.11972235893012,72.41327039185087,,79.40047325964795,30.49873540663142,36.10836751876065,3.971560998995882,61.232319163210505,64.04662590495613,44.31530757995399,30.70732113821204,55.78130266904247,62.16191342650718,45.50829486636779,86.34167724049577,52.52798924695967,36.738123361690015,42.72813967354929,79.4192221502669,72.75976500633105,83.57140303944118,76.78570979476963,95.44358208195102,65.90830163755581,29.922687880557287,62.246487754497835,23.046358852241077,37.9367303316311,49.19361556448681,,59.03052439116232,48.5872077563609,26.122981791837674,53.2494322727022,32.60895236240627,30.59510090097728,47.69299571418154,54.751632227853264,,53.565781163818386,41.52502789913879,28.603266076746603,49.76335170631011,55.98408443531957,54.84544334488773,14.664255066437114,58.86022135082336,33.624538522071404,45.33416273582266,35.99140971457777,44.90508119872051,76.27147624262672,46.3095046253978,26.64977979804504,52.72471709018352,,77.02125604216991,40.57820970550821,57.94861847830604,,32.76120586573417,95.07045178917606,25.960076196135905,51.25376556481556,34.04470882313897,37.25953764147849,75.93801500863987,68.65807747685396,,82.29083459628286,,67.08676145048018,10.929273329476452,39.15647956256978,43.25693970986369,27.909111457257254,10.276714317125235,85.78660784271958,84.56104638652943,22.395780224269835,93.61902171516292,85.16383367445759,20.695468255690585,27.083854960573074,88.58547346108719,94.0160321388349,34.71255012147307,,2.853986293480415,,31.246706510415688,44.92568984839349,86.66878201170469,64.39743275883995,41.11280889478171,52.717894316989586,47.089661067778586,36.814776681323224,,60.08350602378898,,12.549071746623985,35.578200387857365,87.04559630740475,81.28994292540388,,91.40853706392048,23.142521562350726,19.351496318863603,20.387142193345266,39.40206986537874,51.063222110759064,52.165529596738544,76.50080265808813,69.1089315728561,46.824274228130726,37.00413673593182,42.603087370755624,,57.50103500030663,50.33682995672686,,48.4366788781755,4.148141968417685,45.29648096668611,76.14979678134577,66.86049542799861,,,,53.339561792617076,60.51121169567908,75.05692983633398,21.982915905706633,84.24322377790962,,18.546446667056347,40.47453174532267,43.63449492637148,90.06605352330155,18.867681956849424,92.02196237276087,70.04306466051884,63.88620193505141
1981-01-01,20.66874725207043,49.47944197488178,72.27085916790925,,,56.81546313448285,,17.660308166897345,95.82515945191709,26.155443289468927,50.479037863563605,65.71918938568484,91.4428464973582,25.64289211279409,10.64327480682421,30.007314273584594,19.214245030105083,35.51054541526699,64.14136644885006,89.58152783881769,,40.76359479568536,28.41888924494489,,67.8445422218614,,,19.274030268912345,97.62516104202689,,9.633750513455851,82.35183864787234,41.1673079648919,38.8631906216264,43.90647722757098,73.77246121212451,62.15957379676462,42.8183114893274,,48.31064204756148,43.50638939614137,87.99896098251092,72.63395144392256,75.22353922018515,26.20528259762058,62.27688055576548,2.40043903387287,57.690550075143186,79.97717453868286,55.997239925399555,36.977356581200695,41.15574424654604,,93.95025238213783,62.133581918469986,81.37576558964177,35.40863988416264,24.44696720237175,23.3554149847354,90.90824978151856,66.92519037585865,70.0768670458504,62.04382264963903,93.63693867189875,36.27451379333242,,41.44336357916898,25.43211112531076,51.1521632723722,16.842237438584473,16.465187639976985,54.62446516064476,92.3626425718548,42.63546029119387,49.817527215062555,43.14433263007664,38.5645943734632,98.93676046774648,71.34145843642901,,77.62347830857847,29.706714100487485,38.19206652619658,4.040094909721093,61.73772429161106,63.68525292538527,41.96070165248177,31.08189010231165,51.822926521578275,66.1552860423054,46.06870962324876,88.33922329445215,59.42424026761728,39.47764840625925,39.410767938372885,79.86090943319242,76.30027196088407,85.26117344649397,78.39244485338139,92.40630187028326,66.41016256590477,30.290851179994682,60.97786775622196,24.474987691387938,38.36354312858761,52.5285140363551,,66.4284515312342,49.068011889997244,26.458092930164213,53.74465988068528,32.998450750397154,29.899206334089467,43.92336840047317,55.25022386294438,30.132870532329083,54.06177053281134,43.675273310529185,28.93462070959092,49.702029495105606,56.87383403087085,47.87470603135632,14.878714348466104,60.38858302594426,38.20840092620968,42.99994044641531,37.109212112170866,45.213658371112984,77.49248298983204,46.781157540030385,26.989674934623842,53.21861914144601,,76.14473011730101,44.404657982744155,56.73690778280482,,33.15186309604958,93.75717820760408,27.531523772958554,64.02951931088339,34.444919735013336,38.29621490473861,72.26009013183342,67.48318003532422,,82.17872148840164,,67.40034629265755,10.551678394920849,43.29917309266269,43.71424898065703,28.260179511035233,12.236843485194427,81.77833914985506,84.58721873631872,18.588230900882074,94.2951508634432,79.86452632432184,20.377504310457994,31.924758391638854,86.3232288152476,97.3044531478039,42.07643143976516,,2.43662502141917,,33.11222738326649,43.222064000675665,88.71610036606786,65.50722554815773,41.55865551543793,53.211778624625694,47.564599907529356,37.63977734944994,,60.58865510084228,,11.957006531906945,35.98931940831326,87.4072023033087,79.4183909236961,,91.90286448805408,23.449333901256697,19.619236766947,20.665904305714466,44.28149476361618,51.66582749173712,48.20125447367999,78.74604102645867,74.46930975508712,41.944503997961014,39.03324592919769,42.02338730497277,,56.63476778339085,47.81599597977026,,47.09564015743744,4.21944030725877,47.747591032071256,76.26188022897344,59.510176143923246,,,,53.83500930674114,60.19236196539799,75.5274549967517,26.578843401628728,85.95819349857541,,18.34282725383387,43.55848905678072,44.093705070645264,88.57383366993682,20.22051497021302,93.47847769967636,71.38378184291159,63.4270848106063
1982-01-01,20.79776313614755,47.69432968504995,75.10469720412411,,,62.570203842340064,,17.774396126716418,94.58528502532737,26.309103542645794,50.7026714249738,68.63605667594072,93.19185552105196,25.79438817950357,10.718330261397458,32.63441133354367,21.58041147303894,35.13868609024258,64.372935249418,89.93327073077874,,41.316032777103786,31.36494879879933,26.959060348748455,68.07343990628235,,,21.079114108633778,98.30352979127181,,8.944753993198173,82.24086597632203,43.163725910571756,39.55362712342987,44.117711577322126,75.56673867260383,62.39165274444998,41.57959356365693,,48.53075273826198,43.71670614338956,85.30490001336186,68.14607412655123,75.43953502528974,26.359151789620626,62.64314768016737,2.4201711234959955,57.92161059165275,80.17841715975203,56.22717372010182,37.17017169403314,42.85471502113607,,92.56330169235221,62.365663498596334,79.37716010791604,35.59655474207351,24.593303860546122,23.49690772173322,90.62008227714833,67.15496888725423,68.86335656338203,59.195290813210086,97.32377519549436,36.465166236944846,,41.648661409054796,25.582709016799864,50.13838088971643,15.084520893270415,16.573056281798703,58.363739771386335,93.1566772496518,42.84371673174747,44.990012808500154,45.14649357017929,38.76209634468765,97.87681234717074,73.13058851562587,,74.64555504235409,29.87459872314745,38.38849311069923,4.0719290104491375,61.96983322115184,65.07050728711651,43.144371515227895,31.25492245120046,52.04845305448811,68.72787193820129,46.81249467306529,89.77717301882436,60.84532208776916,40.35376595514874,39.94861161602377,78.74430861163658,78.84367820141115,82.596862413426,78.59925137334776,93.78476858309293,63.58240508658235,30.46094697371984,62.8644570583286,24.621446997200035,38.56046660100545,55.67522206540427,,68.51119386041992,49.289417949688854,26.613017871173426,53.9724969385087,33.1783218870419,30.06782361638063,42.463658976404716,60.51365458084719,34.6803801154655,54.289943174029176,40.70909208214562,29.73876747713966,49.92446655043506,61.39615495764623,43.741944224929654,14.978064519472834,59.48133399877029,36.99451793844947,43.20906956364009,36.1321975171222,46.82915990458891,77.7021517903086,46.99844317973386,27.14679749515625,53.445870762678084,,75.29894642558119,44.78383037823473,52.73485182023179,,26.04318842296276,93.14615465603259,27.69085534234432,63.81859654259794,34.629692900657005,42.28303596315355,70.38151287440726,64.90351329231775,,79.34786988998303,,71.81163862900128,12.387383769454418,41.25345565269149,43.92504473004018,28.42243231439914,12.32131565002621,81.97238614395108,83.9483172977354,19.00710580792285,95.05894527498111,82.90155196500976,20.50511973325795,32.85956320235515,86.15781735209865,96.70650924429964,45.5285477659848,,2.4566325380852683,,33.29249220102659,47.09027311470191,88.07565174345314,62.89414738155044,41.76424643654957,53.43902239775715,42.405664174549784,40.567153526172305,,60.82070955442971,,12.039849954360527,34.16128593193517,87.57160317354342,77.45078192174881,,89.84048251479265,23.59124849775075,19.743161446586,20.794906565019033,44.49357263141172,50.11275791500387,49.04443561610068,78.82907147508817,77.53721259356074,41.666083060203285,39.23207922485341,42.23014458011058,,54.174522578543495,44.239852326257115,,53.08870459420936,4.252556322086876,46.737738021437494,72.26678479362077,57.613005614457165,,,,54.77404495297833,60.34290032987579,75.7426741702388,30.660553963233617,86.12252380570776,,18.460392360333376,43.76892632677334,44.30536255757218,89.81172346791581,20.347371568172335,90.92721177790067,73.91715702624842,59.32806241600126
1983-01-01,21.654757708680528,55.32801426128113,73.92604404409701,5.027945905985998,,63.208892666125884,,29.186837515921948,93.92185846765996,27.327489986553,52.16966951080959,68.98472437201008,90.38813089950504,26.798640706687713,11.219211853470679,33.810956682916206,23.237635485877185,34.13027138943959,65.88100360067943,90.86149405654518,11.924663770958698,46.08825132924491,32.51204984740276,27.995021314594414,69.64606788612609,,,21.94489119165215,97.42207839031288,,13.050824644735503,85.29211722654456,44.53950231400701,40.8702531148888,45.50748092841791,74.82582878064082,58.928361421198574,43.233124585605665,,49.97609081404002,45.10067799840206,88.83561265049813,68.865825059262,76.01832843562366,27.378902337025313,66.58139838724348,2.552651690560015,61.83248307490838,81.4725035535393,53.885607159172835,38.442463994460965,45.309181738475054,,93.29673888122507,63.878884911701974,86.75421254123428,28.568278806807168,25.533371309907537,24.435728105291467,91.08066980674248,72.32356853085405,73.28436122437985,58.97761094391125,97.53869804211429,37.723551110150744,,43.00079985092378,26.581093322809167,48.96917173869032,14.73277654413181,25.53436082356604,58.74046419807151,94.32813736463815,40.332406178086735,46.40546219443813,49.40977303484235,40.06446075359656,97.50313560576139,74.91817339339318,,75.18590008394509,30.985660834824547,36.24470881483226,4.285299804659937,62.63958327412789,60.12431353350234,46.52354891163917,30.00744193341125,52.50822226583374,71.6312012952182,47.900492200880784,86.74841039651753,58.27943933643298,41.68433928316152,37.55617755999181,80.07307413781652,80.17184069294001,86.68612663673854,79.6838343137264,89.73322298131711,63.32319784947327,31.586377447206935,63.94298114560615,26.090951806306606,39.85912458264879,58.73916893861746,,69.99480710284345,50.74275739712593,27.63965991022118,55.46472165265308,34.36712971057547,31.183647839499017,42.99593292503465,64.04101240291801,35.901949292510224,55.78413115173042,42.06330150038446,30.93537874690815,55.60565887688445,60.065999345977495,46.4007694779199,15.639689168980597,60.705822393741386,35.23789043609025,55.325126841852665,34.52201989593648,49.92404898681394,83.03475719975398,48.42621692166339,28.18777815088518,54.93464621602471,,76.36642760250896,50.16197706943606,49.6629599089591,,20.173464144703225,93.49102884050826,25.17531395814272,66.16409301743687,35.85018297699949,44.38198702570335,69.81375561761169,66.40950949941009,,83.92602141552427,,73.5211816048243,12.953165236496512,42.599144809999736,45.31204393363457,30.574099553560472,13.585247416704703,87.27228990119119,81.86042148677475,19.51835966821045,93.20586512278354,85.49894277963003,21.352916120822997,35.69032245519737,87.51721666803162,97.90183984292588,38.88602726302145,,3.4836763720880293,,34.483847067911746,48.519151899015846,88.48008281285257,63.99104397176647,43.11824901585979,51.766597347509816,44.03665053430177,43.68005757024683,,62.33509380944076,,10.766298626139715,36.724803494485855,88.61800840824546,79.32430252768391,,92.6200727772258,22.50026447118756,12.452597233710739,21.65181166325866,43.42143472799675,54.25533528171531,49.544536873052145,89.43637258339348,80.73049730035628,43.598729187795406,39.40014044550053,44.87398911900594,,55.32543501266256,48.331997155391726,,62.21530340941752,5.243053821221211,46.40042149183786,74.9000137872396,63.547443134672534,,,,57.65619613409356,59.66775715393917,77.13267814608574,31.790819663479162,89.259533964544,,15.035689201234526,45.5822536635545,45.697802660076206,90.03748786477132,21.19018291718424,90.48045304062471,73.1087419836887,61.86008104409253
1984-01-01,14.27201578599534,63.32406435262572,77.65030730309121,5.075618478931487,,64.09834701228117,,30.461429174498235,93.65217735881947,27.522145412953193,52.447101605610925,69.16339058452246,89.85995760824663,26.99063590887063,11.315635357000032,34.50687271423762,29.256116578537174,34.35588349095033,66.16404818231825,87.17804817368834,12.026190821160688,45.91829180761745,32.73084688834782,11.938352445923517,69.92434200132665,,,21.98965265457119,97.22957959015372,,12.848845086693284,86.31829937488484,45.35138471794345,41.120518253733906,45.77111885350045,77.5978170345401,59.31208074050187,40.89142508917079,,42.47474922961245,44.591222588685966,89.17286524126634,73.99080337063859,76.25101098952167,27.573814421646215,64.7641886065204,2.578313847740288,61.50655739919695,81.71216952323543,54.06411306060151,36.872262341836844,47.61795416137103,,92.7919043767046,63.72801605648208,90.38007576341155,27.345026124866024,22.560776858250065,24.615387591521998,91.2262456028349,72.37995877227105,71.70894016162151,60.53877238092396,98.26017767747697,35.19420642361568,,43.257580832587905,23.78571317830882,49.925206010145075,16.042927555496522,26.3484577334387,60.38599478168889,96.33926012741547,40.58092802996271,47.26140485372427,47.187232971168214,40.31209944558083,96.48757459582067,72.97736714725096,,75.41557277707687,35.11694631440485,36.47870652143928,4.3265590978028845,64.31682507600232,58.59819207424002,48.49273686765899,32.32689494146018,51.58561477519685,72.39107076313908,43.58691335078573,89.46629360133961,60.05258659853521,40.13116816188374,35.72148001803733,81.42985450294282,77.27502625201598,84.74217483890591,79.50497922357071,91.15025558515156,67.04480661292848,31.331403428047146,66.69363019323981,29.546959032215714,40.10607988374918,55.12415085979836,,64.51625725091512,51.0177943765691,27.835868400756027,55.74646235017169,34.593710481739905,30.517738834920504,36.44133652409318,64.32530369663918,31.828338239983324,56.066196309440116,39.11435440556471,29.214729418206108,55.8875448107951,64.64892094426074,49.606396913632224,10.228204307288758,59.42920744580458,38.762194512409685,55.60672047140793,34.07971237782571,42.067581924531815,85.08494953327028,48.69670785136171,28.386682675987984,55.21581153474637,,77.94947462618669,53.63324690664897,49.93597795896849,,10.070847080626233,92.69977410968357,25.358913754030244,66.15431473519729,33.81767887714161,43.98723555123164,69.50520196235013,66.69206825892377,,84.23100913538528,,76.95234484962823,16.71641102944632,31.226141290325682,45.57517914683859,32.578293798023495,16.167263774865848,87.47500316935356,80.15346622463824,19.40692848529246,91.22670946226675,87.54287026629444,19.208823512720063,49.71259436976966,86.84902082403143,97.66918156592021,39.12966640530636,,3.5178392791671675,,34.71090245848478,58.50683069253058,90.77189728264734,65.29744377240392,43.375370947868674,52.043384672752225,45.85994566868779,43.07920234809175,,62.61994481843469,,10.85940142324211,40.707450671636906,88.80970541036986,77.40458730071084,,92.82268591561458,21.890091100671462,12.55788992484337,25.24742258986664,40.87158561501924,54.595134613945184,50.136932472564474,89.15473974731711,80.42913946898494,45.48718485861377,39.64554753358058,45.13597782372837,,57.28786232911596,46.891822971415685,,61.49356496266556,5.292557242061968,48.19625889614755,77.83092138036778,55.78104244022286,,,,59.91901540547859,58.72819235130042,77.39129591933124,45.63237514384958,90.75734806176786,,15.158770525413502,45.846082482745274,45.96192490555152,86.7981476636367,17.903330058220746,87.02169773604498,74.05123244560174,60.307932024486455
1985-01-01,14.568782813062164,61.67500852875507,81.59021643288139,5.1967654661496105,,63.8701088959609,9.496530669586411,29.30070740983226,92.40211708965136,28.013752808862126,53.1435581288463,79.98747813742534,88.52704173677097,27.475583836737737,11.560137206986187,39.21771978479403,32.527763055628064,35.98204934462805,66.87155387595021,90.02711553283346,12.283580883671885,46.58218955380929,33.28276787011083,11.09051773111095,71.01162872671733,,,22.407314273531064,96.58307907743571,12.35577507124116,13.325665520679841,88.5472986171006,46.011710705379016,41.75058595217449,46.4341004803816,72.75521377116625,64.76793087822541,46.502930856855215,12.892725225398038,37.68052598014941,45.98426615378474,89.58713357709468,73.37414389594696,78.39290261443634,23.794766301831018,62.16008855569102,2.6436137808522053,63.0145623075262,82.30674192406524,53.5878457337359,37.4657194140015,47.4966850953178,,90.12277000816546,67.57001919615367,93.5478616600691,27.834424748662013,22.985206473460927,25.06942563677437,91.04857331611531,72.69776693853258,70.70812761196463,63.34703479707058,97.9238274139853,37.53364599546343,,43.903719581807096,24.228509158416365,50.61099267736282,15.384315595396014,26.38673302269119,63.94445458708174,95.8205505926162,37.03958624408665,55.515812912066664,46.575297680149895,40.935674913753886,96.19047855608275,71.87180711344828,,74.11249720358153,28.43067950688193,41.464582885670524,4.431444651639804,66.13516942849733,55.86965634687316,45.65540957147537,34.51323953460117,46.054628862051096,70.75711245487308,51.67871853702919,91.06333298661525,62.2274037959285,40.22559920088047,33.389181341364996,80.73279360880645,72.1833395713576,83.2149976313834,81.12984451275065,91.78371223228302,71.2976807674224,33.53169607326936,71.38172389586894,31.021425914492063,40.72796492498899,53.165526451252546,,62.44353935085687,51.70850513328391,28.331362553497975,56.453080015877724,35.165022004152,31.045129426719022,37.030738617760186,71.62877385601874,32.37045131051741,56.773562211399465,42.78141628608003,23.424474692851316,53.804791370857785,66.31730571700014,47.343715274921536,9.685712915054378,58.087962151634834,44.15350113359868,57.6914295796648,33.590154214285576,45.94989631651942,86.32687369559504,49.37641698316296,28.88892203776614,55.92109371683473,,81.5880825961869,58.216322443542936,50.457868783008664,,13.560414931453458,93.74545829644441,25.82283014915655,68.37120683571503,34.381052711841384,44.638494992689495,72.44002273095884,68.09624821213283,,86.28121301247926,,78.14706618015593,17.05380844265345,27.611287426590682,46.236928965333156,33.67071028644205,17.211830797065964,89.37285708573637,82.54171718594806,16.11746966038199,90.02779623875978,86.7150929373177,19.58538259837672,52.16325281746301,88.15740806204212,97.63357844336058,39.7433422644879,,3.6047211209414676,,36.77548091401942,58.04051538202859,91.01195239088878,69.57160900515642,44.02234905560605,46.159296087189425,46.943142431001185,42.73649514664657,,63.33284531984942,,11.09551476771955,41.334229234598155,89.28235167344405,77.10648785138385,,91.30280063633536,22.30632728660453,15.255812315082052,26.27126366442435,39.75125353202452,52.12796564308819,49.783232093025,90.47566551829445,78.70255869457635,46.0124547211926,41.38826064808687,30.467154368087556,,56.953224127608905,50.0025484033769,,61.35639965126878,5.418344964626598,49.82053538941761,73.2648662186275,55.271599448871434,,,,57.22962677887635,60.30981616415308,78.03455860557514,50.000926119889336,92.13990540491909,,15.470538482040485,49.57034985621793,46.62609275434797,88.44679362082303,20.74048669898151,86.5174034681227,73.4340980817238,62.37426181547519
1986-01-01,14.319511467923151,59.97959848266039,77.98121093490785,5.094972332286851,,61.453552693745465,9.323004561959024,28.874887908768223,94.86054500301988,27.6009755553821,52.55918469550443,78.71338654751865,86.98422447035412,27.068392504160286,11.3547469234351,38.18673686819285,29.220074821373633,35.19600991483952,66.27820336726458,89.48512794040927,12.067369129740612,46.025025651447,32.819411732979944,9.727084972934119,70.43075664709815,,,25.33520191119607,97.61284073124385,12.138493016967377,13.094170272059758,87.37771420485927,44.18860972637911,41.22174189661103,45.8777030540023,76.22498736626613,63.78938598640109,45.94617636711508,12.667536595112061,36.21297195117074,46.374694370324235,89.44960466151414,73.47756319938247,77.85666848053437,23.427876982626305,62.09943448613042,2.588737535386365,62.416441454456084,81.80853915325008,52.25266641769699,36.96754697101509,46.549314463162986,,91.01640399910968,68.25608597334694,93.37168993297837,23.975064809531354,22.627675578906736,25.144800032808345,89.26039893771008,72.12438519556281,70.08945954331128,62.749082707953676,98.24984818750237,33.611915803014305,,43.361418561752686,22.557222411814326,52.83773284017743,15.1236444776494,26.320071828764302,66.90276683963468,95.11611444112212,36.54474238889873,55.334734758783476,46.92039162418129,40.41226847405226,95.72979848995271,71.09996672923387,,76.33485768591481,28.63641594983758,41.05962014048945,4.343311626281199,65.54042096139358,54.93807623587878,42.05712681755007,34.331022273765534,45.50022526674592,69.83568573961657,49.617932104735864,86.37107635425501,63.82824970406658,38.83784212139479,33.5995512804474,81.0116353169857,67.18653231821727,83.48830183755425,79.29742850762604,90.28883306180799,73.00067878726063,34.384288493705675,68.14676732610602,30.5788632381212,40.20597443041063,51.456849086416256,,67.71100285499817,51.1289269571779,27.915325219494147,55.860244077703,34.68541041268909,30.602341659307598,38.54271615553944,71.05047294258655,31.915318453778717,56.18010486379947,39.88673631736056,23.275266233763492,53.21843420480861,63.30419028708367,47.908019119793174,9.509202013707851,57.426077243303844,40.699484223352634,56.77243878083018,32.11735359652727,45.39605053280914,87.53805578713387,48.80603015766193,28.467227243213156,55.32936780189712,,82.22225354576821,52.49767950165343,50.37347733651198,,14.828231355987542,93.56128784016792,25.433281385461303,67.56515931003781,33.908095055776435,43.95564700183243,70.87082410504782,69.9872880798703,,82.41974961583053,,77.30049129618507,23.373767369856946,25.008576720997755,45.68156218537195,33.889812703401724,16.926346033059904,87.55803738380598,80.01971621244327,15.846723642746497,86.81414800599077,84.58252756782844,19.2691348177052,49.32493603572253,90.06715432686775,97.80179744966425,42.19479757698841,,3.5317127542751625,,36.28272502350766,58.6811170458416,90.11501977811106,70.4872224425114,43.47934536116092,45.604338275989875,48.54999439020894,38.7875281992183,,62.73488512172902,,10.897168065342855,37.248215283254616,88.8865973616554,75.20434672098266,,94.85572641732448,21.554848428439357,14.996923891218072,29.2709384788592,35.02572811388999,51.54691705935499,49.21111927843565,92.31920678168903,78.72560224355318,45.662845704935165,40.86181108273854,30.029898137845457,,54.79477723866359,46.80001550641255,,60.161192392497995,5.312653617319207,49.24826687917587,71.49036642760025,54.31329891078689,,,,56.635346949700875,62.583408960582545,77.49539421014548,49.907320034942146,89.00827822132038,,15.208674041219684,48.999133835958744,46.0687028751242,87.99263193138226,20.409850472159274,87.54126045220004,72.73740573946642,61.77593997806752
1987-01-01,14.167830070036425,54.78048980619277,75.5219411621393,2.134078126254624,,58.002887027271655,9.217561595809808,28.614900124451804,92.1352022783072,27.34902172319683,52.20040419356822,77.86308363336842,84.97768068566737,26.819877531458424,11.229866872356098,37.476633797237625,27.146601304725504,30.116950641297702,65.91239394401221,88.45922793596706,11.935883325832886,45.976693760362195,32.53625926377149,7.975245253938745,68.7009436635351,,,25.262388900151134,96.99148562828597,12.006353739156605,13.62298432678999,86.40304613479839,43.853907079839736,48.826167658013574,45.53667463528118,73.35665403677625,62.60859146639988,42.42362990373938,11.783061249723769,37.64752039819743,47.75414370902315,91.10313044118548,72.74376365025725,83.08330800371724,23.204140720505016,59.422417878711386,2.5554849102815025,62.04816981265806,81.49913361081167,53.454589639446226,36.662837196027944,46.13846511742546,,90.31858177905843,70.28274681992511,92.54209758616084,23.74746170053089,22.409685694753556,20.14287987847274,91.76018670771123,71.31177088090533,72.27158443375674,61.55856872956309,98.91233110593288,35.12117087124732,,43.029229813905346,22.339743689422665,54.98017715147625,14.96499375506055,26.076468694286213,68.25570136403502,92.9206551028763,35.280417174772104,53.44516236342394,46.57603771204142,40.09187361443141,95.81417504413905,70.86344514772482,,74.87044843766446,27.930725281462855,42.185472964866676,4.289856148475357,65.21746012921017,52.145317460039074,44.02060160081454,35.59171579602209,45.16044988912845,69.84679198061126,50.343272476875576,85.51260275043018,63.830533988741365,37.76584552392116,35.97043738190302,80.69704706282599,66.75762881210272,85.5637580145587,72.91612191762049,92.86405843945856,72.61415361802669,36.31544402697357,67.32327846190043,30.943491044048876,39.886461456966856,53.713008901171634,,67.04433867429012,50.77322377464972,27.66136383145492,55.49594094411747,34.392203082289605,30.331890741256352,39.67940856981451,70.69329513783502,31.637246716510813,55.81538712578053,42.391759000834824,22.131270045071403,54.625968643665935,62.230482057933,47.520882581041924,9.430868425751516,55.10889637264567,45.398954855002316,56.15681852344201,33.145040434451964,44.69305998131543,87.96407050596292,48.45617511092808,28.209780997225465,54.965800552698,,80.6764735725368,51.82279945768713,50.019561821188496,,16.72767927654889,96.27174600944788,30.13938896257874,68.83180631809876,33.61900548507582,42.413922217255376,70.69231008367984,71.8979296152027,,77.93067227901805,,76.67344712696223,23.146750404477746,25.50186613651485,45.341181613589754,34.87632221619852,19.73397842329533,85.31350457955519,80.51431848227057,15.681911197287867,83.64559528700227,80.81271816649905,19.07646480690254,48.97368470636055,91.07762925901106,97.07937026511793,41.86709143432188,,3.4874486523145287,,32.666711947705586,58.31391940631463,88.31976677310338,68.88950873312866,43.14671693389877,44.97146906520781,54.74316369354051,38.827086409728416,,62.36667467040347,,10.776586348866834,36.942151660138656,88.63934149819397,72.8120786750347,,94.73018518024428,21.344734350579873,14.839363216271462,27.570639057474633,33.499797878065365,54.21985744261442,48.12407596334507,90.49412701939184,79.16284776490149,45.57591151910013,37.30617055752368,29.762859544325003,,52.827290233584634,45.21676352276639,,58.08165038789721,5.248521187290667,54.71835486245757,64.19532170512056,53.8612941648837,,,,55.8798082151728,64.13928002652918,77.16139517493524,49.43221310892062,90.37171818885007,,14.977894213228648,48.80308366928365,45.72705034993457,88.38037451212092,20.208360882232245,87.88710534764613,69.74693615207224,62.16533150799122
1988-01-01,14.215289328316128,55.51070866576322,77.63097939341885,2.142871297758153,,56.160820502037126,9.250541387016098,31.056959215476155,90.99391206551705,27.42791866086427,52.31292353384676,77.61064137686803,82.11490063486715,26.897695234629417,11.268932181520618,44.23875544685397,26.32586322294628,30.201251655813955,66.02724162295874,89.15162385361835,11.97701719791312,42.093996328187046,33.26144263073911,8.00431918629413,68.81449154283776,,,25.336943667558142,97.37319121438581,12.047692254364383,13.668928734917662,86.2092190433967,48.26016380746392,48.93617756944194,45.6435797115358,73.15427480801479,62.22321252073763,41.607686330850754,11.823750200035299,38.64523356917884,45.77069742484529,88.86435969145465,72.49316026065983,86.12103847186853,23.274184624059068,59.63974269831516,2.565877891657675,62.25938092580201,81.59645754382751,53.65955154296602,36.077820854051545,44.77294495047531,,90.22611229718953,70.45885421118525,90.21107094152197,26.464281544440205,22.274109859129055,20.205789822541398,88.5951566833618,71.7429432109468,74.00339060958012,62.38196162047356,97.03753754923876,37.96833244292066,,43.13334756711713,28.067266749847462,56.64766067412985,16.574071298845293,35.9098010131055,68.91165176436057,91.51008942340046,35.37371697114291,57.44641259840122,42.46627248445365,40.19227688690683,96.27762054116185,62.526325327029085,,76.90285275125285,28.010791540133596,38.857865781932865,4.306567592164223,64.33080927687863,54.09217830899333,45.47147071471313,33.02242404931617,45.26695963815522,66.20910312877125,45.26082915332038,83.46006085892061,63.253061091304666,35.67736554220775,34.6924257225664,75.87070756681109,68.92928682495545,88.58761116919891,71.40360587835887,94.51888823695204,73.17816241287237,32.631232818656784,56.86807142589885,36.05181378390612,39.986587135224184,51.893697439675066,,64.92975989650147,50.88476715711299,27.740890855279687,55.6102189436342,38.93222512330693,30.416594473568093,40.305157275857454,68.58768333007676,31.724343817232526,55.92979785179908,41.79716226384045,21.714302324383382,54.73985089044966,62.45648808264619,42.93892395765283,9.464507079182894,55.45771848014294,49.41795742208834,48.43946111947742,34.67527609347702,47.012450959271845,90.2173817572291,48.56586771757932,28.290401850139023,55.07984333015885,,79.32634607077445,51.73994129142623,50.13053900103947,,17.03681687466778,97.65783556201141,27.171157662839075,65.37028631273809,33.70956396672682,50.08626532029579,72.63870948653657,68.81820530579934,,76.30125562975189,,78.78219415782984,24.618353895079913,24.049738020401755,45.44788228767992,35.350487292386035,19.7958963568704,87.95463578039204,77.69587049246203,15.73348419966132,84.59295082791054,79.93325174809937,19.05444834345801,51.047875063918255,93.18696154844758,97.18448634269808,41.96979689674406,,3.5012852037912046,,32.75563307713523,61.28560986338736,88.04904247535517,70.02195390098294,43.250973250157365,40.55567043340078,53.773066333733375,39.14485169864075,,62.482240244823586,,14.124914504143849,37.038045950037656,88.71723670083489,76.08480818652839,,94.22498145974687,21.410506343429347,14.888664255201867,27.64998359491415,33.59015402858834,53.089882412759025,50.33654506475891,93.01723755626739,81.78934010454081,51.48061072689314,37.402613411105776,29.929478031595714,,48.84264649720392,39.804865587635895,,57.39042722941781,5.268572723814058,59.73546803924299,61.6869724267314,59.939936189357354,,,,55.462702314387144,60.22724907581036,77.26638622273427,53.78718613406426,91.1213682095446,,11.964328490632447,48.86333104088892,45.83415235931271,86.70230354608633,27.342340385827345,89.94269807680813,69.39425387795137,62.84164722036125
1989-01-01,13.768738669098912,53.11914403530879,78.8842326098451,2.060505991392658,,52.22388532260218,8.94066494938337,31.353530372627603,88.3016347632181,26.68325666046769,14.489943272236804,75.46115881808923,80.03950331902351,26.163306285513567,10.901655670450538,43.24024438032771,29.523107668315085,27.80342970789014,64.9323542820172,89.51056116296859,11.590215694505535,41.119945510853114,38.12683810287179,7.731251972485687,69.12014370743049,,,27.036312323410638,96.94237067961872,16.334352806401718,13.631765049731715,83.95840118202392,47.222398649284244,47.892682776188764,44.630363163638044,72.57144419968147,59.252813056894894,44.29423874727054,11.441148872266737,39.156099747083736,46.81025668211015,88.79543549153101,69.44650140828973,86.09526233273803,22.613697540805934,56.264467903977874,2.4684988771040084,63.42688799248288,80.66180681531125,52.583307863706594,36.66366679097533,48.82054410551574,,91.30759617439047,68.20426683481227,93.13291516165464,25.738392150627675,22.538654986085294,19.612991984922836,84.98558669222022,75.35539926267988,76.0069611924035,56.603556111158035,97.51156732292796,37.047998209837395,,42.14714268481477,29.894535592793492,52.93422059156361,17.991622091440597,31.5990061370522,67.5857695462008,90.81404730262379,33.660498519919436,55.470093217218455,41.487803704835315,39.24190960365161,96.46697848931896,60.79827772410717,,70.58937787066766,31.787992949819287,40.14008760432293,4.149837405299928,61.51554041412335,49.99680463746724,46.212220079777865,32.17773214634614,42.99334166172608,65.11475909978108,42.0126505413975,79.20125018590377,62.684713187637506,33.82895378876404,35.23392256894893,72.08275393856995,66.32124078954229,89.99808714308001,72.27042380092637,94.64143011843407,76.83171090504767,28.633551046987083,58.356209720456384,35.82651415608592,39.038892433062664,52.425311324033586,,63.12838265122389,49.826197779151705,26.99022953770529,54.524313562712564,34.43485001738651,29.616594401787776,43.87831956135222,67.19623766812099,30.90150014137776,54.84253345117045,42.62550417695936,21.526091841218854,53.65796840226915,57.4081947799703,42.07369156297137,9.402415663908103,56.39912000338152,46.69260937458154,44.69403006606812,33.434468370224614,42.10955254890825,90.43438663286514,47.52547997453323,27.529322779231723,53.99633366691259,,74.63096879325875,50.12490196475727,38.222718406712374,31.20351186020427,13.798171259424574,97.2256361339157,26.656940773511796,64.45768883852617,32.8536407899965,49.033612311242806,73.59346071995789,63.94131342443812,,71.86662418146057,,77.64075210500823,23.26917786373235,21.71979674339496,44.43665107187152,34.39106188660781,19.966801883415897,84.026648095061,69.92618005772049,13.142065210277442,83.85862592863805,81.55903774741518,18.488284050970105,52.97617416136475,91.4174064164874,96.19754214833789,40.99723599053861,,3.3715698401704186,,31.915364251440835,58.33634519242443,84.06736422575003,70.28069766762543,42.26342835792683,39.60063420038128,51.233447493742545,40.49178799417543,6.369127600806312,61.381828953345384,,15.710974411471689,36.131012742938516,87.96467729207154,78.93570056542603,,94.65094293766619,19.212603186815546,22.654774318009487,26.47856882791153,31.380534574946463,51.77650019401992,49.281998395841434,92.25323622751364,75.42669428232841,50.480337554867894,36.49031614159839,29.13820016061761,,43.011294255687346,38.17193688269962,,56.29777233598712,5.080436810349576,60.97210086839677,59.16185408045933,66.9628313897155,,,,58.92890733524385,62.827399939648274,76.26065275103826,58.03529876567828,93.00155787380533,,11.119507860570522,48.00631961149592,44.8190222485089,84.28637149722313,27.878163806914525,90.28627914919983,67.73917859523615,57.73178331878395
1990-01-01,13.895009613393327,47.13474038626553,84.57995369538003,2.0837121740446607,,51.56005050570547,9.028189694538591,27.91488013000103,90.0081967167787,26.89435046983717,14.25243872554136,76.18468103784036,76.49140483910986,26.371468206429483,11.005443362983803,44.10084808587676,28.01735905760687,33.328093274916505,65.24521667790953,89.4963561076676,11.699538465728022,39.95752318789021,38.21594877883716,7.8083549130589684,69.42787180160573,,,25.290062140417156,95.92621907078944,16.479542017251745,13.756994902132957,85.01868806394334,49.8656134466585,48.189666988029,44.91854226790364,71.35525582539366,61.24340443230316,44.5814153960694,10.298426102154579,38.25425781233249,48.23674456830628,89.25330889987684,67.19706603905016,84.73059120872239,20.68660191728907,64.53207460442786,2.495941585149375,69.43458614319415,84.37475935650266,52.889914630823995,37.64509184161856,46.074076937165955,,91.21932879205174,67.76403784189186,90.60531023264097,25.94412891979676,24.249568600640604,19.780815093173544,86.16341384421725,75.64714264321645,74.60739569538275,56.91539303374154,96.9601598503632,33.479541430657655,,42.42750426075666,30.448647384639706,49.83208672137943,34.19649678784241,29.62545608140705,67.6894233231795,92.00624644876028,30.895084271422824,54.64588713616592,38.83577406992509,40.17075052753185,97.017305032907,64.17020020276567,,75.03518680803921,33.36923622407335,38.13984677504176,4.194040042830894,60.810485241048774,49.6583346892097,47.17390047634103,28.83008052196818,43.276473683464104,65.42748225445574,41.683297790838594,80.31762450453289,66.49643195571487,34.07638440266814,36.99888636610669,73.75034106151375,67.15038008773294,92.03522142110296,71.7768283494905,95.85213963564532,75.16420529849785,32.2620746966251,56.6712490708984,35.53595102987224,39.30814794335442,51.3384544228948,,61.9278852461989,50.12759236954734,27.20303589748665,54.833805450086004,34.68502246732825,27.632267974561632,44.17940759462178,67.50683732237906,28.454679718194996,54.81229193616488,44.81038106990724,21.706356280740813,60.15830780221918,56.495453036941676,40.71319124573169,9.493838530926535,56.28816215755326,41.99212984051572,45.36296310636191,31.943376257711588,44.716172110191856,90.41084920661402,47.82155782638292,27.745103630032318,54.30510633051762,,76.79360771320324,49.76503657403568,38.488818323498506,29.189509620144506,13.924665491169874,97.28008287592536,24.7698385191091,65.32242164002018,33.096546146266846,54.068119772479115,75.43116532039144,63.30232707746062,,71.59253754571549,,80.7714932568699,26.021503790310916,20.09342499008273,44.724254595913195,34.64103796975792,18.4725058692663,84.2749380415869,70.23243318598811,13.263546529371428,84.83133534858057,82.84243309611259,18.64853221906062,52.564172023515155,88.8801400147576,95.2771530463522,41.27365825133163,,3.408141573451784,19.287505198075785,32.15378639943918,61.41980428960456,84.37622505572678,71.11137575770634,42.54417712945501,32.6511349153154,53.70425691568907,38.071717040525634,6.861950522212645,61.69597073797286,,16.67703659755013,36.38857688691517,88.18198716125937,81.35404762308066,,95.70155465495802,19.377752011627113,24.772745511911232,27.026847601692396,32.09567213739675,52.6367571332184,46.89613876004082,90.54612395376154,78.29488209315907,50.78308468461288,36.74939220827438,29.362608435744963,,45.27869059024917,42.0926817893963,,50.478599824072475,5.1335150910468474,58.830864183117136,60.66309380562773,63.3921155185313,,,,63.82193376451815,63.111921126525,76.549132440251,53.50623391865812,92.41075338811743,,13.58969584337526,48.30357989775111,45.107756298354715,85.59012152037262,28.828188555288282,92.40765688539841,70.63719432300965,56.32744614299035
1991-01-01,14.128526658685969,50.359301905769115,84.78658398836481,2.126803145348044,,50.803700178424705,6.9301988002897215,28.31443165817894,93.49222088584712,27.283639185896803,15.767178098309664,76.86267231744498,72.24629198418215,26.75539101519675,11.197520531015659,44.62587904808293,28.55691589984074,33.777454532923066,65.817012301047,89.8688221403119,11.901822727083077,37.98428564555469,39.198235592183295,7.951177079952032,69.44581562457755,,,27.997150194384133,95.57252051199283,16.05804899364509,13.89665394757399,83.04641034028514,48.673926269674894,48.73490335289121,45.44800177077665,73.15076411896054,57.253717351497826,48.63144993539551,16.61623348248702,38.74215348496137,46.63504781675757,88.33395963854865,67.7650601165358,85.60344246083005,21.00742462736258,64.14854419883189,2.5468857926741917,70.80496285910337,81.13036274667529,53.4521919695236,38.128576744030205,45.06404055496669,,91.1092863546811,66.96585122318311,90.43699574063919,26.32361203199507,24.610964282771373,21.310306152239576,,79.98426227935279,77.38888903766419,53.97154499380987,96.35170286986701,33.93018425228019,,34.939391113021244,35.09038811541302,50.38404837425201,34.923476777711535,32.37391287469178,68.81487441112823,95.34945859344879,32.475499562531596,55.682282309678264,41.64515211724776,47.962165496728225,97.40289311580113,66.53823594330714,,74.5515733040758,33.81894624085741,38.333158496923225,2.7446504632241187,58.35093531331428,51.240495488974716,44.261148525167116,25.125243262170393,39.70899431289201,74.62043930435225,42.77900933547505,81.81730236994582,70.73332174974394,34.72116064796137,36.839699026955905,74.25108280258496,67.71848399330808,93.28401504103255,72.32925052236543,95.11475562381221,76.79058192158362,38.01100100631236,56.84621022711735,36.00338916721076,39.803435837251456,54.88864637427191,,61.815935691741664,50.680677292813606,27.595458141975637,61.76117651612076,35.14564795809959,28.02900522884769,44.70487232572549,66.4708684272758,24.43440738821352,57.24755933986776,46.894717161917896,22.039147164295624,59.50460206166947,52.55547125418396,37.9943024078901,11.286361864006844,54.492890766325175,46.331074754104066,44.96562430848242,31.297712388848588,43.52987381718319,88.6634542122983,36.69028524281872,28.142967060153445,54.87115726986502,9.349112173370367,76.9163008450431,48.70100372679922,33.16004264925928,29.601490092483218,13.773937340831166,96.43623003958132,24.517140840126494,64.86416987980259,33.30954812170441,57.14414340585674,78.99150024111543,64.54241860545358,,73.8706151311143,,83.48248152711706,26.401794385344534,21.84948233159777,45.25267920176944,36.77833662653709,17.268881659886027,82.77537742056596,74.09443123980523,14.58607839087318,84.21495754119745,84.03775659070412,17.318770268140504,53.12548988011652,88.33827781749308,95.89693720013358,41.781918118630436,,3.4759989739025166,22.8487352107698,32.59300338161675,61.99458104948508,83.66543551454065,70.61471430422124,43.0602518457541,33.09469304057381,54.89959128529718,39.767227777366344,6.9894246378150005,62.270721688626686,22.71074102951074,20.767594892883746,36.86264636256982,88.57446279449898,81.3527818847035,,92.62686803620184,16.612179471004506,21.474622790356122,33.44285368680371,32.53437757419633,51.11798041324889,45.78416147679836,91.49994813899052,83.67556365551587,51.33856571427886,34.67954828839295,29.776243509938816,,44.8075542571764,45.40014273210369,,51.76576684497789,5.231925652440572,59.00846382126972,64.80886085671295,62.75362194449529,,,,68.8243270647448,59.87214048099012,77.07410906940667,54.070233978041045,91.70450182189857,,13.669307582658929,44.84376799890034,36.64178167937367,84.96273782889988,29.236689623282984,92.13154098049579,68.10648829930696,59.73405988642184
1992-01-01,14.243636390965431,49.98783235970679,78.1026306362044,2.1481278596603315,,51.44402002486124,7.46716062946049,31.054075073297827,95.12051127440077,29.722772834567124,15.506340292796628,76.68972480848588,75.61070366220545,26.289156014059145,11.29226913678868,48.30240648900256,27.2997064022221,33.88959222361385,65.22576671219863,91.11527513088305,12.001588950027775,36.53822148992427,42.5358611908339,8.021690761720002,69.72005225866998,,,20.941085716771813,96.38510473364789,13.002817065754924,14.01020174917953,87.37317065663113,49.832557242330985,59.5885334209304,45.70734568215792,75.73953799757042,56.17684907287541,46.531136850243584,12.157006505423173,38.98146799504576,45.860753280515546,88.52503865385457,63.491030206625496,86.13124815655397,21.165338837594526,60.586872745179775,2.572090478323097,71.32740479093957,84.05330398699788,51.18754798140981,33.8368345128969,48.94872574940159,,89.4082062538309,68.63221394388312,91.56410832163435,26.510202858730715,25.489830081616848,19.663115660137144,,79.37170580464547,75.64624409823138,61.10567070046764,96.17385598920211,34.15143627508803,38.74789168612587,31.173962498295403,34.97415755688114,44.564490725056125,29.435623166182513,33.6137432348024,68.06433221390604,92.72999729170908,32.88545687880888,59.93532233968202,41.89388619078343,48.63331084280516,96.35569636720626,72.74940052226886,,75.2327085402276,33.336553095380204,37.47658495885011,2.7716580535688373,59.58854592079532,54.83765073890656,41.873126893910296,26.266435484831383,38.94390551694471,81.33622677259805,41.44208635919069,82.62961634061836,70.80411251539648,33.19700814259989,37.23938938848548,78.31622481998389,74.45506997323807,92.90612614222546,67.02530902379584,94.745959729555,75.41057632347449,40.569222758236975,63.73025978876188,43.78619875859935,44.25425080466857,49.74517829130206,,59.636893349060415,21.018234582073568,27.788363226996047,53.09946380086963,35.371747337780214,34.93347818606235,45.23322152997278,62.91994251749109,24.611232015584694,59.68787700890812,46.09936242296116,28.359466153057344,62.76723041809751,52.874004224125734,36.47182153905521,11.381747896123729,58.01065462846293,45.960999520877166,46.746730931723825,31.507811650252137,42.586929945156506,91.35100066349432,57.31708696249276,28.338526053036883,55.147835336605525,5.021846699473298,76.94930899587668,49.017375411678124,33.3781243605775,21.79034108045044,13.886655193807961,95.9873889611762,25.270212361946164,65.70421343762666,20.95578095708065,53.061934948898106,81.32081328348953,62.20388077491626,,74.67884038334515,,86.19923881390153,25.07650479740191,18.839940106630394,47.21653753867409,36.36433261049328,17.404361964797765,83.00438973233004,74.2033952288652,14.704246434493328,84.49972419009579,84.63334267070198,19.563454283100747,56.975286199997896,91.28517287023749,93.90760059322754,42.03106806486829,,3.509555385991825,22.015957153735343,32.80870192367673,67.62456233041246,85.07042489786872,69.67632082436839,43.313166061302525,32.83739623562178,63.16838136543706,39.278781390026765,10.388973380938339,74.86904638595254,27.571809765962684,23.22618096723652,37.0952660412303,56.378309036046794,81.24303532873498,,92.88852801165703,16.743518185495965,28.093063737956182,32.5942505084951,28.286823576327368,45.91370901901806,40.83404059613305,92.88128278992275,87.50787185375466,48.90526463992241,35.09324547586926,24.87056359041229,25.473223380115762,44.66872571583244,45.367506232283475,,49.282175040972184,5.280555754262117,58.393299078750616,66.15843615438617,63.424684086174054,30.420498473757853,,,71.65484401687338,60.75011880941672,72.12254195859802,57.01791214836316,91.37563306150314,38.63066883787998,12.16416753665931,45.101559621580954,36.87358418282318,83.44590605073033,29.437434568294375,92.05016249937485,70.24782064444915,64.59535519888946
1993-01-01,14.145677016211744,47.603843558162694,78.39432440146457,2.1299768514162154,,53.14108254891332,6.046253023587045,30.528329310422464,92.07033303724059,29.550839098658965,15.401310582379912,77.25526286575641,76.50362182747219,31.175408007138316,11.211634489389088,50.89488296989284,21.399039268249354,36.546975447986355,69.41836697757064,89.04366685581253,11.916684846441495,31.42755119835099,42.322608084344935,7.961678370026193,82.10082295267263,,,23.365964749395363,96.46025406900083,11.516842738817845,13.935807378242371,86.50351700521404,51.09315488797892,58.52483020850314,45.486710430825916,75.79641956172891,59.516645994521355,46.30877744875942,10.61249282608625,38.777858834078536,45.63979084073361,87.4876026666965,65.95932209908075,92.36284064445654,17.488783854557,56.97175637599901,2.550637213132534,69.1906650319942,84.66705781356353,50.95699376810367,33.649673134558014,50.719976005612644,,90.18142723876934,68.11400881093157,92.16455568994681,26.35143212554961,23.733955105861494,21.88763589553733,,80.49788247226691,76.94945762631981,57.326473900754735,94.28818225515398,33.963185914134385,38.544966008885865,32.81531050465547,36.14727654478236,41.67167424681495,27.421751528105332,31.82607475963306,67.81973947919133,92.58322861161682,33.67652140124173,59.763415189225675,46.562555847804745,45.545921540113596,96.91678403554963,71.79447174145422,,79.67886661579374,30.69250898798781,33.56314539654146,2.315446014190381,59.35034416814866,57.41719208920042,37.79799869601391,22.02284017559293,38.74040585990768,72.35691450691715,36.881844793828364,76.9444610847861,70.83370970139364,30.04074249463573,33.201902664504736,71.50268844128071,77.71290330820761,90.87617562437121,65.8198677009231,95.17902422898906,73.34254395695768,45.06711633536389,72.84279857986427,40.67278919204729,44.036852350806456,55.58805346501803,,64.87770680308952,20.497379164476836,14.023590455239443,51.94507627960334,39.01689037289029,29.736574570327278,44.46955430275792,62.68150935952521,21.793035520158945,54.33587751712465,44.98817272929063,12.773710953587248,61.77066337163475,53.187881022619734,41.90020977201038,11.37409721078283,56.96894467192175,43.5510616512192,45.37771915068011,31.658200567047178,43.20790932533538,94.42972529141757,57.07999174586933,18.339158431536717,54.91247779302135,4.982287845122746,80.10158059405211,43.949485157360634,40.56536099613406,22.036831512950773,15.098656058640536,96.24687962828295,26.121426895396315,62.15243581041376,22.464537825180606,49.44636437952734,84.37969653623685,64.02005656310332,26.034057613040318,75.8770535364306,,90.510558613109,33.31590822645194,15.711723556742607,46.992805457124796,38.57701420277644,18.027691324447215,79.88940978234203,72.07771474215417,13.404403896441487,77.24690134215368,87.44488970609827,25.508196831592787,58.46075488482676,90.2899743995868,93.30529913335879,41.81909730785187,,3.4809941218063467,23.949611044575303,32.625174340922584,74.839454687479,81.7978759448352,64.0465360025503,43.09799553961901,28.404691561173113,63.42482968375429,40.14475755394717,14.2390122166129,66.58467851257652,26.21701653745434,22.915222628524845,36.89734921581959,57.74177353036458,83.10938876298796,,95.25846826938488,15.444275705015741,27.463540871508595,33.099924108669086,30.435601335902795,44.89555349552554,40.62522678589866,92.18207676779564,88.03064119707307,52.848716787223026,40.44687321596678,16.776645329582195,20.210418093890826,43.53591851447327,45.54394849584149,,45.16802094980733,3.2090737900852817,53.093476244749425,73.9589800950378,64.87915284095207,43.072061300686705,,,68.98262238651955,59.9634425648135,76.60467949779864,57.0848405004289,87.29339122016316,38.428088464027546,12.243762756461518,43.91175666434825,27.970990847068666,84.59712448834765,36.358058127578694,,74.64878597983913,64.75464625119241
1994-01-01,14.044502942014326,48.81260830312218,75.15869807122336,3.193029463486019,,52.32412405425264,5.258476945630863,30.840963942762613,92.28570641177632,36.48958869912327,15.292816702509771,77.18618513913047,74.73528543064938,39.15162912095853,11.12838688404728,52.8427365140812,21.066173092252928,34.11101626382401,61.42168860132418,84.14636542979994,11.829020724838102,31.24216788658085,42.10164299872656,7.899752250384118,81.31381506669399,,,24.170624176597087,97.44780219508894,6.664640960030377,13.835876810536485,88.05893615963652,51.6794543429999,58.27782177703702,45.25801009685695,72.82880292506356,58.90970252356571,46.078266905390066,19.34107773492755,38.56697287218325,45.41074711193749,86.31903662604005,68.26675784943093,92.00349434559566,17.36856399797171,57.599164649807854,2.5285262292074506,70.20625289328919,89.93648887628957,50.717848262612385,33.455934601592304,50.00025806866057,71.8205045562628,,65.20768987999345,90.55121151081701,24.515807434118408,26.86753135477351,21.163124265796895,,80.06517997633357,79.19239223241674,57.850460684640815,94.55072719785902,33.76831332621488,40.56516799824544,27.718488127386507,35.25953313869458,39.51418922607481,25.95835722175781,31.713643381511936,67.03161814013332,91.71100259393101,32.76116096494569,58.093621209952495,46.40291060655598,64.17356748489973,95.38088050041775,73.40451668009949,,74.61276643475063,31.32083889673396,37.408622538495976,2.2952318376226133,59.102977266921016,55.420540395026016,37.59015684591787,22.348217663956373,35.34277352887685,69.25131513480274,38.33793610350988,73.33492199177847,67.16050997983298,28.892525179742613,33.00980305239432,70.59140072611525,77.48906750477997,92.13731240988572,65.48784623711457,94.15806946977582,75.14493818598274,44.08219983423906,70.65000108610178,40.45633198077498,40.04475097964503,52.24947718182955,,63.99563131239652,18.311736087799957,13.923139053742828,48.567885444085704,38.805278636921756,29.557920949497518,44.19169535471208,62.43377344105387,22.67050539633604,59.76404989916306,42.41394810644903,12.680772353938352,61.52285267788871,54.60915763747831,39.88822951892767,11.289825626273242,56.235472005899446,42.338101967143984,44.65753559465531,33.779647130659185,40.91708619859394,93.43183141538172,60.22367156247501,18.214316081993854,54.668220717459846,3.6374305242362404,77.01882855600715,45.31556267373542,38.48516875572958,25.611460407544474,13.130510248605997,96.00662332296466,23.55421205379321,61.90464001702303,22.318494526672605,49.89491267073126,86.6117649571667,63.77267930010564,61.90645682968005,71.34974847460815,,91.47875063014727,38.90258461791527,15.601451357721896,46.760852460357185,38.36674317668584,18.091344237260532,79.67338865623249,72.24847958779661,13.307648097507919,76.4494285015746,89.59947667207723,26.218790655683044,56.41427502984231,89.42733437225634,92.88134546472489,41.59947388447319,,2.981933205555354,25.857398139694286,32.43521893524037,71.24391394637348,82.34527734458598,59.76262416545528,59.15935694145349,28.379901739011814,58.48278446224538,39.92981073989096,13.998900515083312,76.66619459043038,49.93848639317723,24.949288249681967,31.795579017984288,58.824607675104204,81.85098276307237,,96.15116785690525,15.335534951487094,27.30032919235206,32.90820091520615,28.780456638076622,45.53270301060003,38.2870505012463,93.75184836389992,88.0115881199558,52.606861684483675,34.24225033610799,16.660364704575358,21.820321092296535,52.40955365380968,44.65521953737116,,50.62399634095422,4.63942969448552,55.15280447607436,67.67026197407593,69.13206094091353,48.81346112693149,,,69.86772508681878,56.8734013269393,64.20534715273891,59.54146990506792,87.36244500910728,70.86306152040913,12.37488523168755,43.94023970079998,27.799706152849524,73.7902090362238,31.76352633466464,,77.63419010227166,62.89319047346016
1995-01-01,14.50557114108111,54.58352223313305,76.90002976725116,3.3183982720053296,,57.10516035389852,4.777774648707256,27.800778364283563,93.03509948260145,50.23241061428556,17.899179843322788,78.29573587744483,80.35754770582834,38.53187712038921,11.508033904784332,53.93724232044548,21.10780081109318,34.91239518799758,65.42354451380706,86.57497688441869,20.533236099849194,30.15992825951389,43.102768114947445,8.18241839605639,81.13273274021093,,18.85148760998715,19.84667491188874,98.31745694583016,6.90807020314157,13.54047493130366,88.30740942250674,54.84918174524394,59.39270900073013,10.886132864588838,71.14084761708955,59.736134403215836,47.95934079961063,18.245542322301688,39.52313745250403,46.44773622136431,80.26569096216055,68.9805070382342,90.83620992170557,17.916013738924484,54.195054991114056,1.5740344551555374,67.23402526845221,88.9996668334643,64.51022476177184,31.451077451640487,51.03355642659435,86.18746823447393,,71.06147130664793,92.56754716112376,25.22775135378641,29.08986378448234,21.12596611165052,,82.01918541015117,80.58846753555326,57.29199138263037,94.14938881162666,34.652735479751584,41.54758263124649,24.341538142908558,36.16755434241228,42.341321671501355,31.51478951369395,31.01887184815364,66.6598961371091,94.8417752290602,30.989499265328003,64.6608637933926,45.687632049755564,69.47772802608547,95.66032710966753,76.13847386166994,,75.749385063844,32.81278016888414,39.14670081761153,2.0680061930640647,57.445266915619506,53.429576249603116,40.166110188174464,19.80374334675622,36.252077524891014,73.26507891637432,39.162313848819316,72.84257525121471,68.55606264314626,28.180998220741337,40.33430982291346,71.67315891673024,78.34260361776938,85.49000626656532,70.14730558964585,94.4756775239832,76.67113406972483,50.89228030219854,72.24048842800816,41.43737243604518,41.08404761276827,54.53750317701112,,64.53211350735455,18.882516939602056,19.279909488964975,54.09074196294594,40.36456948830812,30.369418922673596,49.11895893879481,63.550653267512345,20.845137835276095,61.64771750212679,45.24533467223837,13.10444896878089,62.64036272905251,54.731970633692775,41.17318279569668,11.622871687202474,53.62664193795374,41.43717322873386,45.71656481009351,38.22816626016432,37.832157577338286,90.15970775967857,53.905256271890465,18.78271058154549,55.77171291467691,4.503526091645504,76.56667154153294,50.538420408974204,35.19405965657296,28.483074449723045,13.67223939815354,95.84893959645355,24.571290506147157,59.96752065123232,18.816675322444908,50.970537522345616,87.45669128950225,64.88750063456514,54.41100827145693,75.34959404518646,,89.29196986671909,39.8633084054962,15.766903081831153,47.81070096556098,42.791387042594145,19.082124767286867,82.5298726295697,76.83661980977,13.255661247292426,77.69455294341134,91.60521009865636,22.635696738909083,57.524358395815625,88.91967064544653,94.96292049319042,44.062627709479884,,3.0996754473735733,20.31935383992629,33.297555684663806,71.53577353358111,83.83606015047769,62.44583265754577,88.77101051779636,29.169336012679704,63.89395709082151,39.98290551154015,15.256254003899128,68.97091808310975,62.24129320422214,26.1625372408719,22.538543615609342,64.98547142180104,80.67628444334399,,95.78092049037541,16.434120178241287,27.216251642427935,34.15901067272266,33.2981737595318,47.45139996123899,37.5619885142888,91.10778361089645,88.9003204682926,53.687982282432635,37.624832454977096,17.189959115068476,22.473512745149314,55.731697465182876,51.275424146608415,,45.7918758748019,4.815544098570134,62.668354992357656,70.19449977861771,78.92002595164901,49.88084387263324,,,76.73569315533156,55.04587642948449,67.19409990745187,60.65826387059723,88.78461542282483,66.70578763278232,13.872014679623446,48.43182753127889,33.47874415809014,73.45215959326454,32.61438243028589,,75.81108824470356,61.5143137802427
1996-01-01,14.100807420928717,50.25130277387182,75.54438527866016,3.2082805577465234,11.394303927935944,60.9463592783259,3.8897771500457923,25.83563925474568,90.44635432512821,50.256321060502174,15.702644137540023,81.88682663737926,81.03470825759408,37.47040604288048,11.174710919076347,50.81311747013153,20.56132350816018,33.875500125442926,54.654457563362314,83.1064162497686,19.124816475587547,33.600681547014176,42.22470220554786,7.934207825233752,79.72424342256794,,41.690355559228756,17.090527038768922,97.78785322878342,6.69430065404184,12.053226350198365,87.82696546769156,51.70005812337066,62.32027917689478,10.501284315472216,70.30783797853081,66.31603143225178,47.03751702002125,16.543477191563273,38.68440800382871,45.53831680939656,82.51823376617484,66.85433220140592,91.71795059968963,17.43547398293501,56.82436432115696,1.5317825655503992,68.09466428227513,88.153321298729,56.48905707899539,27.327457647730924,50.83152461097389,90.37235347977587,,67.26904327442979,91.9580955540498,24.60296911082026,28.57837731298084,20.682917698333338,,80.56654390399451,79.07905883477561,60.56351903135771,95.33113892705079,33.87681790644144,40.68588341336774,29.540740201001125,34.21276719009283,42.23302614692057,31.75388672362429,30.296635911096594,62.862745621354236,95.57854181733026,30.14347025426083,63.87992331668004,39.900029589956354,66.0622865286536,96.75802686499576,71.72101227546052,,76.4349718604859,32.766956701732354,38.31244783186483,1.9224044934396667,57.246582313212,53.441855476849895,39.872434450501906,17.792245509046257,40.970710577585244,66.67035566669368,40.12453331484621,71.27480510823399,60.989628773669665,21.89791760998586,41.61813483333562,77.8390522750314,76.53835408576208,85.12478003925533,67.92048342984664,93.36495054260307,67.87449664615804,58.39413731692697,77.37518478904029,41.64031282627305,34.1374858686617,52.58744902515971,,66.47687614341851,26.995120889551426,17.96471137486353,52.82001565877419,47.80285987936009,29.657384336397907,53.56697364372533,62.571827201494145,18.424677680839952,59.794768983950505,43.78349905511757,15.663160263913179,59.87699190993603,52.76565609684016,45.510368062155635,10.044097371418548,54.0813255815662,35.15923895239772,45.99092723675494,33.820048205837416,34.35427648249794,86.9387053681865,53.184807595377556,18.28380038159193,54.80430035766935,4.3579658800013465,83.01978306247383,48.97005757773844,27.34511222678224,33.997934406603214,11.305143090173308,96.80097611330434,23.958480876899625,58.28056801436139,21.94694197329168,50.358997229880046,84.13123958549464,63.91054003105558,59.46470193075606,73.51409676919099,,90.79211704592588,42.67343711454481,15.681645695733204,46.89004733157195,46.35485672864027,18.351895545374873,84.41602737699377,75.56654578958472,8.83723859212715,72.34436118748407,91.43005924697846,17.62151681434121,58.8761318968684,90.35304726109437,93.78634092687943,39.982236569439486,,2.9170931858727656,17.18543018749472,32.5409820935487,71.07868186731254,85.25949577115045,60.135499464959594,90.18134356762174,28.05427830503171,54.39496373707815,39.142752232757736,15.239401391542373,71.20779504094692,61.267620860115656,24.86503950512087,21.964015961493633,74.73901300804138,74.92589240775477,,95.90138144526053,16.00874342252203,31.907727257294127,29.209533603057857,31.6253537961229,49.38440300021297,34.89617997608819,89.46135509473395,84.62179421386661,53.573125932340446,32.90777060769234,17.4177841133732,29.632583489130226,54.167158456392286,52.528992153088,,49.668490414530865,4.15347758556025,61.10097999992241,72.07145202803014,76.57058841851625,44.12268117151987,,,75.8946172875674,51.877079977564186,73.0725271054075,64.13387482814541,85.80920983307176,57.109607858133906,14.185946950739137,48.09319795275405,33.530318157079186,71.14299302007112,30.072329931265497,,76.26302371377042,60.215063056920485
1997-01-01,14.155158026898285,55.15085881600863,72.81431788348426,3.2230179005056314,12.014349453644957,63.73760201929131,3.753141863230547,23.833478524167063,90.51704981381434,51.08398861956791,14.661025754115464,84.14855859622622,81.97821550085645,35.89331655682386,11.219437342853212,44.84063808595068,19.32400321071517,35.48319302700664,49.67036230236612,84.5510138599955,21.626886173898352,37.17576254961219,43.709297674418565,7.967484360414101,79.46203565113692,,60.70895661259643,16.763448455433007,99.32411187640474,7.2427531868854755,10.163508974904046,87.77378925020034,49.0486058534331,62.45311960618818,12.972257938634135,68.21089441841903,57.45790777851481,42.50233598580715,16.605390288221113,38.797589903520205,45.594040721435256,87.05323120955974,65.70564456335045,87.80773695508348,17.500047020253028,59.398144621174545,1.5392003826353085,70.27827602895917,85.52375884562957,56.685833987022875,26.452231646662916,54.91148879661865,87.9084094164675,,63.638688860294444,90.83219936544724,24.68704757430119,25.61603231330367,20.756732765727715,,83.9928487651057,80.28837864014703,59.98731718431309,96.22020628264127,33.98142422596819,40.80221189880868,33.72144233430898,30.540715453144895,39.04409940620099,38.23296524962239,29.473287736556454,63.95891367018156,95.17956899649462,28.46572740788388,57.83385368253282,41.60893834265046,71.69728711303807,95.32731412852004,66.79756675954931,,79.55611885562487,36.764269460501296,38.42501728217154,2.3091995258222253,59.48518720424112,60.42123374369297,36.311666475255834,17.89690042888742,42.306219231958806,67.31256314094132,38.85162194448195,66.89063163726733,59.52172988324762,25.871170769337446,41.591162348974485,78.75160143596445,70.7256034052699,82.92003862398568,71.18425759344905,94.15310332294978,67.08816753127866,62.09604287985808,75.09880213640393,46.942227321591346,49.30662148698569,56.67166694147714,,68.65458378112905,32.593344839151484,20.291418338807933,54.1793391034773,46.4342799720699,30.633990196432126,47.03326650511105,59.36905511937061,16.812407783499207,62.24191416042393,39.14972120477723,13.792332049438249,60.00974305281235,47.828052304011656,40.12046048710971,7.945717735179969,57.46244484381573,33.0408642191847,49.858432680546116,35.01547979123467,35.49487140785879,88.05206079419106,48.96909442844933,15.407143796823641,54.93530574628298,4.377456637048804,87.77635565516306,54.05865877245499,27.25795049653431,41.63940442714716,11.168480534585557,95.50521415177205,23.129181464876282,56.025405681215055,21.699471887103094,50.48686610278015,82.27443807804367,64.04315839551377,59.58952232141832,71.45286988300708,,92.76341622758441,43.7353529355345,14.029834578572187,45.89853264346522,42.350202989579266,17.79820088088382,83.01545669033368,76.73127257783987,8.830183585090134,73.22866643670969,90.85823134253769,17.68663793331633,60.143563031923875,91.51778164306349,92.5536443074586,40.09748757067827,,2.9305957368686353,17.181668864980736,32.642953920237815,69.21721496354819,84.00215148184105,58.0436631696444,95.62297677363456,28.14660764630328,55.525686683906294,36.1385661867899,15.526948696655618,74.0393791582659,58.61066921847724,28.74938338302616,22.04129093278795,75.353407127013,81.16058385604563,,94.74497517872926,16.16152108597999,31.201827874550503,29.99962924661057,31.282062445609405,49.51139488686878,35.00272337998285,85.93889982688782,80.81605452692904,57.7197973106728,31.418830159587873,19.700246629645733,56.04791653557084,50.893223935516005,52.72720200078389,,51.92376461833088,3.3432856065859884,57.95974820817047,74.5160569287983,78.9918939351468,39.47945765110623,,,76.94905638472913,52.405501789529254,73.66949480931967,62.077900668143336,82.12234764700305,57.047807992760525,14.240568173295209,48.805821390109074,26.48500245668558,71.18929123317481,31.88020576296262,,74.04881152463192,59.19751736807355
1998-01-01,14.403770542520434,58.62588380729215,73.29878453945697,1.9553814252011303,26.289807700296752,60.80105792173005,3.159978490793247,30.927414453164314,93.63593372289968,49.70695447904115,16.21679274171388,79.96937704385452,81.70149477161132,34.04483794755653,11.42415048884594,44.081049625040094,19.643128179919444,34.93500253478514,56.434952357404455,86.36312886430235,21.97482809949657,39.4215113188082,39.89387422612282,8.119906958306423,79.98773004682562,,54.77516735199603,19.81751898399253,98.26734795191993,7.2576462693142325,10.590751925627472,81.86262009032833,51.42238914539572,65.58196535229446,13.584392240909438,70.70701010668479,58.22930670592466,40.738878453500206,21.713451639082503,39.3130942439602,48.37411610749154,86.29211420180923,71.03645274979368,86.95455940027165,16.328922013657778,59.92279362613593,2.2376845701783,72.25560929313978,89.97147474085423,51.175374863899336,26.38501652032944,55.584329668794076,88.26189676693869,,66.16737810391405,88.80516574689416,20.809083276001605,23.997782200861085,20.83536916059101,,83.84351331985818,82.24674937654238,59.12729635796461,95.78001379946339,28.68588888032164,38.00726329501845,39.604417324589214,32.36156008909923,39.561405692366705,38.36582414289178,31.47021391484858,67.14092207497305,95.36661582803563,27.41418544252998,60.78457294239921,41.55626383278725,69.32377854342766,94.62106837327077,68.26648982767445,,79.96956292722165,37.384799532244195,36.211130519964165,2.5132313797102346,62.925147617523436,59.773295753813585,36.80803105184643,20.721016362675105,45.91081666223179,66.50481102179675,33.68269381549115,71.46314154215396,63.29474379179756,26.921757791576017,42.395155503115966,80.30405919873432,71.30922296177692,85.42615469084348,78.0169497610018,95.68359995895122,71.25432397411706,64.98855684042826,73.758754485699,47.44856908802822,50.796269837724964,58.835961655092085,,77.59717385261449,33.057827809228435,18.497713686964477,56.91838002018352,46.564990778796435,27.985747788323213,49.258711063761616,46.96577918395606,18.249634020505624,59.647038417339694,37.720984199346155,14.035677189883389,59.05111734060413,46.293849351487935,38.12946927403724,8.830571100479057,58.282728855594115,32.33800874774986,49.6661569647894,35.50117102026849,35.63398694055433,89.23625680796874,53.17439924182379,13.095294862627293,55.53018059931567,4.466828328251049,88.31363175724695,49.80889630054307,27.92028663592805,47.099528558844185,11.773146973923797,96.63725030510047,20.62789093403272,59.229471961635994,22.04829697203352,49.01062116952421,81.27861576200436,56.88649566319091,65.52331479182428,68.71295574072442,14.816428691579409,90.90776822783546,47.377413421998504,14.276632598689766,43.836828198749856,42.8899801420676,18.260373821229415,85.47747150517141,77.13319787394025,10.117986426330427,77.98032042328815,91.98610451564964,16.560094963528115,57.563451295685454,91.60031044652712,89.36801323866487,35.957659144843966,,4.064014630129953,17.08616837243292,24.857067512217423,71.66876469227046,79.82700310222869,58.84968778512953,95.12847285497834,32.87833478480175,56.12187892419777,37.44284425304549,15.79508922339704,71.8496787784187,61.67736094736049,28.36292598449044,22.394254516227907,74.46460782542002,78.6717271111931,,94.83942391272603,16.13242389385976,31.306262498186154,31.247042102639355,32.98669210315032,49.199558233469745,33.740092093406716,88.20696824582608,80.59494647709316,57.520953694559275,31.439348061117922,20.024186171262603,47.6377479191015,47.275803673636894,48.27864738324495,,53.387096408635855,3.567194881450808,58.740308214047786,74.70859998416992,77.82995827646684,44.34390291947952,,8.3475092422306,78.29956082981367,56.635283057008934,76.38380346705324,61.254477111033864,82.82091173943512,59.44696244507342,14.462301467133132,49.380107446150355,28.28155052253448,72.39852618550952,32.33813217835585,,71.81483096058807,61.432668168257806
1999-01-01,14.426284226544206,57.3054085014288,73.27273692425587,1.9591734689310192,27.42212998584308,59.284953871036585,3.165892270245352,29.92740236110658,93.59848880351718,52.35695587119189,16.24159256526292,80.01638380174359,75.33984306431488,35.66936484065779,7.7903285667724536,44.1303621414729,21.080217411121417,36.66949177769444,58.930510129136174,86.37488052099054,19.950775088656503,39.468085718219,38.79363418139867,5.2473957388486365,78.04070096534157,,58.93811886649991,20.154289263745685,98.75641330529547,9.650172884324615,10.246580986196008,80.71193051490079,54.96245219573363,58.27703903156942,13.356385173284435,72.8106222565541,59.21532297599905,40.78628408689649,22.13744480680284,47.639340414530054,49.44235693730597,86.74860883024928,71.08887655837694,87.65421668402792,16.35386020549976,55.75495169573583,2.241983615453713,75.25654785065686,88.00701962699684,56.137833223467815,25.11351165537816,54.82980925619738,90.00835458465593,,65.82277603016166,92.42510604454175,21.701664972387846,24.113637305704284,19.492280206161894,,82.1607502381104,79.83365545094422,53.57289397183025,95.30319565813572,29.052379948348207,35.433137090754286,44.36078376129062,38.28240476389115,40.152290476542305,38.08121288900508,31.510841686854008,68.40626637934109,92.36817712207043,27.760361452297232,58.21926830952828,40.824639993900625,64.67702354994631,93.21460584283095,69.28538190529214,,80.98541339086422,36.935899873015174,35.04197195745139,2.5180191999474744,62.17492535516291,60.74811408238918,36.852825579963536,20.991969776456454,45.3780571308492,71.34666466406911,33.199096470962616,67.79601780090681,67.13441609748536,28.54221212437984,46.11098225230026,80.91130513099365,73.34237646824405,85.06356068058717,77.53603521898565,94.1565641289811,69.43958514537516,62.53635093014711,71.58678866272399,49.636423752779656,50.84850437370378,59.12070692976534,,77.35032399190752,31.281622203965775,16.455496724131248,59.79269227313686,46.20126440520779,26.41879241754459,52.20207331058029,51.88740175620197,18.60176432694963,55.380872074285705,37.655805439944956,14.05771528972829,59.199883606328285,42.56887046187848,35.053022477714116,11.990058957588479,60.07746833612002,36.66487165256136,47.030464748205766,35.54501098477035,41.49066963699632,89.96201062810249,53.542916001039885,13.11609997954777,55.58369880463445,4.001706405836359,85.46492259353884,46.90862780537933,24.773102669211223,44.818038000786856,12.273826952127209,95.78714641062467,20.657878597248548,62.442915619163664,24.033570453692743,49.06220099710615,81.16583485652976,57.212223603654365,66.74699379962988,60.491802144470164,14.839470898600604,92.60887592683548,46.581840723783976,12.269704553098714,43.88601131258556,43.659469334704916,18.287641578812263,85.77429760016884,79.27469150531788,9.585995534358194,77.1098059413102,92.91677878573357,13.61012565371642,57.617309826536655,90.78889244180233,88.8255608928326,39.87964737641805,,4.071458384371174,15.40073568862721,24.636463537422937,71.678191648379,79.6422785003711,64.67455188155944,93.39481858502134,32.920130445136174,56.064029767553315,37.20991255096746,15.819365541985508,69.75356280078222,66.3529894807881,28.400803327470246,21.86886117140713,72.38386950871153,78.71980490879056,,97.73084587999217,12.566903085688919,33.00940748283099,32.585374740303784,31.616166525667232,46.44187809220164,34.05365672976173,88.21313009156246,82.90005581601334,55.651263266104436,31.47994968421749,20.053494211011945,46.201817757114036,46.124701249299925,51.72092201275078,,54.08069282935075,3.5738037501208075,63.541210282117966,75.51953957090137,82.48638470056532,43.21327170537093,6.823859361552309,9.233531242731562,81.65011503071908,52.252410918813254,77.44300439373426,59.538445082259784,81.56602704347276,62.480548115484694,14.484890413641239,50.39589773016058,32.840362141089585,67.98337849251483,32.37948559464905,,70.19164835033831,62.58308409642861
2000-01-01,14.666814857967815,61.40026881397662,72.11144383099206,1.9872135964259519,27.044020117780942,61.63056239983311,3.481248552030358,27.013143399230266,95.92059857530595,55.44926663449638,16.32079242090664,80.56822528361687,75.71679655367079,34.84272506750932,6.801202206187429,43.10351835550337,20.992400099604613,35.693068710221624,58.98541491309024,87.17853296388662,21.775895176997384,39.066822596653196,42.50481365249266,4.507670063042468,74.12084375100652,,61.066885485407106,26.296476336400588,98.66537137111196,8.801433968945494,10.081772103362363,80.50420803800546,57.12114432071176,53.180025797752116,14.621212480242384,80.14261359558952,63.15577506719707,46.65528800313715,22.11464869674169,46.02396536467025,49.09706126512954,84.6371195401061,74.69285375361339,86.5964739143145,16.62020954746779,58.98853529551693,2.693854339516133,73.0492194955577,88.06859870423268,53.983517645365644,25.997476911400963,58.253081318823206,91.73272375808837,,63.45072664332716,88.3032496894386,23.0022263483046,23.38384888980919,19.804093679598424,,80.61479956731945,79.54615839241444,55.34656842921284,93.65583598179393,29.108297521143545,35.27691966164481,46.706207428330195,33.07533336127862,43.43982401209284,40.7116619394423,32.66135775701316,68.34044456018817,95.982492071586,28.157861583900523,57.039487313359395,43.563413869181545,70.52871064157344,92.83850552686506,70.11165350809323,,80.05834126191044,36.400611677158466,35.504879309704485,2.309009767902148,64.39601687836812,62.733793005816075,37.63736499816803,21.897007750889617,47.11257542676475,79.67213848377408,33.979805049118575,72.91135175327183,69.07784931184638,28.177452137649183,45.45309669579927,78.97455529087473,70.10781562904762,86.87423119397928,76.53417400513617,96.13168481907893,71.36739963796994,62.356245804722676,81.5404912375241,52.53532814770458,49.031614882984876,55.30932519877165,,75.24376005087724,30.214030938912163,12.446343367641187,55.01894428141387,46.36997960817717,35.21438012448388,56.665155682461844,53.00108230298031,20.674178635946273,49.67700130125664,38.48355154236971,14.121712760385375,62.77616125083143,45.42862304239746,36.80107497651742,13.6067212590822,56.43987657327709,37.9263820216454,47.569771679827774,37.32474313488843,42.28492921620423,89.50818828622165,52.646709109436514,13.412897692857229,56.15186424949705,4.751450665710588,78.7572263497153,44.78300896230881,26.09436988173074,48.46197932672774,12.619396965784603,96.68701093554243,22.050060351059606,61.2533923432665,23.108146969633513,42.25287345351466,81.69874136746125,55.36183537399653,65.46622316245254,61.973368039198775,15.085631185420034,89.07474799038691,46.09837884386666,12.338712913038163,36.50982243688713,46.202546783186214,14.482327057366206,89.43428709821578,77.25510514743246,9.690345140821211,78.78292063901554,95.5467784539018,13.522421515927864,59.55771921669564,87.58872716687468,89.06607996746062,44.4413866883272,,4.151161690256899,15.780987494145949,27.801776942212765,74.90860962608288,80.59355717074219,63.097200645817274,91.1618050236664,29.17929086798986,50.15439819584475,34.90372868091772,15.443400527977403,75.20662027937198,72.78287484981452,26.0170995665026,22.15247376989301,72.51778370711017,80.00961936131313,,96.05317379347991,13.61542159055038,32.7424689086812,35.053503681338505,31.64864014323139,48.86575677089384,35.80510666910888,86.74887395109496,83.00575724206738,57.9971424663912,29.732077071119576,23.595166138138534,47.74078844285133,44.00037174074595,51.84580099597535,,57.16982828164534,3.386680224727434,65.25596602271932,75.73409013875644,81.99111655592083,43.82653199906029,5.355187888912449,4.322514291142721,85.68230316356372,54.20635440002635,78.13576935460883,60.32778968726888,85.28274734323197,53.662119642321414,21.642337056373893,52.484466209593215,34.52606852283806,68.3423495202345,33.8708531088988,,64.14327123015812,62.49629354637709
2001-01-01,14.90408073083459,61.04605764923336,69.95019281228562,1.2156805193774822,31.803726002848908,64.48648987258154,4.2420242704135465,25.339952843033075,96.86615941241014,53.099573929273916,16.32749838221441,82.76782829291676,71.07676896519675,37.91324947848026,7.072169929262994,51.597942935574004,21.48933577372496,35.92458800904692,65.30036996683883,88.98324359660357,26.772585565129468,38.855466098766925,40.70134340487503,4.724626208832183,71.83594141293392,,64.42740218516474,27.358528081751878,96.19610725958249,10.115504407136521,8.61736011086941,77.36201127893224,57.37941799841073,52.42665364490031,13.735461760568679,80.04668350120328,63.01660163020111,47.54441685462613,22.47745481077974,46.54412017023509,49.630745179514,79.13791124920112,75.63167148635056,89.67510682921733,16.882793610721013,53.0824181102109,3.4783171755006004,81.37230365955006,87.58672183484764,52.3801208233581,26.366846480076745,54.0585594585981,90.3120071917651,,58.54591178969859,91.49908573219491,21.723764697100002,22.252989988551686,21.36647898649634,,84.72845030631196,79.52730653903369,57.59743637212671,95.52806569647994,29.50795819175823,34.38923879941909,46.79161976781396,35.48161704274286,46.27659351205964,42.88752528090173,35.85211032851632,78.59920902089584,97.71253042440485,28.548533135168654,59.321487526129026,46.22016466810892,71.08529912372616,91.50943060491741,68.8429228331245,,76.19223212767328,36.74889928406151,36.09888220339512,2.3550741833399003,63.561723777011814,63.733238216516554,43.39392809187965,21.964724714687023,50.202574001190705,79.95819462282586,31.926554920570325,71.65485422094831,68.42544593972875,31.69629660459965,45.46459457715885,79.9925851855442,66.91968872956777,89.17946806821323,76.68323808245175,96.07407554126861,77.77511712117213,62.79321999171357,84.00509402408758,53.22033014507106,52.508978202034506,55.35871877125127,,70.22234489666756,31.971140147435474,10.409890589145155,55.753355385723104,50.17604169930612,37.09126707966034,64.71158515776642,47.924958822888996,21.30550001273537,53.07460686756389,35.56086790221683,11.482110431796343,52.50780925267699,43.88730691973548,35.83936544384745,15.769290804281999,54.838523994237185,38.14505921841155,46.11823908494222,35.55376414450136,42.66789899722636,88.02892598423988,49.7364744347351,13.628225426451579,56.70591756475123,4.059034613886492,79.9395491863757,44.26311812325206,26.464720775465246,42.74398289021259,15.765513386650676,96.01589762846436,22.377360214872887,55.13157224229295,20.743242163125075,42.75278597570043,84.82413941878994,57.95365955064595,59.729513063184015,66.60194771817748,15.328420051062007,85.89149226386407,50.277023685186805,11.34753166827156,39.213493478812936,50.36539456549824,14.717143399046527,86.21025035835544,76.82754814400711,9.284796023098208,82.29938438345255,95.64696823161258,12.94695839183887,62.63025127433943,85.57382672972302,89.49471923090097,44.52153561359593,,5.659363235429893,18.46075746282736,28.189020591327086,76.46681071162129,78.94364550854132,73.40130432327582,89.30609300006105,29.579613626219835,46.66542218129853,33.32080756067279,15.690866071050069,73.88959203738413,78.19533212106829,27.420663491470144,21.57228744382651,72.60286887758117,79.94274636599403,,94.97906655744083,14.922441072080272,35.60542471390509,35.32837236076198,33.318156850528055,52.307762697247554,35.81597380122516,89.4079107921838,80.61410420030568,60.117052062964625,32.01996353207412,19.460087922333724,48.268836669704015,47.75471998577171,49.59828085401833,,61.33089120595025,4.159697604693813,65.01137292872352,83.2510537549237,85.22269286947535,47.81415142274024,5.454526786997526,3.6374628719102686,83.93342332967197,51.10791133239425,78.67601847800746,56.423219395407955,86.56944586805633,59.14784224190201,17.604602404984494,60.639362036418106,34.97282871196069,68.65221681868304,36.049981773370554,,65.32500362910292,63.224650173648264
2002-01-01,14.897788712682193,57.47624862126168,69.29930311072906,1.1427472187381715,34.29317474301852,63.16334064648641,4.344965401390965,26.95443283366208,96.55579623206467,54.089692718283814,14.81181566348524,82.72348189084772,71.35354954667935,37.16797797201908,7.068844473902425,52.79669104866724,21.480926630187735,37.314070773927035,66.38225903035269,86.64827861796515,30.1308617884986,44.566206072928296,40.68846189278796,5.485905919423462,70.66066290052248,,61.638846630090384,29.645095581727933,97.64233430979739,9.47007838483318,8.61340509018509,79.40897878219965,57.695134448697246,49.04641143282989,12.840605343367661,84.49551227259856,65.55988882185827,48.822460022719596,19.41533710112052,46.05229482162719,46.09375398946717,78.5646875526378,71.68931738713124,89.44075693084058,16.8758320993445,54.4171093891082,3.4765626965246654,80.74787009557396,85.18439124568297,55.66725236932979,25.47287020808068,55.46283696347505,91.24694954517936,,60.10378065565014,90.62385439276568,21.715285899428494,21.506254276187764,20.771811694436504,,82.92562141104528,77.95681848652583,57.77654431415089,95.22664478826735,26.02463837806375,34.749613342582464,50.85336763322958,37.14192473382247,41.321302775090686,45.791651253186,32.0501955113621,76.79493329176307,97.0093134421302,27.885384360491305,56.5562555585897,51.390887668436555,69.86670845222523,93.53430051901157,67.48708081520883,,75.10586461074547,33.15870813712456,40.14985920202798,2.353849537710162,62.67068326103935,64.67148992118493,43.380621380755066,22.042162046648382,52.09834765461845,81.21767386220978,31.91540698569144,70.59222053031107,66.62091605683045,31.667169690602602,43.37494797717961,79.12365894712995,68.91543897420398,89.73145951419998,77.71215200845172,93.78936255441239,75.14891635039818,63.69223162120847,82.8406991867688,60.05223204043273,52.143573235323146,61.23318106392273,,64.66403218333092,31.95998208545443,11.69534611637728,58.53828074002219,49.139957057467335,33.045093242132204,62.308547055893996,50.403692688502375,23.085841469908598,50.73224850085016,31.5680547286606,11.477048628939524,56.541981212328984,47.04403844034145,37.18078073307829,15.601301168282944,58.555971703206346,38.393630436590584,50.65866174047673,33.661379604993805,41.30845638167428,88.1468936646712,47.95232037099758,13.622381054012145,56.69130595317971,3.4795598787012882,79.79606219384958,42.99747071707408,29.353653002798175,41.575839606430584,15.758926263832308,97.17358905960045,21.896723433107635,58.669253825606326,20.21551808410583,44.43107377440047,85.13395770708118,59.85447239906571,61.879782593928965,63.31985660068595,15.321981955793351,86.99444711135787,51.0073214420526,11.471069803544276,43.084988783389775,50.35123231830219,16.783140793327277,86.10994279601927,76.81410300534456,8.60156716000403,77.4535581512564,95.03157994159966,12.445209114607447,63.284888560674624,88.50333037826877,89.23637762704128,43.68474409454669,,5.331413466894119,18.914625903581506,28.178768988516957,70.87057368832713,76.78996711349593,80.26687664650973,88.83498863268619,29.532163632479392,50.868256718990665,29.763841475463238,15.684304296452822,72.9329761293737,74.05563451908563,26.033793945939856,23.053056069455845,73.90658252557532,80.09837560175498,,95.51393706299032,14.80013622232228,38.82899614305969,35.985859097462445,33.30669912232784,51.6309154515105,38.44721246162356,87.99319133153189,82.07645020238589,56.27755779154511,32.576532692465854,19.18799247011084,48.254893435668656,43.05245841773505,49.68015730917935,,56.367950456792016,3.8728196629566614,61.24034704032486,80.05291272221959,88.73045542888083,47.80026010944315,5.451888153824402,3.89607771994388,86.07937038737369,53.495059285178705,78.2897008965545,55.239891956416606,86.2112641762305,58.23131714858316,20.402087174737083,62.354498918088396,36.194690449488846,75.51384362286852,34.582010595092115,,64.73057557775431,61.26930863292981
2003-01-01,9.205010595787499,64.22927432530558,71.19089843818452,1.1512976218062243,30.920541307075123,64.77372932204419,4.374475198311345,26.999804771746128,96.9053413573829,55.413514483834646,14.897714413533446,83.46616734658826,73.88631818493405,41.802084486829315,7.006033675040769,55.18407906721983,20.667699077827773,39.071083675229744,61.04248729080493,85.11471668008261,30.277965334942223,48.50333832512595,39.827177550509504,7.582455534420984,70.73043332164082,,67.01964206542468,35.37716339115816,96.58202566979446,9.528995825315079,8.657944395681326,81.10924607536074,61.983420655451326,42.76538637916406,12.91692824012336,86.33215402951268,63.65141240538823,52.31973050754111,19.522012172833502,41.163350962162426,49.3124582412002,79.9242828867237,70.06004423290175,83.62970844987103,14.160736024095744,52.15603792312928,3.5006464162863127,80.23566229165925,86.73179424284646,55.2361271079923,25.60372080729312,54.5538398979311,94.8262856691437,,61.24912468484496,90.25887177822906,21.831551844871054,21.621669627844465,20.884205193026737,,82.40535563411434,83.55852942083212,58.78800949922531,93.3752194372538,29.69583488027775,33.17781036433869,51.95868619386954,34.661803263457514,41.78942016264735,45.04296034767161,31.67755790164799,78.7626031673719,97.7260630180224,28.92892175263451,60.16109098271591,50.79297690633295,70.37587024002285,91.51561615525893,65.26263419512671,,81.31393952887093,33.315302417937296,41.45614596386083,1.908590082362116,64.54265605251838,65.52380259741997,41.7872268875768,22.159749748664748,51.77991786658471,78.10261095465752,35.3286024907478,70.04158994545226,69.30135244205815,33.05582904210812,37.02478619434856,81.18729056267183,70.21204380744932,88.56915369258225,75.11103504290037,95.70340709788195,78.32314041064538,65.29842926967895,83.17425607167273,63.41833272916298,52.028254263696574,61.34221296991558,,65.00579950557838,32.92731259130716,11.567173296802192,63.06202148899298,48.4019820586523,32.86375650923235,59.224800885946635,55.68047955658901,25.43289963372669,55.59878563216751,32.27967670333931,9.917606040519999,45.78302160825923,45.428068006876565,37.091330458851466,19.29080223793205,62.565858800381676,38.45958974001231,50.420724575802666,32.072372551389904,42.89424130181552,89.52319063926117,51.35780976926652,8.691991898665686,56.891348027256214,3.5036626022077133,79.13105600045404,43.35041128491457,30.10102518182578,38.95354229348334,12.922093024663916,96.73308626992194,24.083844924600495,56.88408734646799,23.3495888383206,40.51564692776194,83.01289950432597,51.87953858612908,63.054440281801824,60.7707216127326,15.410290655614222,82.40298981689041,60.82703146286037,12.58749312773314,41.51121226844143,49.78707922571414,14.705143472956761,86.6267967821175,80.96507744258132,8.655771309297332,79.21597312210005,95.04578474726785,12.519559364627874,59.73887054143632,87.67552766613844,87.97005481471115,45.340899293506176,,5.366908541466153,17.43701384598847,21.671423493951814,70.51022251313235,73.11112721686659,80.09563372418467,84.21622718111654,31.8060544117031,49.94480720757015,30.410254776331435,15.774307874760396,74.91985973912256,74.90813490628997,26.339065770753134,22.26359103312152,74.59360585097237,78.2693861475919,,96.0899797333627,16.687360752465896,39.166916739344806,36.09206916836711,33.4637355679622,53.557034209366904,38.618341677885915,89.11056113648667,81.67585607911457,56.52612322368347,29.3362324738645,20.776796096305805,49.03387806427101,38.48171656785815,50.77445797056086,17.763851101239815,56.90533255659442,4.369536290270304,57.0784839806834,80.17102836422852,86.5866895486167,49.66211892991586,5.488102258271055,3.9228023303960913,86.98609319812176,54.2372449470387,76.95103049366273,54.875203445833364,89.30788092793107,58.71216465341285,22.035731561291005,65.2090393807913,35.52465381785049,73.48270417970035,33.09720312898064,,63.82267127342563,61.11988849609777
2004-01-01,9.307184114563949,64.71130557856377,66.35513975984273,1.057137842379674,33.31649488009412,67.0291848575229,4.70996909785113,24.688533542568535,96.8035554360471,53.08239788475804,13.538770937803479,82.35176880577507,73.02199882186848,45.939283742153016,7.419891961709057,63.462949971402026,20.86658682768495,37.62165718549226,71.28246620899652,81.48570290559549,27.731172341755972,48.84944375973931,35.66513137554486,7.668737454049124,72.50368915116951,,69.36768470312109,39.08540256374755,96.92618175448696,10.779842355562351,8.754830961601801,79.82198328977084,58.653061192796365,44.89965817955822,10.671957193115578,82.71869014306421,64.70904309063008,52.570479944956986,20.132442493162593,41.47855042817642,49.654116390001,81.43234626657213,74.41938688985064,87.76628337127565,14.307829179346697,53.31535539751571,3.5719025931081783,78.71814074036767,87.69424623800839,58.36767706453845,30.526998013373795,54.02516684742042,95.2325837535299,,58.999343652494815,89.4876075095636,22.038915312605432,17.90357935090494,19.70881642693164,,80.02660258871954,81.00505720178671,51.18176233414429,94.68763130348154,29.954519821514335,33.455961033539424,51.410725151585936,33.65651612697971,44.86196836482389,45.06566488083285,29.888534450121984,79.06915686330643,96.42353448506913,36.76969689861031,61.9255321475614,51.13814012847813,68.41469696780904,92.33047890284813,67.19025252689214,,85.68790715364734,39.407811678372205,45.53708404581894,1.9331899758739057,66.53195823707397,67.67184110088056,42.104866700598585,20.24210468622091,49.286198263751345,76.36016652187446,33.691580500942074,73.39906506118993,65.05674696118464,30.63135056424545,38.75205348938449,83.09341739854776,64.84900105805087,88.80363160555133,76.25024072229033,94.17009198349882,82.30537765369672,67.10291039464309,84.34727873360698,63.65946638380389,49.057967605294095,58.19209663034013,,63.931536088318566,33.93783870958802,12.387999167923159,61.797220463962454,47.42699755249754,32.71417252841913,54.044242605136425,62.30515822100433,30.187071659172503,59.60762776481128,28.068048787625454,10.026562281201812,45.21517823037032,45.583973911521724,33.942596456450225,22.39034391021082,64.52217228720119,36.9948601715961,47.115971683788516,32.34455920255264,44.56913655124729,90.89498466378268,49.40385230191463,8.78920957245095,57.24641869946563,4.203648738971744,83.37442813811829,44.858845343244134,29.467057554244903,39.588584947545336,13.058433559323944,95.32919217890016,27.135250893984487,58.70975730069637,25.220043360073706,40.82824206410505,86.39004678756639,54.93868758287284,65.9885144697599,60.72280728666786,15.567930724434653,86.19560900405932,66.3285540079873,12.7208768120867,44.63673198925754,58.07832813652516,16.844839096121444,86.24127126817835,79.86106976787006,9.996868025371498,83.7093246558765,94.80334107057196,14.258455905892653,60.67474663071817,88.69380000126851,85.75592202006273,49.98457615113542,,4.772828689762266,17.7799148314268,21.877634562314043,67.13617660062899,70.05631876500146,80.6898736113054,85.38155485965675,32.07677419089785,50.288013182701306,32.234925414045826,15.934965017926817,77.37730037845394,75.30507303869514,29.19991971918425,21.514668518922676,70.83354195546718,77.46961138681813,,95.1745383247364,19.26258139423401,31.92720911978253,36.134885934478824,39.25795414630745,51.43864160865359,38.19399953160245,93.4989728942108,81.12206078426652,55.378069562710785,22.455149796932716,18.873741602074766,45.03613028736416,35.08121627388115,46.72964422014098,9.47241387086375,61.6315642360471,4.410034049952383,55.94937755252758,76.81798722343211,85.86426930348911,45.54211194918817,7.441258172369114,3.9566609097646976,86.97440977137103,51.61428029336375,81.23027868014933,53.11812633501829,85.43059378549523,63.02538881614985,24.81373410073934,71.87667956670967,35.59985150190865,73.06777913182839,34.200256684310816,,65.08478975745815,63.816074465323005
2005-01-01,8.76390498598626,63.792906173684116,63.62819565493096,1.0646558883109725,33.5213162114017,68.76955415179458,4.740011100546959,25.616642883344298,95.38535240090708,56.199930434538544,13.614256702163342,82.72567309857392,75.46654645730732,41.41246209263123,7.46496413074037,63.998307804179056,21.8283567884491,35.87019465617589,68.8682083263287,81.23317016719352,26.6715377969128,48.422169447834854,35.35508942939818,7.220339021232247,70.86435095160743,,70.57295897822904,42.51611584575274,97.74922014781178,10.842154037370477,8.806921490457798,77.46481294421329,59.903086561953266,42.4997691225027,10.630769766544468,83.9120201755451,65.10808998210481,48.85820978686547,20.236280821234885,41.64727241692776,48.944773665352855,80.18755149935566,75.28950443038337,87.83340151062463,14.386842727148752,53.1504053483042,3.5952650445906564,78.9598767028065,89.18860602003174,58.30164803271178,30.66743962611509,57.10735413541785,95.41766142560287,,61.23803450216086,90.40906410862459,18.28827857242843,17.18571944233771,19.810957801649053,,81.9735587263016,83.3565646713615,51.07168801801363,93.74681466928519,30.093192783809187,33.636477805004674,55.124651064673834,34.066641251240526,50.93118158155357,43.073768718921926,30.25245203155329,78.00273167396232,95.84481056750417,35.20159921413344,60.221525147703844,51.04320148490116,62.8706434526715,91.81169695097395,74.42899778099492,,84.6244980277654,38.85987785724425,45.852552039894526,1.8756538757988772,65.57219795454068,65.15183600703492,45.15102808461076,22.66184088140548,50.271547036863694,77.89491209887883,35.08465334125456,73.57669090724774,64.84312754177022,29.968001824528155,38.779253866412965,83.28380087076692,67.85137669810743,87.46465455443777,78.21237569550951,94.2070732808291,82.65358058771653,68.37366069059226,83.09897383217917,63.079390935806856,47.526912846402666,54.29636604459658,,59.50789927491855,34.08822467168457,12.458090481678784,61.432644309761145,47.563917702637106,31.78015716419209,41.6272917922508,59.85581131765583,36.6966511413312,60.897119940219646,24.963002692548997,9.699914992319913,45.022741993568204,45.10910057690477,32.53291713976958,24.601427461193826,64.666310494716,37.98105091453425,47.295005642629896,32.49042653104506,44.764613552428244,90.72995362484556,53.61805610544514,8.298751759425983,57.43605187867764,4.230749404370259,83.7129923286631,44.85024506787604,29.04566856913744,39.77031472983816,13.270855516053015,96.0890628613053,27.264796421673875,58.98343964131414,25.655377923889276,40.995584209850186,87.09173155791795,58.44458361864713,62.597377107816165,60.18515119070389,15.65259440482879,84.85905868154109,65.5736195949598,13.352498305228345,43.51527411527525,56.636840514660314,16.93506756467117,85.78663247015002,77.59602895147157,10.055285787380996,86.4009376354153,93.82849589809832,14.287449539757379,60.29275750166043,88.67992414575,83.76195931913574,49.22978649007891,,4.803232646638289,18.21443914812638,21.98829047431178,69.98416133008804,74.96397139195966,82.86701834021568,86.75502378436985,31.752273633645146,52.116803667886515,34.70449478405884,16.021244613228248,77.07439854807467,72.44886724830933,29.177248429266456,19.71978442005694,67.209429116289,78.12182706676799,,94.89615042930194,17.664386496040063,32.07185610734575,36.29113709500231,39.421805816597086,48.5453763677513,38.35535975724046,94.45172579973966,84.34794921283813,55.785566417487246,22.568000946945666,18.972489153547045,44.69807730322739,36.45826973009321,45.86927918947662,9.52818289435048,68.74165672898957,4.4383393032133345,60.06601392085551,82.11710621857081,88.68620809175837,44.82145209968984,7.486444541546189,3.982309435367015,87.11512654079132,54.26312817749612,82.32945987165338,54.604220261766834,86.41869928405713,62.08523717188805,24.935240831471027,72.77286124604817,35.75471354827307,72.20723470473928,34.35136553532367,,68.01273303575282,64.72112854743311
2006-01-01,9.332670927815801,64.12957708758947,62.911165433494176,1.0497052227937398,29.886287894328746,71.56304242670166,5.722435031006956,20.5589733533891,96.18507589452038,54.12341157156884,13.463988176148211,83.3779232332481,73.4934709034864,41.27244915766277,10.373084846577118,61.678219616124764,17.30050841835411,35.82789279760294,67.95625447681437,79.25891050874556,26.417487004563423,49.24774568195821,37.18335811762987,6.876663505774328,71.32635264328849,,65.3255730694911,44.36403259109496,98.18258221731395,10.71812940324659,8.384171945155261,78.02383945149924,60.15391424274132,44.28754742370453,10.822136919977387,86.22042442812887,66.03733704437755,48.58167116492389,15.250048447404119,41.31097856388397,44.0137854228585,81.37231226559238,71.17555833645363,87.93630424757255,17.109155810359432,54.51466190736134,3.5487887556987396,76.22403448809659,91.26939027385092,60.13280647750277,25.634987360213824,59.448481830627166,93.94194649178596,,60.62806882922971,91.31701136726245,16.824992820717277,16.43150625762042,21.01248412303335,,83.24574418671948,82.84265521685747,49.62503384003082,93.76249653807771,33.10297216347179,35.13092224222258,53.77837647783317,33.744917522261,48.95814158703141,35.88717367295653,29.97520643180154,78.34628537393014,96.62116389569296,34.89592554601282,58.21487015295956,52.7549510664743,67.15810059970003,94.206862082336,78.39044694135093,,86.36635187630061,36.62470379620834,46.51649208132075,1.8900924639073446,63.83441525836888,68.77402496120995,44.80122431196333,39.96484923393494,50.09718416777127,78.0981148841211,34.69766512627401,71.09191815382458,62.64595068618135,25.12195946611505,37.786341333176175,80.79704997086723,67.24850955997302,83.5278315741981,78.2771556820521,95.59593937134692,86.52508184943578,67.45286659240986,80.4176435693672,63.11590960038074,48.21916852461177,51.3342813489291,,61.9129613187555,32.47054684364308,13.165858403188956,63.3532308399283,47.49004977374348,32.119256126150965,41.00019616546178,57.86530781328758,36.27663060295831,63.82772534138938,26.706732353332296,9.964163202620014,39.082763095010996,45.06646964959285,31.66427110676797,24.361793738920767,65.87731214362604,38.02780202757491,45.14127053778697,35.44425839181584,41.91303775638347,90.11465217485956,51.13190154371823,8.200321690448131,57.05778047889352,4.176833150297687,83.25113103064888,44.050813774724,31.062130205102466,41.28464115773618,13.138873697398857,95.14819562002927,27.006750475365305,57.997996216748724,25.408311340671375,42.517798122605925,86.38867449886125,57.908456533640276,66.04322546377868,62.1674916221556,15.484038364866537,84.84062847581329,63.97247042405563,15.092488807148674,42.71539874399648,57.40894453841403,16.7554215592692,85.3836415173569,75.92626399740013,11.907242758351533,84.34892215907826,93.00618097244369,14.13104966230404,61.6131105958825,88.82770208954179,84.19366746830572,47.428661256397895,,4.742741480295409,16.693074494313297,21.767922176600674,71.8236222141702,80.31986207025179,80.53218998243008,83.6485897715137,32.621860232344766,49.75508215634247,36.75123840883453,15.84946838983765,78.83374053744876,68.0187247821656,28.906735833117757,16.18170878036196,64.38022377010309,77.34464563590932,,93.08677146396003,17.203461453836322,31.372335498996318,28.035735005454477,44.79333684458583,52.57711294619148,36.08968817214371,91.67229035373921,86.69304894328003,55.69421669006087,22.34325511292228,16.95685856590109,46.03470925328869,42.095364387320465,46.42357742472544,6.016770599386501,62.12080374314966,4.382025480967744,60.41166643568874,79.15799340757135,88.3804769055108,44.472822411477466,8.623232658921221,3.562511336946117,85.53197192836166,54.3457288634138,83.85345616962613,54.15946383952135,86.8937753980469,62.0089580724585,24.69323206231252,71.96625864016606,36.97321608487313,70.30995799396668,34.162715255019194,,66.25942406770116,62.00215017262276
2007-01-01,12.160602927160301,62.7696628145344,62.3536807308438,0.9532058645511099,27.58875156991534,70.44675210727628,5.811706220382318,20.98974309689281,97.01488184751653,57.03830107664434,13.651272056509512,83.30338493817392,72.88685867359395,41.909148349949874,10.523413799770909,58.63383546176746,16.980947734467456,36.725539316780065,67.32253521094655,76.00569617035586,27.215408975524436,56.13419393427754,32.8336960694118,6.9817765301387835,69.96229771343442,,66.0516479816207,45.785736580752925,98.55206014093885,10.87271613598645,8.509261864524099,81.56820865446875,52.7915422731688,46.070280336816495,11.84165648355221,82.43960825878108,70.97882563558903,46.14660180904922,15.45752806159344,41.729851730411596,40.992544107583605,80.09937035442898,73.33644432144264,87.27704118953832,13.95468598830465,53.432133109529275,4.14781479560663,75.73466238840156,91.48488568215394,55.648489123245696,25.94480144541209,61.075538537183924,94.15027941176263,,60.32747409358568,88.45206546634563,15.111924462390093,17.281430874383695,21.279810151872557,,80.04599170892627,80.85886656478421,46.990800778407284,93.8397074838049,38.696331390858404,36.55424136144575,52.39540958509272,32.38294235841887,47.446392464285616,36.74134021633802,28.590070462030802,77.58527593143802,96.32815970398435,34.91085447326283,61.336328478661905,52.34797570228831,68.1013666250536,93.0625742763041,79.25237512870005,23.60796653595154,85.90163622914334,37.01665858640176,51.240101742742425,3.0692320862100275,61.116649303507046,73.797413749139,43.556581457200274,42.43968765829382,57.147619989879495,77.59157512868423,32.19838437624287,67.17537093224473,56.99702936971156,28.57639872911264,34.64357491238659,81.16385752886762,70.05144372658411,83.38801282038489,80.19953186441042,94.97852222697884,87.99768388822282,65.16538699202346,81.84242586075715,62.207211541082415,53.199894235563065,51.541577255004455,,61.231354778045734,31.202924146299683,11.956173189228226,64.08422869474116,47.12502332651247,33.78384400946045,39.014121551886014,57.087340151207975,39.782944482462334,66.6995380204669,30.198549066355195,9.104922779860225,42.66684845653008,45.49072120906439,29.918700933196195,25.692883513708065,71.05778539604212,38.97493138670506,44.77584095655961,39.27123393183213,39.60629574220154,90.67701443316741,58.2005518219968,9.55108358691602,64.20080750448862,4.244050643614406,84.32957171341249,50.034333818112444,29.920197947638982,46.08957884290889,14.868775698520665,93.63108580764023,30.15542774243023,56.99564612565018,27.654799966403555,40.99475697852688,84.07297419828838,57.16392901708009,67.59682561408712,69.00700535513495,2.574228219912933,86.30913781841681,61.067287833289406,15.478626807030382,39.719745515305725,62.740657694339895,17.211763189452554,89.31784865035253,73.88967052360293,12.099687573596373,85.83657553030102,92.04201183131599,14.325971922939917,59.05240048629017,90.97999913717848,84.8604555748574,52.646490493044595,,5.193031996730946,18.139472931493362,22.04251976173811,75.93953462941809,81.95146467984985,81.12541086371388,84.3263724192004,27.54070676288287,40.49187945702562,44.72379658984901,16.063545248693302,79.40447332372197,67.61157962838445,27.461335795146034,16.089779761581134,65.94901452053759,76.69330941047579,,94.26212025364012,17.173438729593204,31.69378739776416,28.365748259978986,43.605958454225615,56.83358817242099,36.47825755406963,90.58545703498497,86.06953797265695,55.83013666815457,19.539269429784976,18.28350277474148,44.68683191679236,42.98772367147827,48.21864084793592,7.006103819360188,61.91301830906512,4.903766642593843,59.51222495001331,78.66285080584203,87.33470506950421,44.12507065550309,8.75142117430585,3.620659936260362,84.42842022750298,57.16396975492444,81.96976437036382,55.59735589666908,88.87311717253593,67.4402055100573,25.234346312734235,74.45583774257116,39.061528388487886,72.62418660643885,36.12454994523826,,69.35178147185948,57.05331266908449
2008-01-01,12.202557187990394,65.68980506708017,64.3896697550338,0.9816785449996868,27.827462730811583,71.29146425656225,6.718040686976535,29.626832303947246,96.44006768270093,55.30111984112196,14.381105553162243,85.5727586734586,71.21420422082302,44.32540607703781,10.25321572729676,61.08801891470499,16.84604785035726,34.882147744424465,69.19426386679716,76.07974710727717,32.004001455179896,58.50005735419948,30.795925002715595,8.705865135850566,74.10913843724327,,74.18533283542604,45.27500876775169,98.29681545604878,11.020991954661497,9.521733791358056,81.67809739453487,58.786522058108126,44.92212353534736,10.970654469021103,84.41962336558683,69.53999972291783,48.431326218739635,16.954807835963248,42.431508690779054,42.56093729099032,84.64724667372245,70.74126072055648,84.84654798504239,15.237951811169314,53.63947064669645,4.259476281124941,79.17622183887353,90.72117006502761,53.414198278313265,28.184809451252633,63.28411832488394,92.21339345824758,,61.006271772521735,88.5062365372943,16.338632760049986,18.08473052072691,19.75156527857276,,81.86283094330068,80.66504721017142,56.24678570726527,95.3744268004502,40.2356003508364,37.2069479623963,50.706227047865426,32.31338940632242,48.19011824239489,39.83942556709496,30.945168668781363,76.53121043280325,93.97524657228571,32.298628767243166,65.46115970820271,58.28091236246795,67.65737289469867,94.03977960568622,78.54444827070066,24.094847209922033,86.19324166481923,41.46123879208425,53.30747682160266,3.4736918250583004,63.07121905035342,71.84492486090173,44.27307836763443,37.462317250171886,49.880705534864,78.32297901421872,33.97755418405938,70.83763406124606,60.723986246367524,30.732576026332325,36.069223006457754,81.9977000680225,70.53947735350711,83.40177656899695,80.70588493103232,94.25463368567776,87.08121989374281,67.87681878279518,83.46094933188384,62.97984190137571,51.881166426371884,55.928530317624634,,58.73779164350115,29.743387047453083,12.201958360354425,66.64080935977582,46.20981368436271,33.74008830467765,40.72306146534661,61.213133065328186,37.04220897790049,69.81234223045674,33.24753670865002,8.727856515689936,43.270664521604985,49.76060762371689,33.528678350813394,26.36644393314136,69.02972105532808,39.09009473927989,40.907887232520594,36.103474524009016,31.328828376897956,89.5781207395476,55.70588222051238,9.785048690789178,74.05930594599232,4.579066309514268,83.60969042394058,55.44516946736007,28.78744411157479,47.24105657262964,15.484219193707638,95.87053442867439,30.359378308275264,56.773645570644995,25.194293849025406,41.735878541465276,84.49203353948378,61.79035539720594,69.62600347818477,69.59056323412338,2.4206098231815187,83.81566580575993,61.61603298075073,14.42774462046813,40.389724433788274,62.360463134438305,17.59365391905755,90.00537051327584,71.14732744381304,13.107745264444992,84.49844398831526,91.38095165676363,22.28928192941807,58.04051919702402,88.65953812278549,88.06334393305255,57.13721856982592,,5.3298134431766675,19.198679490465565,22.505155094256747,76.13458723896282,81.2073580592632,75.69826733555841,86.44566943688336,31.068522124085817,42.13996318236981,46.4092431497056,16.42488311650656,78.09278678321601,72.02527037553392,27.533548324323842,16.994091071044515,66.38647565443321,80.04998859445644,,96.89113806484139,17.94914103321603,29.005535739623745,24.225686461793018,41.599679470593365,53.82650129521751,32.62588005659535,88.96627631752453,84.05300909304977,59.0317363276009,21.053916438983432,17.71796201641409,41.41980901549722,48.796269075958364,50.28552004882669,7.081476300109335,64.90399658908414,5.033677122097768,60.80496321087905,77.93928932051313,87.93080969738682,41.96743084895833,10.800118358884902,3.7328969708137927,87.89071329362044,56.89298456852585,83.70494133966841,55.928132987343204,91.18082553976056,68.65074729896993,25.138347059773924,73.89183226016489,40.13610043130462,74.72811685083957,37.40950999561286,,66.23862881138977,56.95989283695315
2009-01-01,11.53046676033247,64.57201879541901,71.01819022989713,0.9994863520984998,25.218190939529872,68.03641011791109,6.822817937963476,30.494170194377055,94.04315742896992,54.22871204964388,14.582337802858781,85.16441241980631,72.25852591290749,47.50731517525445,10.404675294118837,67.72810840254397,17.586061260334684,36.53007065761462,73.58369574087553,71.57076841861183,32.89107276651908,60.94120399544223,31.153773795209318,6.133092725606004,74.34008878340694,,77.76986414967645,45.05716318598814,98.47363563905867,10.71466902165118,8.085808952604435,82.08644385519592,60.34425621224939,43.308017837943204,11.425720797791694,87.19186174595983,71.50780598085609,52.40204947895295,17.121858211205378,42.86352024383815,42.99359958146665,88.40614395876648,71.29917355442605,84.55603869166677,16.73550674829356,55.18346044210518,4.5929035639576625,79.6599023424628,89.26158798370471,53.88686242884646,27.79738775476204,66.39214795562414,90.15180187575615,,60.51149057012451,88.91830180613982,16.589897679228237,19.06860701810482,20.01094147801432,,83.26473909836606,80.0210483195536,60.2540082831369,96.61658101934462,38.329849612309495,35.28291366726257,54.94339830050734,33.884009894840304,48.561721182923336,43.37452207897182,31.304161135273745,75.54974931427074,93.41707067011605,32.709476890937836,69.83663784444151,58.76148250378635,63.61414491271897,94.12857231422791,79.59671358956865,24.396235252445177,84.97261723399856,39.109255365662875,53.71387206608284,3.753391640144277,60.48821178573287,66.65689056391446,44.71397637071755,37.255648002050144,51.19867681930093,79.28038039284338,32.934588659641484,71.89537407642558,61.90009577008293,31.438166317750916,39.814142420878355,79.73493765040804,69.5683982228542,83.12877376880789,82.35741978845782,93.6084624203324,89.70174941585965,68.43023702559654,86.17597844726347,60.29790480930339,49.975650284857984,52.80181041982346,,60.6059885916197,31.432882683996667,12.377503567305482,69.96024590876769,42.860685008433094,34.73790473688743,41.14611620905374,61.697961494253484,37.03654002158021,69.92144625615137,31.59870467368836,8.142869720032841,43.832377758045304,51.47919421767207,35.156697981144035,27.41868493402453,70.88453176970846,39.12715261136231,41.68392792794995,36.49894703526433,30.53666706888647,89.86276147793949,57.38572677153717,9.401707261598292,70.33510638239855,4.653409843649436,78.4648216264271,57.57919391783295,29.043658023619166,48.661108877387406,17.52935780495637,96.84658100631167,30.713853388928225,58.49566938444708,29.568524334859813,42.16432532794112,84.76141656429988,63.62373699693078,70.457881195751,72.34867033607664,2.2814744480650684,85.59757654910929,65.32812400563479,18.157600075377633,38.944043415089155,66.08827660290848,17.83051656547473,87.63107596714804,71.13813556218884,13.152063663450875,81.42685770134129,92.7287118828638,22.573731783010054,60.026022849730595,84.19968789916598,87.88090076953767,50.84229827349029,,5.415052996824388,16.658422956543404,22.791669203441202,77.20707074231719,76.45584344296267,75.24874292319777,89.73693489647215,29.07348956091649,42.5704945033081,45.70638192839996,16.64908153643433,80.37111504426241,78.74166911803206,27.865160795059186,18.17005846312516,67.17127767788394,81.88237036949243,,97.6671205273723,19.131756441130253,30.64437979362884,24.528273155049185,40.09193165410897,50.71451786569705,33.89658326197743,89.43476777545614,85.57665763793241,60.349455650728046,21.326347119728805,17.758951989907523,41.57210395279777,49.36536436974338,53.273383951567666,7.191247538891421,62.744016868712094,4.872362640610916,60.18077122776031,78.60998272846432,86.84886789244192,44.01594129264903,10.958448183790448,3.7946484234459565,84.99209926753385,64.8537368061751,86.85353636959725,56.71190866822442,89.59843109396894,68.68597255129527,25.449187404309882,78.32611235869008,41.64032558763034,72.61061369706745,36.92333048512659,,65.37453631781499,55.804840151772225
2010-01-01,11.65826373025779,64.06999598427181,64.82401181697193,0.9873036346008779,24.813466126896255,64.28985009220476,6.903738492477274,32.31032153298109,94.97990583163909,59.23994690732526,13.86439828463617,81.51891969955157,73.46318454017941,48.410192734454185,10.301131165480227,63.33428795833751,17.48388564660187,34.43617837721293,76.78236786303194,73.23487432275813,33.08908942909119,60.41203689809904,30.90932357763544,6.067928634666342,72.90042589589856,9.525310858665026,77.20884672363148,52.458912191552876,98.52127624985971,7.343409181798521,8.002597142343571,79.1347535592716,64.0674082129006,45.441341050332476,11.747915444604761,82.33326487011011,70.22121839384734,55.2796331082873,16.949275302033172,52.3770110863214,41.298397051283466,88.64551522567831,72.44325818279003,84.57950980694064,16.849737427304746,51.844994683617315,4.54266201638347,78.3639517103483,90.47628435971542,53.84999415477323,27.494318830561816,67.273738344001,89.03100829767797,,58.503512057993554,85.61397537298105,16.437105336080492,23.484238976131433,22.889417369581842,,83.24593259944906,82.65720853777393,59.56391342690554,95.16886447647006,37.535016951338584,35.0182721352752,56.69580485335448,32.22587125239838,48.51664304881192,40.975283556277745,31.058930940291418,74.67956786736035,90.82641127545985,31.61974806328076,72.08459648547817,58.30383323754202,65.60756750177184,96.75357227263973,80.86409071411869,24.190305558804337,82.56590136054798,39.817606160376805,51.82597833849889,3.6783754516284906,61.32947464430263,69.7866072966344,46.22915266594026,37.20360693055908,48.99270153968115,77.61034991736987,31.023958564784714,74.09338785901612,62.344875956585554,29.27678807539136,40.39422724069124,80.2260536850482,69.03883673656533,81.21853349081385,79.41002461714255,92.33879990461735,88.53990399919466,69.6281831155936,84.88474841528792,59.82794078945135,47.17026704388797,50.32062996343654,,68.48555877877033,29.878714798543825,13.000093725442541,67.30566646878646,40.577036914541765,34.47578226970267,41.89856358438906,62.18060903802927,37.84659962616601,70.08942766987751,32.007996539256325,6.942597659457528,41.97163776225494,56.30234301698922,37.32137451704409,26.762944187730085,68.85426373404202,39.935244355575506,41.78742431458733,35.91468503010135,28.391259273576562,89.62543167001311,59.37981164920076,9.306820012022321,76.1688400726072,4.929850988826767,76.75936681271851,52.723818438709216,26.551049271126992,47.15756254949069,17.36966090525819,97.14323092003185,29.074249328054147,62.943622686856806,28.306437599413826,45.91420816656389,81.74381442776162,62.27786146954628,69.59820763840253,71.92608417596213,2.2611247305160065,87.03067054196141,62.760355847659795,17.993365943328186,36.897121112295686,67.79455120448195,17.668636716397568,88.5684180855926,72.52892508787579,19.1181309954342,81.1899331657108,93.98642864848331,22.84763725336547,59.62247295132934,82.19428385509792,86.91714548386187,47.860214077511245,,5.356764109563694,14.42155568641914,22.595891328880914,77.4340461300958,75.55029255112011,79.57967712646018,85.79379355637548,28.840173393796164,45.774465220101526,42.7108907959193,16.49584995130925,79.15342191070965,80.13860707033382,27.638607062224363,16.49155576912428,69.80354159735467,82.45720783805014,,97.49463559345276,18.28501421223594,31.642319350209057,22.727999405892874,40.19305990111954,51.82912367013681,34.58448905281606,89.21626570405151,84.20229578884965,63.04852885220673,21.997211560000153,18.60960906818192,39.720400042508565,49.431507309667865,49.10133713531242,5.790375409322756,56.166673194401206,4.819363736503046,57.744389909292515,75.38804308968075,86.12520634703601,46.046253314811544,10.850209991679948,3.752416408792947,83.71560762518097,66.77745689711061,87.28310251006125,59.792326200725945,92.37397952569115,66.11051364770861,25.236807071823385,76.73957962281183,38.88288990288138,69.45252163165839,40.720398247754886,,65.92566037232652,52.62638386574967
2011-01-01,16.93723338244878,60.42079324643996,63.32885753967816,1.6745424950029175,24.494763564318422,65.18605987760937,6.388493972233977,38.15337017408895,93.11190001379607,67.43418166615052,16.25518560100444,85.21860987104628,71.95487821327681,47.424717019203335,16.173460381033134,60.603525878261436,17.65793723410818,29.37198445476068,72.89762529504576,76.58763449279697,31.243283728916094,56.37754320243153,33.548944863416075,4.823909436525408,71.39013624097947,14.021471966305654,78.84878991830944,52.76588362829724,97.9234600229726,5.784851332543717,7.839322327794063,73.90228511035907,66.18583428088112,45.263619041559345,11.239413297301915,81.91014673142463,69.27119368444225,53.04878239002031,15.958791184772725,47.113587683250266,38.80112453187188,87.86946966021661,70.60822524138541,85.0681502880659,18.439180251981035,48.94145088238341,3.6788743865596163,77.27588840965386,89.568384693511,44.50688298636548,23.759647214067403,60.321618636777075,88.93818902409961,,60.03653812295613,88.97384824585875,15.8798950212949,20.815411089665826,28.11342621391757,,85.1598724022814,81.2629050846032,61.52146131202494,95.08177748424865,40.38444445675209,32.541387009181854,58.5814655193289,29.06213442078489,47.166082954494435,40.76186573918652,27.99699499946511,71.83533340990869,90.93352129930963,31.13002019121479,70.76762974814402,55.785684490530365,65.42139334342134,96.29415198311257,82.36471562761682,29.432947908194485,83.32509695608577,32.690001577572616,51.902539844356376,3.567298431719468,64.87021977585594,69.02396247796283,43.716970789625684,40.41290522858798,47.125347868039036,76.21237215863577,30.602800648575347,75.56489056163424,62.234554806183475,31.04231318638866,38.11951814528136,83.47548543210934,69.08479889311421,85.90419281433896,77.79919975865839,93.06618705561354,89.21855960638194,70.59456704637074,87.6893732959293,66.0933222032797,49.10263638032573,52.421251151900904,,63.8048223971563,26.733731106344706,14.245953173524551,66.71434639288978,41.60162711905839,34.88350429494693,41.761156021635315,60.91732166594661,39.93330111244606,64.53869152954125,32.73996267715306,6.657812501976257,39.52265364938985,55.823088247026135,34.401582675286654,26.1517245141735,67.5789646751805,40.20183206383241,41.43696098292252,35.38382253163272,27.91242695591403,91.16045186260249,57.041810905516414,10.329177692508907,72.23630667683445,6.272846026879386,77.92645520593192,49.437626260811044,23.50830343069311,45.42434940224018,15.804082221704373,96.67407309133881,30.180383694119485,61.38782193933163,30.64765464280068,47.01924373935095,81.58981557924048,61.51073127210569,63.90360891972535,61.912198351324335,2.2092797242168727,84.00303375171836,60.65746992684733,16.013075616291395,34.21486407579363,70.8324373888509,17.712866186160003,86.17790832459644,79.45641656310163,23.00642017230976,80.95648263937673,94.18629744712005,27.892049356482616,61.26507945874518,81.26783704236942,86.9149012705343,49.475771682981986,,4.671250981399922,13.597973020545062,20.124171770660737,71.91546224467133,78.12858908581522,79.78177061494371,83.4918909617612,25.239284359171844,48.49982258195037,38.37337410167153,16.19446360775737,72.8047938528877,78.07121847843891,24.49504649525871,15.668054407261955,69.55262168019833,82.50141910496902,,97.86894466890081,15.251636797435097,30.76011905689916,17.842859268731782,32.74877384313477,55.51542804307168,29.21031876562987,91.11640364553779,84.47925641019918,58.70286476941955,21.955789323653363,17.145021274615956,39.29498142442049,44.1501850633063,50.00125657111698,5.598480134418827,54.79978496880646,4.35774842045884,56.88947660712742,76.18859634298197,81.96203074875037,43.97580059763031,5.962975212863853,4.246478943495546,80.05968612917349,65.15453156704736,84.95774925234765,55.73621686268946,94.34816284998249,68.26707977448056,22.597124065179507,78.93869351672588,40.55561146983394,72.69177392629801,40.228097972942436,,67.60557570592323,53.41915400775059
2012-01-01,16.755505685165794,61.56950113779618,69.4671541553737,1.6513857271341137,23.403015027730923,63.35194967546538,6.027349915046254,38.07205434454526,95.58984552037755,66.83377416458633,18.132358852784712,83.29255980608596,73.15495111295104,49.77214946523875,15.998374518316073,61.69424810146729,17.358450845516526,27.69230521410948,71.13718000288165,82.22387493685548,30.95675194236399,56.139357863865705,32.031924200442,4.828682967630604,73.82513524640096,7.782424325279269,84.86411915393874,44.50639528000331,98.35370816116735,4.479243011941891,8.737826288153583,75.40144002985456,61.43258451675051,47.79960864515126,9.628232856539153,73.81147492513537,64.715285881769,58.59349346304856,15.785592437418694,53.296295680104144,39.09147813922669,86.8963024894827,70.23166154459179,91.13935018621848,18.244716018674147,51.918478198707696,3.630866096889218,79.07152615782283,89.20398100366039,47.084121689541604,21.850987131863842,57.90928425273558,86.65887037810637,,62.93426610371462,87.20345011757087,15.707392092721895,20.81201139462523,32.713329953821635,,86.12408051229194,81.16565887881106,60.191134044204176,94.42841767484164,42.08983753273973,31.659631721089543,55.63540931934041,28.862692459325288,49.15312275188708,41.65052753105576,28.37287278808538,72.55383071111801,91.9883097077451,34.04982935636095,65.46219725501481,51.865831307866415,65.85911009381826,95.66811127343738,81.98470117730477,29.15768748363725,84.79175307457676,31.807273814198012,48.3481557198882,5.954073460537512,64.97658557020642,68.76112640820149,44.75178185490892,38.615627348291184,47.24212447580815,78.90439416352226,27.027253915804938,76.97329873618452,64.45669856499903,29.591013533646105,33.32981058724096,79.02401827343635,69.94277783903406,79.78884957638141,76.13925064079382,91.95498038139476,90.08995031933776,67.23938049658042,88.17570027479825,61.030589201579666,48.414088389805066,52.37813901491677,,58.35374992984115,26.310129307974663,15.535528187973036,66.96744043659608,42.717607403406866,29.278826538801106,43.27151086908812,65.13491135748637,34.61980261281791,60.48903205065426,31.77620514982964,5.759832544812071,35.67041841705914,52.80758136083043,33.611013532808855,26.19527438810909,72.88801686234076,42.27638411580932,43.36088718826772,32.82291516736529,27.647073265978616,91.26476803514069,53.69298683963804,10.208827672625208,75.39718932737733,8.371738850859266,72.8147599741516,47.30481202875539,20.884585196254356,45.75032011423994,15.512138941342268,95.89196758292756,36.466197972535255,58.894203066209606,30.83087036507246,52.211290369658144,80.32285727798438,63.53014142984503,65.80701473101476,59.49184729592618,1.7094795808852314,83.97393391352873,59.90338919719158,15.466198347999317,38.11056085035509,71.09953026460998,19.69611279408039,82.41664878400026,77.7113992450002,26.414291852534898,80.14958698086083,92.6419768033924,27.922181249468125,58.646077972925866,82.13331569808064,90.2516284658615,47.16286444348891,,3.7193621344350336,13.840875572313738,26.3000084352387,69.04886177424194,74.40672667788758,72.75264488492716,82.49032185322487,23.676832764935707,49.153305452370724,36.46187128608371,16.019193591255764,72.12353287086779,74.43878940446427,20.524239377801035,14.011607670125004,69.0874205523368,82.67811536777596,23.597813750919695,98.9402740867837,14.570049496354788,28.949134717172097,19.196430549965136,34.501324942007436,50.1982476537091,29.258600677275346,90.650966078507,87.05588380786394,56.652271167456924,24.20426500516133,14.264647810154107,38.44197385968986,49.08805037370719,48.40466473001753,8.24569415341757,54.806133383988296,4.301728489098943,55.73314198416952,74.70279282088983,80.47730811254966,43.60594941784587,5.888657020074628,4.191760187468674,79.8271858697173,67.05979117658818,82.49493559704239,59.09087561859576,89.27883005143127,70.7734484735407,20.514058287938408,79.00224185503718,38.06578332046762,66.60603254214695,41.30010002789252,,73.62869137157372,53.15691440701815
2013-01-01,19.16590118003554,64.2332307086424,70.90627929920944,1.6447475773103903,23.113057971684945,62.06462949707448,6.00557241635713,37.97825803042028,96.0811080456226,69.6404113644507,16.45586736532301,81.04760778141556,78.0775941973629,52.765041891599274,15.948047283848133,58.18272498056858,16.96211250330908,27.615838478043663,71.75023946933364,84.54860935904645,33.104725998891006,55.91919357501362,31.947546922883042,4.684218486573899,70.24859158514158,9.484993130434937,86.67124178814646,45.90010488796532,98.9650978727563,4.462570330969018,8.70760925432318,78.11679091547086,68.0599371158505,47.113501083661156,8.344766024150374,77.74790681804294,60.87858229429253,62.20059058392593,15.735808994133215,48.48889304076541,38.99627712671837,91.08418324296284,67.84214729836306,92.62968571971213,18.188802933952907,52.77671069912368,3.6170948471582087,79.69636611978208,87.23231718527614,46.25973563634158,21.186257237903284,56.08412495652455,86.4221869724301,,63.223196288823935,85.49287764709531,15.657809149023816,20.32455936845138,32.56709529891702,,87.34379512063313,78.45386669145414,58.785497080600834,94.9918390168084,40.497504791726314,28.685833496004342,54.58028157133115,25.98155715308852,47.76814177085223,39.071418937736894,28.295102515484682,74.8433060758602,92.83936717225593,33.962098282858896,64.64040999591359,49.352518673551685,65.63712741897965,95.93204493507044,84.50409686303641,33.306639564071695,84.55807909803593,31.723282675908738,48.24274025337692,6.02044677592427,60.38966532392476,70.1177120241364,44.64978004135871,38.5210752989918,47.91571619630205,76.21262960960205,27.206147967546855,72.61223658440869,67.71348984283514,27.358198218989628,35.41506681006608,82.93808979424873,65.90097988696233,79.74045416504052,76.51370686905585,90.88131030330354,88.14744709574488,64.65561320464086,85.27593534719584,61.948304792664,50.502275343278335,53.89920561385328,,62.76734161978717,24.684554798484104,15.45672826900999,60.5718140437937,44.4955615887098,34.93819800049474,43.90207136905693,67.19526074749824,36.5937894345887,60.989491087848236,34.24453191180443,6.151463504607257,35.58014384372591,51.840666353555285,33.849592415820574,28.058503720104678,68.89293584758474,39.34520860194599,45.89551018846249,37.21703999186592,29.683254748908226,86.70234979226517,55.90536925905782,9.81580790366352,69.1776527757082,8.342628269978125,70.84734757119696,47.00525919631643,20.99257443655854,45.483509420226895,15.133442940096442,96.68665854144899,36.77120945816197,55.917080703245745,31.99357128249536,47.72972779024223,81.38409676144421,63.272770883576904,63.431768507580784,57.035582315301795,1.6858832048024408,76.7522309848678,62.749480744054864,16.438135750441596,39.652259648939435,74.85901414507356,19.63673783453409,81.32364633690867,78.30278271145777,27.576375496283646,76.15274009170163,92.04208926424242,27.845271594034227,61.05225968469461,80.90889569136297,89.6071059758761,45.87559312398495,,3.7052844264972684,11.988903838289088,26.226281601243507,65.82277542758573,75.33698869944232,73.3347369654414,85.85705031379743,22.72412533145346,50.25688963973083,32.97676366992199,15.96881328942219,72.71484160405865,77.76741932229515,19.91362026005612,14.336208528089834,70.87660049793038,78.33819421019618,23.455335945587542,98.17982324513203,12.709321065289558,28.870279014126744,20.933715653825402,31.63424549921261,49.31660884402478,29.627953995863976,87.02932403904146,86.09399992807757,56.256741160629154,23.462888218034507,14.88920129444482,37.49899486971818,50.34877313016888,45.71570597487089,8.216966827591998,55.20391428963924,4.285656360739787,58.016512193810186,70.92093423569384,80.75374744402774,43.94696276744481,5.867327706586889,4.176061785214147,84.66250779438538,63.858625266525884,89.61305114891765,69.02978194506917,91.8214247904281,69.94795810327496,20.452782172200212,77.19169803354805,35.366160765300336,66.77577635664672,34.98930392258406,,69.29361343279093,52.79078093752692
2014-01-01,21.329482250181087,71.51767447979007,76.26877760169421,1.6514778414969733,21.508134180165385,61.6951515926256,6.074288989942245,37.5022621145273,96.09636852045153,68.62120790878885,15.750010307848761,78.65614425115295,79.39507410743958,49.5791157525227,15.999072453848074,58.24092819330835,17.094479677813577,27.96290051549092,69.56446771612661,87.31531891265583,33.192251686634556,53.03206885869483,32.033093843184005,4.701880594304275,70.70685214033561,10.716572563028958,82.90014957778938,47.03866283831671,97.72508193931478,3.8505533433530803,8.06844741043503,75.06412606413127,67.18818673068822,47.95210276031362,9.626239207661092,78.24363236584007,61.571363883799,62.860637012418465,15.78628283593384,45.42329039832431,40.4235922946014,92.80412958426867,65.88876477430854,95.3465683351789,20.911674493616538,56.231064888060935,3.631057165080065,82.84948708038077,89.83764009343376,44.58822632808953,25.018931304602845,60.861624718145514,87.08953562185144,,65.10551178421748,85.08553016138471,15.708079712262768,18.68539267299446,31.206105202269853,,87.31896153795525,75.95411271517479,59.730025066084046,93.81102973989562,42.57526832174538,28.765431353797076,54.00693384700834,27.37598588545611,47.94509360440752,41.46716071900754,28.37395094542101,73.361169017403,95.55749445360189,36.662478016817786,65.63643818646186,49.46031355389302,61.466646806629875,95.83251210824912,83.13541070728405,24.425635127207144,78.42234413119326,30.66293428553688,45.76595751149114,7.187412096940726,60.95168518455023,73.55294498369163,44.720531534861266,35.59276646618943,48.493725564921874,72.58531299141413,25.508873983847693,72.07632449738577,75.73942152428434,27.03806494358605,35.126845264846786,81.05867957103402,65.0403833413186,82.06522222299907,79.7441091539984,90.06937193081102,82.80188194780206,63.73865632788798,82.8791240779874,59.27246096292107,52.82710006145352,50.03475749449282,17.683908947389583,58.296785398533004,23.600203558481812,14.277277788396624,56.67291309970002,46.558349435024645,36.12636628872223,41.86926740061618,62.891438300450034,38.31400831009232,58.83894094491158,35.596936739651284,6.211604561126327,38.47256997500333,50.03465230124628,34.633677000674126,26.71901689511451,68.86286663747651,40.453956333432416,44.080802749398416,36.58355125597117,27.71033575966786,89.42257132384697,57.01083419061976,8.712523166748776,69.78614752827555,7.7997528299665,72.87149451189765,50.97882717684745,22.239618574541144,44.43454298454525,14.811963245387116,96.8067541255153,36.864546340272256,55.480381593973775,31.27214735950442,46.107212114862364,79.4572775391462,59.22736839383687,60.68530457740828,62.73783671041171,1.8117364356012966,75.604273960345,63.45636395312435,17.27586894043117,41.79705789627677,74.6083259990896,18.44562771423046,80.76649486200829,78.95912012098462,30.840216444337276,82.90801596266957,90.65801993982504,26.325882802533386,65.96846981538486,83.50717990119928,87.90388568074002,50.395002659297774,,3.719557453521294,12.864730000273195,25.855409426797326,62.52821801507451,78.14292244359275,77.56060455227954,82.23695584858275,22.935790661505862,48.71903102803673,30.09012868078138,16.019892262303415,80.08105082948428,77.78317561724563,19.97447660080718,14.382980277988322,73.93590150614094,75.38928069248185,20.31040035994217,96.78299398909567,12.492961368490151,32.1632369873462,23.60534671844039,31.49283902522916,47.18823061281786,28.862792922203063,85.58937742485759,86.34403697628595,56.83355974441471,23.531814594818968,14.405926522908974,37.660474343019224,50.16358405389476,44.95327181750386,9.1061027212756,55.077933869986495,4.301951472085852,57.898904270479875,74.17229708098903,77.32578901805365,40.07954080354481,6.162462136500091,4.30995686766823,84.75658536560513,62.79021395416784,89.16190275082047,69.47685123383285,91.80205356376777,69.64260686410933,20.514907955359142,76.92748399131362,36.23042633139046,68.76273444150694,36.82018631253566,,70.17653638769463,53.640944190640425
2015-01-01,24.620679033118197,72.73484655283507,79.84041167181532,2.440307792805463,22.163233215581933,61.339263519761666,5.743613274190428,34.26357290279163,96.44276566769663,64.74117207848322,18.75796030432504,80.14954754870425,84.34702695136178,51.4830695023051,13.21201088832783,53.3006789985528,13.62640239809746,23.397281796287672,70.862050539774,89.41488155326446,35.50534170035047,53.42205643956963,37.915041248352765,5.622507520215647,69.04300444645963,10.425712983034497,81.74580568448368,48.45019673620996,97.07941473652933,5.10976141390469,7.702592727441271,72.55397489221127,62.32488651831749,47.615815841755825,11.620873959625822,76.36156124910387,63.301807156588865,67.57975355367338,15.386987494908455,43.43696774565359,42.30284275575892,92.97738324981022,65.05605040432914,94.2924451071523,23.7126311000188,58.908115883319766,3.929178732480876,81.65268804049754,89.81136994231643,38.42111827331438,25.63805211012451,60.718511724527225,84.43497343370508,,66.70789695780557,83.978838232791,13.79058212829387,16.68434119599025,28.72219257687245,,90.22539919733931,76.8862680542045,57.807461598260154,95.24800759318049,45.09002833467394,26.299397927414738,56.35872771278001,36.9703007849278,44.73444128047779,43.572566191945015,27.863433742189358,71.54681375004775,95.35260084080657,38.25270953086202,65.19576671688408,49.52122262413171,63.21397079272386,94.50655329309264,81.05676200330592,22.20930841072686,75.11382663383964,28.86081014883679,45.09323359664583,10.730678038028241,57.15486803892651,70.42241867877239,41.98049242622288,35.44031956793954,53.990706355572904,70.2942717194875,30.79788499139171,74.6270988964611,77.07225629923708,24.727484579059766,35.23591870009602,78.98911284393743,62.63164012536966,83.64802571116961,73.81896803506187,88.76710921886489,83.13251883334793,66.59650755284714,80.24996282980031,62.83708127758902,55.59223032772209,52.35482170574735,22.940703604419,56.197582882580676,30.244448846829442,13.473380082853591,59.65097219752029,47.22231964481317,34.25454950209765,46.197319856824684,64.7128210335639,33.35576012642719,53.9606170130591,37.90279276518608,6.086782997612971,44.31536488092718,47.7144576188187,24.84541151976548,22.29793293066338,68.32574647072012,41.560571911191516,44.90836402883605,45.167270765118516,30.742041360153184,89.80326375986961,54.5776755061518,10.932157631090567,69.44605495609738,9.465831612540953,72.01658042793011,49.47146831144175,23.0532862190576,47.356478346284206,14.022209188601199,93.55236361173002,37.01303718250237,55.91090275505899,38.14812490563983,45.422608321727076,77.77544273096717,60.07191754932839,59.86347245924642,68.18311201046592,1.8234474265183875,74.4082393324915,58.2218695859589,18.09792445634092,48.07718401679316,74.97816672114362,18.53670839519611,80.7083054909119,82.41215507873186,31.82206140451952,85.771172643766,91.03917843617363,25.897378202575695,63.61128884115437,82.85505395242,89.33278887638475,49.5359643092111,,4.188005961715968,13.389000499409065,23.822696210724214,65.35134261070552,79.47369349402955,78.14978836458685,82.6353536558679,25.541009893800705,49.449143620470835,31.352705861877283,16.10127022928607,79.31435312799053,75.44254957522585,20.071403955440815,13.238374392167263,71.08780045040027,80.9446863752626,26.241780251665293,96.89000883830376,10.529489772775502,33.19043963937192,23.695776785945476,29.225361367714207,44.82256214644932,26.897824294822613,85.01185882245454,86.41950464026131,59.818964450431,23.641568364626075,15.495894210445183,36.683014750896014,46.55203861328145,46.2117419892208,7.934337430055161,51.76357050030192,2.367886120907048,62.07590318145695,70.6364573843445,83.02120847082637,36.5999165362846,6.657146671875591,5.181013374981602,83.68262164370678,65.23380103426521,89.47591641392452,68.56815489364894,93.71318007936738,71.3494122703191,20.99479881660786,74.91264522738649,34.56701748652322,72.11732971771423,34.38342748975906,,69.07141102549026,52.73010934035387
2016-01-01,24.43038343075088,69.75521029091219,79.43232206348799,2.3554695302767437,21.897398286100866,49.12318973612617,5.185526228967319,30.928828170368618,96.86801939417776,64.03639661394244,18.124965530852112,81.30438645021646,79.09839226156744,49.19291925461491,12.828694967558295,53.843658167621776,10.231534151217014,22.631535579005035,68.81534189489678,91.83110182562662,34.774206226573746,51.78578845634376,35.14752974475386,6.407078320670189,64.32026626575451,10.112182287952487,82.23585342318435,46.54681849624278,98.02779744084633,4.599068575847198,8.0038171139466,66.1763741118228,63.58630524227933,44.357908223737105,12.972451497061478,75.47892782602061,61.074577085660934,59.5884386747533,14.952101016439912,46.34090928986677,41.412467128579245,94.4389318044704,63.03695686639459,92.49945253663276,26.33544141476539,56.61761252780111,3.797612610437062,84.80861127144937,91.19507864786117,35.88756728657998,29.463178465329285,56.825737400885544,80.96347500460338,,71.89861803483797,83.59365779382163,13.16535232138808,18.236466926483175,29.129044335320287,,89.21937228616632,78.91461025866158,53.265608155078034,93.51633836238014,46.258916663997255,25.640291787476,48.81705551974035,39.476518097422385,43.06744912263461,42.914212569068155,25.820628352310536,66.64730112816117,95.2870709337595,41.42928533063941,63.23331933133156,43.11741035961778,61.872874764364916,95.29365408884965,77.10489434607064,21.46926435454525,75.69721381570767,26.9292195427007,39.04931924247843,11.851014824992557,56.925398943762005,65.21889088457986,46.40666506131098,34.59826234997196,51.796813178480285,70.29678239745876,29.093234630835283,74.78788768255346,80.0442933088199,25.890997993220065,35.57222476374715,81.20078702711623,60.88908364358496,83.77468336417273,72.97303593238416,91.09713223370439,80.64749891713932,59.28704410833377,81.50121035672669,62.10083283558036,53.124460827857845,51.50263660704522,32.242280631765595,55.205604555471034,30.731351769042913,11.907215046925579,56.06901837122575,45.142938334255724,34.35431979233905,43.81378425798235,60.366109478068154,30.125136845825264,55.065811029313004,39.94968364846918,7.3574942119648545,40.10050364364521,46.73702825600061,23.947719420269266,20.62399719062784,67.89688636247493,38.81635495757253,44.31688939103733,46.69889159370223,29.004340723601718,88.12789993611439,50.16574698358382,10.015693658061286,73.83418421183123,9.177376522509217,73.68440673205998,47.970095916798115,22.384577580586406,48.6148056997893,14.408605534947295,92.51458026101402,35.69374892530428,54.34725937265825,37.61848780074364,45.434723508528144,77.8744229363969,55.66947493807775,57.3264429614293,73.12373421733034,1.5806621299002233,69.10987978591388,52.724818448662056,17.602097345945957,47.24914181377361,73.8979930828705,20.50020896684832,78.63273697056933,86.98324073237055,31.964618970278412,87.07557483479613,92.26590942678078,23.75522163447259,62.347871391079266,81.60049805066879,84.95419273134468,50.14424792014231,,3.7669792918306633,12.851017612473347,26.034714075024713,66.62028101062324,75.98193127131564,79.30285140353286,82.11086601423166,24.5677118320469,51.09448194293522,28.435069184263494,11.655424797765225,81.37749890384876,75.23518152568228,19.37375659716718,12.854418552213886,72.05172209037957,77.78876266452627,22.522217295758573,97.05242580012698,9.001022857231844,33.21836593139438,23.085170520736554,24.394698296725124,45.26136903544541,29.146945558192016,84.52983802949232,85.59086160865552,59.96246758470474,24.32098287912249,14.58276364650979,34.98597791068938,44.948283200738125,46.864604788691736,7.052807576524566,52.76468332347726,2.2853885349868097,57.70890631182268,70.6988985256823,81.10581918745898,35.29808055093315,6.44543708707237,5.050566860508299,81.25922220907994,62.8330100593302,85.52927979073712,66.077648859443,93.28097668982059,69.9947328579483,19.75357554593198,76.1929369429837,35.604490256930376,78.0279837130883,34.16635681064717,,63.689326015225674,58.49258833598208
2017-01-01,26.288832460068278,70.78901491129346,76.18945084492371,2.355830259334124,23.101373332496443,48.006749361897725,5.18626878984505,30.93204308377542,96.08582599084664,60.13241510932268,18.12713494405007,78.88647370502397,78.8878393377661,49.527167576053934,12.830331518654603,53.306337430524685,10.232885225639643,23.775371211661025,61.667243936084226,92.42126186297888,33.88687205836033,54.0427818779923,34.10197226617846,6.240192901371566,70.3775836988701,10.113519827710748,79.49512212421756,44.40300542915263,98.56049119957933,4.599734913636288,7.781633504379936,69.2244963179476,69.55604851387412,46.987294474108744,13.074916095349998,75.00600738755864,62.2630242110388,57.21247798452973,14.953958816010704,46.24672777258751,41.41629463565106,91.6154659472477,64.80658941960324,92.88045534076619,28.72834671366329,53.896490597006654,3.7981725125782573,80.88156193528499,89.58364946263447,35.8910994385304,33.011658270494834,54.942817801996924,80.54015214902407,,72.82162250874455,90.02683673835168,12.444670426977444,19.773623328441005,30.77616047244991,,85.96215799088465,77.67406479114678,54.71452262251808,93.32147168646802,45.32180815627359,25.643114765088104,55.23260008703175,39.73369133401005,41.59314520130707,42.01003619272301,26.27331713794099,68.17427256524878,94.59049748052463,43.5233966958245,58.27865818292351,44.015214861781494,63.50655892183856,96.1406937747549,78.18352463156268,19.84122299771409,75.27248351838348,25.438163267641343,37.17230877557004,11.85254589577055,56.92970382653324,63.039455974773894,46.808398758747586,34.557759522982465,54.569271777318185,67.105905750689,29.62286830998284,69.52587055344918,81.79868286864448,26.56572586779127,33.37984453397615,82.11791725696764,65.09426967735052,80.0678890140089,68.60301434652199,90.39297467900178,76.07337228246047,61.0551368654817,78.98370798361174,59.5363332086692,49.13071408972209,53.05335428366551,40.76055129254941,53.549190188695995,29.15168555493317,11.604411385329993,53.20658248111179,51.104208237008294,36.629213978746236,42.19521438835123,62.514544423601095,27.19359668485424,50.78049001408183,41.41901818590732,7.794666452750021,44.47436912641929,45.118844219089446,22.508865599820638,18.002823810819134,64.0757444602693,37.55959003887388,44.182159107718874,45.279352223583516,27.30622568490747,85.95636339226465,49.131168938038094,10.091084670735274,76.18960129423212,9.17860672439792,81.3458370095872,45.65822392844184,23.90709355976127,48.91185864658693,14.244193874150968,92.07962914963565,29.170719573276592,56.10525692954707,37.276305534736935,44.697956978420336,78.272343157856,50.91713875981334,66.08500728803529,74.97038708747834,1.5809108077803002,70.26792583359429,55.528693167673126,17.60421692062366,52.81209852196365,74.30657233683688,18.98832692497756,80.69460579513482,87.68170905616404,30.296217263250046,87.70111461798284,93.89785798091513,24.111285441619568,58.411161651299935,80.40288669363284,84.14765063867324,49.62837037847704,,3.7675350703231913,11.600280019803112,26.211475152250152,67.41614057601394,79.21792318049945,83.13360310450024,83.87885090790455,22.682959428602032,51.0986719158433,26.024236434142733,11.656934483909264,81.64349043131125,76.49021380699416,21.88062684126245,12.856057847202928,69.01191319668558,76.83162075655179,22.69468629872675,98.13776590111158,9.00223253983622,32.079840147146676,23.175444650781852,24.14340429038535,42.88634446151269,30.648222295795293,89.77005561492936,86.08775831875538,65.41872715529755,24.54811322576027,17.80089633989792,33.17770045363881,46.02551644354962,47.30328031627887,7.311679381014391,53.795970086370474,2.783584322073418,55.25573014572536,73.01878976324032,78.03443869436394,33.938479777670814,6.44633911685869,5.051291998301243,82.16857962680335,63.91320809708358,83.27032813987053,64.46982512240969,91.03157995859277,67.57885497294443,20.334566593478776,79.35231508178995,35.206774990935784,79.54299087003241,32.7595548820568,,64.89394895917096,62.57233492241554
2018-01-01,25.05742034529166,61.99395151675433,74.44893870120943,2.2954034190633577,23.862607683806957,50.24774712434408,5.234740233035162,30.64049952647572,94.4268192313573,57.05698166870341,18.76038226576371,80.45914607190863,80.44645397564491,48.97312878916955,9.02167757590686,55.204211077389395,9.828947279565725,22.208523089103217,61.96740029993115,94.63393015335978,32.061262820524895,53.10454621601941,34.4750451310115,4.980647316980036,67.97698285963082,8.958004515143136,82.54489576310495,46.70392190983903,98.66535802248208,4.8452876244727605,7.197221553327715,69.08399129424252,66.72198191681751,50.02198316681674,12.575369696662808,71.5766118247812,62.406805046792726,55.955192033557076,14.546383489532232,47.76309417921085,40.77005705177881,90.68201225559667,60.71225087480763,93.42937443906627,32.27647718666867,53.05281815424341,3.704322619414435,79.29494489594381,89.2961762978044,38.485177244859116,39.45045542543606,54.415765019887694,79.59290866141335,,69.31328859160352,90.12265041835113,12.176678076064762,18.91948866517883,32.01947690764906,,85.63625002045391,77.57345289023297,52.10837181030672,94.0226391067633,42.86220390888551,25.16773992714485,54.652507296280305,35.41923160432749,38.4503580567557,38.46243355749082,24.89591863522138,69.55978371542368,95.26827295451677,41.06803084611336,55.522030925109746,46.20332639075247,66.85138884447026,93.19743808432109,77.69486544414079,21.02296897048045,71.59374704830026,20.417386943221526,29.639940817998212,10.6347730909914,53.62847477229329,62.05409527297374,48.696691725172826,37.82237157015468,55.812315322764846,65.52872832421906,30.388083815123856,69.208302481616,75.21389567177678,30.22272733341953,30.16786729495353,83.01544993054907,64.79750461940206,77.664662072736,70.67650042799262,89.45535609613039,75.67339268702975,60.233270060849506,81.21375953234981,56.79471178976283,50.21999147480989,52.32503049480919,59.58631525503277,52.425760274231806,32.922722249248146,10.500812288099649,47.47629445111004,49.43459868350711,36.585173027074845,44.16821990832184,64.26614708097883,27.396816026490555,45.819174974388396,45.11263852349735,7.365252441585046,43.92270239585542,42.95524225125749,25.337298008394036,19.394414375985015,64.59051529207045,32.40319283558577,43.396456812478746,47.12623010737212,25.72319348115768,84.07166015394482,44.415862426912646,11.669584814728607,74.62577540830573,12.527778850944726,81.54210574969697,44.40206146449799,21.131456167607965,48.6523961807701,14.522650599651977,94.25717154955574,28.781985494167007,53.362703042839364,37.23626137130599,42.918212030972704,79.92948674986383,48.47056460884098,63.678949253083196,71.64778063785093,1.5614467523390019,74.20164505809403,54.44316401285316,17.260303420608935,49.442896926697244,67.05583719286005,18.60983205319089,79.33965932877085,88.23885665031816,29.5816402140227,84.405296290442,93.14682232681285,23.493539785046945,60.270228359360445,82.26300889478385,83.94718036996656,47.32116092943649,,3.674377459341416,10.751937196802263,25.96147016163375,65.75105354637391,79.7925720143069,82.08350114126468,85.0882332516331,20.590137150682153,49.38086259792386,25.78312022755016,6.134613610434913,81.8378809288195,70.53985003418033,22.014952987919077,12.580639103186398,69.4377617747743,78.3115547513097,20.532767291593544,97.6430347000902,9.273450852761611,30.944830024199433,25.314504741407152,22.551652719743352,43.92023009533684,30.002178268740188,89.33560554857311,90.90890125160169,64.17578438792002,24.133165112558032,16.895462821106587,31.4786440542705,45.88390438011889,45.756593009343185,7.969167354667494,50.68319887358592,2.713056038745487,55.009248715342565,73.13246467927436,76.96638536689396,31.95220967460799,5.493366349387552,5.09636974847667,81.05997220317933,64.21868765323684,82.98950658567456,60.96517255070002,91.57926588053249,65.32460827631688,19.748504520908906,80.0267827428559,36.8306292266158,80.94305162371795,32.177800029414186,,59.77831284638177,61.88544795976152
2019-01-01,23.592535854992313,63.09418045708925,80.25791314490776,1.9209829673184409,25.30223455422401,49.60497553607589,4.2741275992348555,25.02800445901945,94.13638773618193,52.80184705111155,18.640255158128326,79.41362443567573,80.5679744554231,47.09575594305,9.83696210696351,55.64503876738054,11.505818595498841,21.845918950690734,58.08798233677675,95.2852927053248,27.353885433663194,56.80185220587843,39.44434533262552,4.443652379577967,64.51571894383754,9.115230793502171,75.94299663402906,44.826259656063186,98.07126083487518,4.384557626012797,7.054159754320077,62.01998918347618,63.28758339702332,43.43210924870772,12.526350258557406,70.36930597768225,67.51508264870317,53.698601265061875,12.88117133080673,47.21786005537242,36.16856379604278,88.56093494834798,58.33203829625111,93.61256645947904,34.25999258189692,52.78069158666439,3.5157008144674595,74.29313475977818,88.5885761149265,28.811235619023744,43.67665907970122,53.028114015515214,77.93071658763576,,64.7185105553506,90.10565940040749,16.057914559769603,16.64061854235048,27.806292436294775,,80.63384526595213,73.45558393568635,49.60173826724296,96.6024670583293,42.237928025675764,23.437271094435776,47.21218669533943,28.086030984364683,38.741729991573884,35.14246244000131,25.585497355522968,70.58560087454144,93.46004096867912,36.99782147508153,56.85941855050744,44.57365734292954,63.69505173131114,94.74816087472396,75.43966734833694,22.13508301693745,66.89898203536087,24.092140164599797,28.599188586938673,9.828635683830367,57.706677700201325,59.07472928512871,43.778689921330326,36.171677753601195,57.5365091666099,66.80577911263416,27.723937525075314,67.42129778510144,72.24673845871096,29.768860268602417,24.1683511062462,82.01663861846016,63.83311089614636,75.1243088441033,67.55331181632226,94.44670872342606,73.76416085161081,62.06445191843439,76.34965457249872,56.00924894615875,50.71877246432406,50.071154859552536,64.14773516497479,53.085019935205445,36.75963922549068,9.67555992680752,40.123262752218956,45.831875362127825,37.398880432116854,44.541634171309184,60.67570118443917,24.801384590469212,41.352999647285216,46.407020408498965,6.722563657550684,48.3033888679462,44.616796722098115,28.77220567952461,17.816367583180625,65.03072004455355,31.83914448093621,44.73145344701679,48.44619266527624,23.058840436222017,85.97741619497845,37.2082902249675,12.389382998066822,61.328200188244786,16.484243748891448,77.572060817736,46.16305765955448,18.47463217353784,44.6246850846716,15.286290860619612,95.10548611309592,28.111061631561775,51.184313908524516,30.29600973477389,38.73957673705885,75.44459685576082,40.107127839442946,64.17464004965663,70.68576961138854,1.4769101721435862,76.49270679329162,52.81586714075131,14.378721042793607,47.654219129522666,62.99954347909764,21.634531917858858,78.84045787197213,86.12325572345263,29.077683850062776,84.55639053569996,93.51579787281096,17.551497438665997,68.90313483918436,77.90540946503855,86.31435719559812,49.07248565936532,,2.709464019925445,9.675105116439331,26.578986198602415,63.05581223802066,69.08408205988788,81.77859885873866,79.61240611395202,17.726067166594326,45.29076978346643,26.611556384933554,5.8180874129251325,79.64493808537965,71.8955129733588,21.181780213389224,15.95529512333087,65.85206627070957,74.77043005615421,23.457248230667105,97.12858037009676,9.280373315395185,28.69181231962299,21.66581885061175,23.359836767791553,43.57828942719444,34.142962237446106,88.20796965235068,88.93329094661806,54.33446429185238,22.377371674785827,13.972108630743685,31.533182957732663,45.87984392289772,44.54235513599749,7.2702546939814265,47.60890264250018,2.0412246128774902,47.22302733684155,72.74122770508605,80.2955999578096,32.58831662950223,5.217917991633558,5.2492387630315935,80.03897443969812,62.395816855021,85.75681523876072,55.11252383846752,92.16550070407575,65.85632600731337,20.862191400990724,83.74117055487024,40.654760116651175,80.27028529097839,29.433599118352525,,55.85918733936921,54.90960788166244
2020-01-01,23.466887801656444,63.1580086815315,79.75351937306414,1.9068886000171203,20.96254273219089,50.62371395721428,4.244669071893625,24.896778735430015,94.01297746978457,56.846358451269396,18.535367212891163,79.23307694448309,81.33004921117362,47.44721790434331,9.77522299717658,56.59105629423913,11.712164136763237,21.656014548444347,58.276951656368794,96.16580746933155,27.21403376032654,56.468942530855436,39.26780156555652,4.413135201287066,64.66875338697862,9.05742720759669,73.79275385122628,45.582823073912174,98.53263488750204,4.354408845302327,7.007982543944513,59.12184259858473,64.58580295433106,45.91082511091713,12.450513246752937,71.98728551885878,67.13813538431003,52.974586248269674,12.803537872938175,45.77647973528344,36.80278504789567,88.47150821053783,58.12732861978003,90.00024280616294,36.27637855543407,51.30062919039342,3.491050315068933,72.92454217588681,86.07219101039477,28.66623678408704,43.49056186763845,46.72731242004725,79.42268685507085,,63.714517014105574,90.79914641591274,15.964816032489914,16.544800038048212,27.664821725379475,,86.72121106357672,73.8333619736132,48.11536203953038,96.32521051102707,45.37524065266748,23.312238036071665,46.04529850533512,28.242443273568043,40.42648107985954,37.05654484977177,25.452157835849643,72.26068225759234,94.88637821234676,36.82759176796957,54.67815918915158,45.92127493525656,60.427259822630376,92.30852479677083,74.0492878759252,21.214084483360583,68.68917508228878,23.96452873091972,28.45492636662169,9.76694159542445,57.58789754450571,57.86139948221067,43.710089293135425,36.00370893612224,57.33218308088293,65.54382398946166,27.58276011733589,74.2178852426166,69.97375581354378,29.620586961941154,24.04044225239428,82.62067024563221,63.87454283188963,71.98804423892898,69.70730642458697,95.32700696104503,72.7777033938257,61.420617351054354,76.14028263251018,56.31214950145689,48.68882033544819,48.01592967496043,59.65596400480935,52.884235693169266,36.59005471139566,9.614695099926674,42.00464777423084,45.11739073804322,37.803775542192874,44.35380255538832,57.06742841838308,23.509557972820115,43.27189639855338,47.84564511606756,6.678314090232684,49.26112152734233,44.180978380399615,28.62734211333484,17.71516728830361,66.12503767758386,34.22954967969167,44.543251284963794,46.21613006400666,22.93531592589517,86.52347535241407,36.01081216445996,12.314243291727745,63.36844955531367,16.389151718892435,78.49830566832598,42.18366273462616,18.3704800672958,44.693657020701096,14.834868337733532,94.32832615082923,27.968511001308006,50.985733742622116,30.896733482131133,37.34689520425532,72.58474564845505,39.9289724896855,63.18077997824687,66.3820510480058,1.465890056113528,78.51706186660964,52.61537050258396,14.293660795606922,47.46077560941496,62.895357887863625,21.516807889393284,79.796178210434,83.25269499139142,28.93176535722163,86.32355984763,95.51657760472531,17.451497232173264,67.44772413124409,76.42862523140776,81.45093784491992,49.14073454555129,,2.690066308712158,9.37662969503088,28.138239924315357,63.20577232330737,71.08341520725968,81.01962371840287,81.22932445078406,17.625275210531633,48.29025800466395,26.474402716329003,5.779182966737273,74.8893663589467,73.39660572399819,21.065940888238266,15.862679271674251,63.18193908657217,74.65207448900632,26.0824992656731,98.09699374370689,9.221663265096346,28.547227825348887,21.5479653131711,23.23511127880846,44.64191504258845,33.980818641376764,84.78309374466147,90.10777275729683,54.34573140816048,22.256598175319155,13.889040407226382,31.693902427692343,46.333202713708985,44.35452210580459,7.222830156662496,46.68341223703557,2.026309464011078,47.030301689777495,71.96209086143239,78.62460756698133,32.4308983442517,5.182634663233776,5.213764923489251,81.71350455311483,58.841243248430764,81.4859872544945,53.50636763920122,91.61667173639067,64.84916615989775,20.747694405761308,82.30436909690448,40.475305275682594,81.6713168247427,29.286462480593343,,55.12567034493707,55.39604721755058
2021-01-01,23.995133864101092,61.38864619119939,82.10982734012849,1.8986147983681922,24.670562810218076,51.929702357556806,3.9826738346913415,23.88661608083349,96.28864706450683,53.48554124854081,15.163748893568696,77.8414621064607,77.81673940176012,45.527457458243624,8.484532947070878,58.659574115711564,12.624386456255055,19.389885776140826,55.01840115618426,95.92197368199005,25.843834293574062,54.20374873137843,34.81822142639598,4.395211883396433,72.07674348599886,9.023458287965735,71.86838131659859,43.94276809998083,98.67452028673283,4.748659829027879,6.980852247119918,59.441112083575945,62.84936319705654,46.50691795283173,12.195748247552308,72.69212041795909,81.38969321355974,56.03835257293521,11.583487607426823,42.724390840342764,32.32716700307377,86.57352309338457,59.44963093599562,91.00369899067461,35.72613824448552,46.31154438770331,3.4765748360764737,69.40213301197302,87.8000877129058,28.766307826613357,45.886499576240446,43.16206714082838,82.80189520946409,,63.16950112614885,92.98039445638621,18.024349329183064,18.226562383528577,27.188594880979156,,86.62847346597923,76.82053142681514,54.557713936267874,96.80372911335549,50.48065834672848,23.23867107582487,50.660525197699016,33.75800145624708,47.95358437913071,39.375968200446465,25.373690822099014,73.95006309984295,96.04039873799971,38.97845493778919,55.97935450914411,46.39791069332866,61.347951877889884,92.82858665927455,71.43158005305983,20.103118382863528,72.24719029378168,21.091293556200196,30.22309080893789,9.27288195468481,53.9226045908697,53.857027047950346,47.924807989429716,28.835832458580235,56.57486050498577,58.8091501280027,27.60277116042652,71.55583442840327,64.8285074135362,29.767578752313838,25.902874174672142,85.98959831445964,57.19062048556363,76.17974212406067,68.94694803810671,95.85317684510983,74.52407789103432,62.16186769601022,78.57652464199832,57.73827591345149,46.9654272757278,46.83615821798909,58.715877766507596,45.323846086083655,37.836051333835655,8.892408117593309,47.3099838864883,44.80967715950036,32.27290690519915,45.159668184209046,50.82273217903568,22.538216371197183,41.343423372985825,48.79859472573255,6.652317377487482,43.36319779247901,40.05278623103153,26.3589256101494,16.012484137298344,72.79789065034035,34.01886405357981,41.62805898015357,43.14974638684965,22.86263865366418,85.83532770247317,33.76680545031856,12.440344002483316,61.9002587845704,19.602692006435817,85.77135039030482,42.77117526788229,13.888988436974593,49.09732729478854,15.912837429468052,92.33425480375439,27.88460767626062,53.18556341132186,34.52374522178279,36.59911693262017,71.2852706626975,39.82401830800579,69.8937583403908,67.65784318076014,1.4594217534414033,76.51242437671561,54.49528323083648,14.243649318176843,46.372397134346286,62.4111714779708,21.447550951840057,78.23333506571336,84.88924791028033,29.179115675076915,83.78223981637021,94.51471393563932,23.81937021728413,67.73561089754496,74.76710634720637,81.25228703846233,47.04207985968281,,2.6786771896495587,9.487280138916443,27.7783022064503,69.24855205751987,73.97569522724616,77.05361254774003,83.16126726035206,16.003787039788996,48.48561647984909,22.45569205910021,5.756329159260742,75.34287669677904,72.14660736349539,20.99779509976122,16.33176966041141,64.94022639117799,74.76102906269459,26.818493152117306,96.69502915766238,11.161664727921183,28.59880562605146,21.478632018680766,18.237701286500684,43.0361612616897,41.05910144713354,86.05334062170333,91.44923972534549,51.35130315172836,22.18554318835433,14.238447313277458,34.84771029724052,45.38741425884798,43.098667592174046,6.960565408663211,47.08729406865388,2.0175535682414703,46.38672440812234,74.26204669250859,75.48124919532121,32.139705438736975,4.209579695130927,4.751536232532616,84.72322418688513,58.17515601254799,80.32810109269019,55.88692442604051,87.12587985335335,62.671985926541,20.68033994804995,76.84352631500118,41.21522648281613,81.44778256179393,27.911746095861833,,55.50585357834472,50.24891222411754
2022-01-01,22.360725547456774,60.49521117013465,79.49584125858665,1.888097017119672,25.994706809473723,52.91501237488146,4.509829527617293,23.594716275750006,97.2541824013892,48.589137755951825,15.397032455238968,78.3870026600138,78.27754051418334,50.68907071260611,9.136488636860285,54.916214404882815,12.728900881713967,16.91784666289212,53.19833486931811,94.23161967006486,23.75154177750648,52.18783439466805,33.294063597779285,4.372417999390599,68.809870029063,10.047571189453263,70.58522945744676,46.002312397156764,98.99533187593907,4.840118267019089,6.225481483998885,58.94860676723079,64.527836296153,45.7030242653635,13.125649853476995,73.8837596590348,81.51005977180972,57.340020310161165,10.05563796333787,43.30141015352578,33.33440433564307,81.9417294149184,55.59847065866108,91.43409169832417,39.09766125207204,43.37173879625751,3.9947381100196133,71.13462465108917,89.95671486361022,32.043887299002115,44.491775529619495,44.14852488144133,81.33332944580748,,60.028606038567254,92.30844090018009,17.570986335037553,16.443802990349866,27.60784291281897,,85.99525268648416,75.15819207280829,53.06441636180461,95.45892953830639,51.461733423755994,23.144970208436167,50.18939420294895,37.98262818666802,47.99324397325455,40.21280236344773,23.966521785547833,74.02959028870151,95.53879965765567,40.26127971327584,58.32273292493626,49.09695394581052,66.82112674165307,92.36668696352999,69.16214155388796,20.906506066573836,74.53822008597102,22.68044879856952,28.96815967200448,9.228627175751692,53.261860616994895,53.32107275794422,49.114555979545074,27.525155037199124,58.00410023035483,56.24181844565976,25.30088906530581,77.63332588676097,63.009451287827446,30.65973914320622,31.278344902391108,81.64872233849184,58.2473611254001,74.6116868586526,68.03674668811503,93.92900322484338,74.52729511839529,58.828551758522416,83.16304768189589,60.37994337186963,48.504597300947594,46.69134810301932,61.98247835334247,41.05047345331725,35.95850565833907,8.233421909405758,47.75802824026828,42.14753303334082,32.69650124615227,42.63331592126989,49.064412014812895,19.31419512959922,36.5719492760562,51.045627636642955,6.61924750580023,42.29070971972695,42.101584417887736,29.75003232759299,16.468151094670414,73.36976278778653,34.95901449971805,39.57109087565889,44.974203888425414,22.112722841387257,84.17125109374204,35.189620536063245,13.34959116407366,63.50690046594276,21.822734090253316,86.58157079769963,44.305480392528466,12.660210949832118,49.79487973673293,14.585768189612235,94.58647442590956,21.59775500575628,57.31927656156854,35.649224153449296,37.21012552921928,73.57761517470158,39.69019922302909,65.90803098444198,64.02076097886902,1.4512000335011432,78.4985455481189,57.63755254770899,13.985799634680252,50.747765302878165,64.03801838647905,24.911450992754393,76.64164796512021,85.40795903424734,24.926424277142555,83.39238715344783,96.25264230585032,25.986566409010813,64.98545615736042,73.00039823844477,80.52390997020238,47.538464105130764,,2.6641969172191526,9.267501102997123,21.903760281830287,70.15666647286932,75.43479931714566,76.21800983705255,85.55853678139248,16.519711567952598,48.02668929142661,24.25803489790319,6.722382890438916,70.5045532119647,72.32811068152512,21.176639836878564,15.278176112318997,63.709319722632564,77.43156664175459,27.814561282505544,96.76042274640021,11.866640702331122,27.840463021435525,20.798974146678294,17.207994156601792,42.52570192496148,40.67799924184623,82.842464153885,88.26659147233855,50.58115248045867,21.256719856661388,14.723777171962404,38.24256287604197,44.67023009168843,42.622678254001165,6.859216592381722,45.83983009683927,2.006422650524131,42.941326343423114,78.81290213756789,76.3567874252379,30.37979728011706,4.124629687914483,4.475702825339156,83.6078425980276,54.0877462437207,82.3973286701289,55.655024920511885,89.92533796206817,62.149174930631816,19.52081654917438,76.1388404510567,45.16337854845599,78.93273794219856,23.801646787340104,,55.82547447265635,49.99314971310239
2023-01-01,19.71963283160236,67.24189978352973,77.06749085830667,1.0401397088719233,27.478593112384388,51.402130356620226,4.246211793130383,16.725034668271622,97.64469438612025,54.52867851818834,16.91662665044683,80.55080537231478,83.01382765107553,53.25903645349888,9.491573840905032,53.186291191187586,14.934546549378991,14.670422997839195,56.796606494734945,95.24608261821233,23.157335991575533,51.06161088053507,29.33325474531555,6.248878608579867,68.62304786165672,8.729103729188248,61.53854172250992,44.701786810466004,97.88691690161741,5.690517862346523,5.4274324940459024,57.514340358704445,64.2431432501446,46.592665275295055,13.328116995580075,72.79348098058982,78.72552578279507,57.49898068032373,8.982816797406512,48.62617631053588,31.648495271159184,81.20442336125164,54.4940629479185,92.90023332793015,41.066687783450604,41.681920150027764,3.0900938699540137,65.30116371817911,90.41177659603673,32.31616924255083,43.388621684673545,41.47359831228674,80.3485720130726,,62.90575204267186,87.38365299190636,20.232735273404757,15.789924443773062,31.92465924698773,,87.61685198874913,77.76982021937759,50.61337129217449,96.32667747670408,50.09160829092212,23.675926137321557,46.55043689486905,38.53138168454794,45.63689513931515,40.32817911080437,23.926864406329074,73.3069107758719,96.44817680448654,36.36048275841706,55.79184548415641,48.46482595242952,68.35953360172037,91.13116575392162,66.13469272223168,21.77115852358562,77.5006522447104,21.43070812701503,38.217588189259914,9.856330967306127,55.321787122945956,56.09469985397948,49.43754844056827,32.6324577795964,58.25317457856103,58.07181376328894,24.424578448157096,79.12122565124,64.06665771987174,33.07545975970265,33.80744798935413,83.68855661542233,62.83577379038825,73.10786333539471,67.68637579078262,92.86123015385662,75.2973806209546,64.45943477768834,86.31763390149989,57.773611469348566,54.71480172654621,48.38120488392329,63.04731764164715,43.58021367963345,34.61485553912508,8.485623446167068,47.30264856088886,40.71013649633359,35.76991972034651,45.239269970693954,48.92487423125146,21.059590076957747,42.29149950788644,53.31349412010731,5.969660974494517,42.42748568823676,43.886013615811216,33.79403279048452,15.826201518087634,73.67064272830433,37.939709618310545,44.18965945408957,47.116877789364096,26.079513370274743,84.64907449169328,41.68402835445819,13.213300148052387,63.18879725785658,21.443253561700747,87.16621568351592,45.769165424942216,13.994130701547181,54.41035433792993,13.525944616741514,91.42698807984128,25.886028739214908,56.99602993275643,41.761546633155746,40.49492520894608,71.44480163290876,43.967381236535516,64.779949170058,59.8746671575638,1.8094710990891882,80.36919915490999,55.919121434375874,11.657019245235878,50.62891132591483,72.22228950472362,19.24051127857703,77.25157791088753,81.72292875106254,23.906742216480414,78.67394675296791,97.03698870662015,29.415246229890734,65.31751787364935,76.03212027389922,82.28419311921171,48.61136200476355,,5.694231738602995,11.967276577897989,23.48891876328858,68.0399716532878,79.88049554523577,78.19530674188756,83.21942221577599,14.729689654353429,46.76987452744149,22.290490761695803,11.216001151787946,73.93802781476535,74.83610147229496,23.378146189622107,17.98803879639642,60.760777317325434,81.95736891377292,29.663047046713565,97.19882809072385,11.787103502655661,21.479675260110632,22.189126476256217,19.173776814646672,43.34802046129398,40.87993740857008,82.15356880255794,85.03135301997125,49.24109690010967,21.000405735454887,16.89625000376531,41.79479940894322,47.22853928663122,41.85306456505259,6.453467555035452,49.97523896321978,2.3448281908634794,45.43691066847174,79.39261928760482,78.95575118312179,30.92502611132726,4.386486988911087,4.696512975122047,85.10780788260308,53.143024423890736,84.2403410850473,58.4667589873207,93.03605474320673,66.8434422126976,18.044509933503395,81.33995145830875,44.762899575467976,77.22047701621193,25.680490117904032,,58.26875138272125,52.1546433662353
2024-01-01,22.082564889403123,68.67569133399967,76.1549836173665,1.0990331839922818,26.120202145994508,58.60678270666884,4.09641721475329,13.970267777453882,97.62220948018492,52.221414508595274,15.520435594185699,78.22307385433507,86.4516376799334,45.1684495738858,9.203648235665119,51.67210273794303,13.592482428307651,16.105759031020106,54.105745277116,91.71322179019097,20.55037991919719,55.231441921260306,24.290334964815862,6.128730629907942,66.53722271700511,11.258993388006777,59.93601388393355,44.460746729404136,97.15587802489154,5.712917639930637,7.325779778839758,54.56943844156843,62.59546843823629,43.699100419752554,14.027879085923956,69.52193373405986,79.93976803797648,56.13803481838553,9.01642045116705,44.50349647574142,32.47219455655408,79.30527206809982,48.05819702721475,95.02433922012511,46.81390276863565,34.903031031099815,2.7289495564715605,68.70877080386649,88.45841372446647,33.1735975253443,41.43364854446796,38.62484734221088,79.10277848814148,,63.99479756649369,88.31447780766375,22.254038507780095,14.106886650000005,37.58919503736438,,88.96185217907548,75.72995562665533,44.56234396692575,96.16821650187053,51.309913611330174,23.27833014135804,46.576010683140424,34.459083003668624,40.78459017666819,41.33095156456481,25.08410572693891,65.97155926490024,95.5718916738811,34.119925987228974,52.8667326855992,48.620873394036835,72.29315987812248,93.69583186418478,58.513793076949064,21.714701001899172,83.8548004988741,23.15552928749839,37.433029594002186,8.004829714518868,55.62162305439464,60.09185586542982,45.69376295886759,32.25522575906774,58.50527969016801,59.79295692465625,28.142908922931188,76.2144880453013,66.14601833450959,30.196824629317696,36.129745626824985,79.82810676269234,62.792727417260366,67.85035401548359,69.00562692149123,91.59043611743616,71.16310808868916,60.86114832813006,88.61770990106153,64.97966894751193,48.13312302571081,48.41094767410624,63.911944531536435,40.78932107234361,37.61114021123739,10.186367980928834,42.31942769187371,39.79818415718006,35.39490396869177,40.120002068777815,49.33709161420482,19.267721144299166,41.025016055026974,50.03009025140679,4.905682612231066,43.479931219005444,42.546965379603954,30.49312595918947,15.609248724294854,73.02349245801092,36.77283225992709,43.02834572800703,45.95676869120543,25.872298043896215,84.02102063080058,42.16830791502064,10.797458793443749,61.75384982900418,19.25269620370881,90.00940289785312,49.51337265903655,13.66810508443348,48.71277022674776,13.197327570926864,91.7463157565504,26.25244012039869,61.924285526207036,43.33089803913772,44.50553222462874,68.89051993036726,48.74146184864999,66.14369282835824,64.57075289871479,2.2386885548475455,82.70644546986182,54.56499220169266,10.782716207633358,49.77612210649739,68.26897566387812,17.202644189159667,79.22419254424194,79.38833586946848,24.805519946142507,77.86079098075685,95.89660542597697,27.50272641373317,57.547703125299286,77.00209885529324,81.3163458547752,47.56897841598996,,5.3518344807123475,13.24765696630168,23.28149352820703,60.924932545362445,78.04535978898569,80.29674145179342,83.78635507257157,14.428348857297346,44.03181293518291,20.415359133529833,12.51472939606576,76.04037115602833,75.36343327673258,20.27067205798171,18.656271425583338,67.4393565550071,79.54511109490865,28.166599428706107,97.95696178283266,11.477842045326947,19.81841052833577,21.22818738959298,21.23951260992376,47.43598789572636,43.18307870468193,84.53366096190788,84.75467946057923,49.59133022549739,20.502417747549305,16.88170475193511,39.86160679024007,49.15686205978644,43.19452405347515,7.4312742292276575,47.94060999366708,2.4854683735062277,42.550438966210145,71.36893643198528,78.84958182610823,29.975196500229128,3.9372229991890606,4.306825992696184,82.44384439736847,52.0417956276791,82.51572305612596,60.625041782435886,92.74589926287405,67.10080385287911,14.042926832435132,80.5684869978987,40.24134665679318,78.07580500219198,27.270642009373212,,56.91444915826027,52.02238073649548
2025-01-01,20.570198220975644,69.63505483342027,78.15651273560094,1.0970332249091386,28.42975890477023,56.07004159587265,4.09810367366542,14.12975213858818,97.97221690952568,46.87721361002231,16.331316910310868,80.43263833975759,84.07414365141435,42.923449656060654,7.142709682223181,48.473529108518555,15.137834001092877,15.034141467201344,54.9900498634194,90.91330795686605,20.10874757955785,53.817445581377335,23.045517139045003,6.265636033716704,67.45159970505148,11.432829380674326,64.32556956040962,40.339778837692855,96.30416635250015,7.781136700997715,6.11020645561352,50.91766648578682,66.52884949541209,43.01056873653268,14.293189527527606,68.76110881003909,82.01931264264223,61.067956488530605,9.255069197652821,38.95565275337531,29.8466944560415,79.03521583865022,46.93498103391692,95.52580705106604,46.458089854672814,36.01185780242113,2.72426982841939,67.40150790947419,88.96622485199603,29.84228069974919,52.49582239933628,43.3176221810278,77.23645182730114,,69.26898064368532,88.89605898187595,21.047194867604112,13.324335073522132,40.883092379688705,,89.78188929632879,70.9006440414131,39.52807249654479,96.63292668137757,45.36732726741898,23.248546124535217,45.95872129430071,33.43640253441639,42.057370834874106,48.68889624515855,18.463789988656753,62.422812419794525,95.49302491804148,34.08113708947405,52.529089209865695,54.57800615960606,71.7801508007274,92.79636141386965,66.04415752145651,21.612622644164638,82.00191470039927,25.255183551564286,38.00795858407147,7.992464517018682,55.405655469197754,59.16965061289441,42.25610349886444,33.64306814249378,59.032923613954026,56.6576022336666,28.817392195548496,73.79929541642963,68.36366091593611,26.869414693890413,37.439491718424314,78.85346488216538,61.21789613983735,71.13364796190871,70.41622589904742,88.607465971712,72.1133215830367,57.790332785802235,88.37334475039854,69.43142325067548,49.71511521960609,45.71408501524302,70.17369463783862,40.70397036262894,40.42300315532095,9.934756759497244,43.48753581480212,38.93853152236543,36.94878339308627,41.02347276276541,50.06703618197905,17.594740920858033,42.50829112523338,48.48665378537683,4.999312789216748,46.908559628323765,42.770404950726935,32.83122425146362,13.545193829224678,73.84889637267324,36.698547365395086,40.13472670631331,43.095760446404796,26.588363456490384,83.11896263740314,35.962128914024106,10.781439828269445,53.96141701992319,19.102946917232465,89.08697773914412,47.94658664916748,13.753052753213169,45.517646821635275,14.004280964579085,92.84961458306788,28.445519613269354,65.24238654796393,39.11338093572986,49.16808383148917,73.56773603625963,44.83881978705874,65.16630697291275,67.55843282542769,2.234793109622457,90.52417483387427,52.92098300235632,10.601561510559609,52.55710058580212,69.6566458355554,17.69554279272154,82.87019765873028,77.9108377183529,26.185459790579557,77.86757035946295,95.54903447469682,27.946657496873183,53.64901670833855,73.71286564862392,82.77684075839545,44.28303787933022,,5.343185376759896,11.807667166069225,23.876231456084597,62.995671535779316,80.12570522435945,85.43403915373095,79.45148114705204,11.622799507215586,47.09028689702546,22.50868744691613,13.202617759987545,72.84059953525473,73.9635002636344,19.418875994840278,21.078328918768495,66.85334555042064,80.20955356707387,27.171189964488953,98.04746477400408,12.544033497709172,16.483991418581944,18.784396564936845,24.817532701433198,44.78098998427584,48.75386791616828,78.9424787701664,89.11163748015414,52.75706862563043,19.1503257375616,14.647508942510123,37.917716072042836,46.10618076361818,42.62035882817469,8.237655941877675,45.19218212610795,2.4811761406713595,43.75650522094916,73.92374866078998,83.2797122378161,29.581965154516322,3.932528693911652,4.251810922376009,80.007041261672,51.8676666982246,80.44469419349748,59.59848520623472,91.1487099952627,70.49394459312389,15.570333378055656,78.58884761970248,37.32061182361412,78.30555615180619,32.27642685428791,,53.794105955817614,50.50539768052913
2026-01-01,18.50714847842013,67.94950164722144,78.61699162444782,1.0323071684740337,27.923734751571228,56.157406686453946,4.090776521489969,13.948350374781459,97.60501199597398,45.81951241573724,17.18654923161371,81.21171398417948,83.41593604378869,42.88979266356853,6.601295543544516,47.88895335568364,14.979570192494629,14.93970144073591,55.88264696275962,92.48870803358784,18.991202951502405,52.22739431598984,23.837333665038997,6.004624289771177,64.24772820032216,11.772436123039231,65.49768870260337,38.69248727864536,96.18252361543928,8.469016942322472,6.022319935033904,52.03243525350831,64.27283173730748,41.8807900694806,14.832223533266164,68.82440309893522,80.668277539354,64.1314824432861,8.819954434474697,38.078027305202646,29.52503402060135,77.79746801023558,47.27752411179842,94.75758247256299,45.85634391977392,35.648955089546085,2.682131309586344,65.53308982396815,87.51407626898988,30.34700831891577,49.577819987752946,43.37318619728914,72.96329793311094,,71.94128063139293,89.10719298977446,20.797682551593223,13.242362622754777,39.66994439408942,,87.64338771198699,75.95388507955997,40.18381219687337,96.11066267575612,44.8979863094807,22.979504535093376,45.232892903114234,33.08979577114302,41.730861993998644,48.26983416659457,18.09422757319585,62.74146020522342,96.9615592886835,33.73032473955673,51.42616684674617,53.83705418077602,71.56368027650133,92.45238351607425,68.14252957002527,22.16531028673692,81.20970695535877,23.194627136504554,37.63335536450229,7.252822288748339,52.34123858297109,57.42358804614882,41.21742674265396,33.42532117291426,59.6046667210703,56.62701434915325,27.969807123308254,73.57734773259136,67.40498198342088,26.558266310476796,38.12567509917748,79.93623793101672,58.02270938328506,71.85578883934636,70.5067978001031,88.41644386309734,76.3322993496919,55.71558578685267,89.6276620812692,67.78491787648784,50.13806313187352,46.013013535787174,70.78830856568317,40.48805046520734,39.25875836034377,9.80007420765916,42.63610844117218,38.55875370935836,36.69737795480721,41.2087598289164,49.167265588126554,16.841455669966443,41.810531752043815,48.653147393854454,4.8113521413348685,46.7650453696817,41.78278884879818,32.48864139355065,12.243578929361899,72.92020968260577,37.17816507193391,38.5393947030557,43.83329426759837,26.291588377524022,88.47710471006593,35.57009707378383,10.286498516022602,54.36631107571384,18.87152558517483,90.90460194962525,45.481687921018995,14.12166824270873,44.41914793429815,13.824213805538188,92.92814782294289,28.757422019673495,61.83466007861264,38.93336781774897,47.68584529083936,78.1541805450027,44.430466981303084,62.948933999657555,67.0622681145926,2.1997224339421195,90.26376001612812,51.64032013380091,12.91446460147877,51.93259911932393,68.40049104558173,17.477720933637464,82.3534298122521,76.70537126854889,26.949414850925624,76.74740848868211,95.59032776481737,26.63696558256422,51.37345163377211,73.22407421363101,82.3211208317222,46.32332068270254,,5.2652530815708865,11.793674370742323,23.601804329599354,62.32702020648624,78.89879920776474,84.83361459746754,77.17100680774448,11.468783696210627,46.3587072765045,22.66569117930959,13.50085082737521,70.84518552140253,73.05657757016138,17.364792785499816,20.828533380777504,66.14762182533147,78.67981676117638,26.86980670521233,98.01073893606372,12.379775351078859,16.57544753745912,17.772497351630335,23.43772686785236,44.43403145792971,48.462642096970946,79.64110166251535,89.72987657062302,51.625752133611805,18.918454015711404,14.460638986851626,37.53143717593935,45.388812443142626,42.257654560346424,8.123194177292447,47.202075029375465,2.4425298779030657,42.32355460060803,68.20684909674871,83.11428787411765,29.262246947368542,3.8734948289394944,4.545893120241051,78.91266248828134,51.435266801413285,79.36430040992846,59.1534037395151,89.40989283181435,65.99432724086591,15.512828216406671,78.75901073550251,37.216166514634416,76.52547626413615,31.937597759335333,,52.866434096405904,51.25152424303674
